2026-04-27 16:30:37,880 | INFO | application started
2026-04-27 16:31:25,502 | INFO | application stopped by user
2026-04-27 16:31:28,999 | INFO | application started
2026-04-27 16:32:01,357 | INFO | application started
2026-04-27 16:32:15,295 | INFO | application stopped by user
2026-04-27 16:33:26,471 | INFO | application started
2026-04-28 09:44:56,133 | INFO | application started
2026-04-28 09:44:56,187 | INFO | account balance loaded
2026-04-28 09:44:56,215 | INFO | signal generated
2026-04-28 09:45:01,270 | INFO | account balance loaded
2026-04-28 09:45:01,279 | INFO | signal generated
2026-04-28 09:45:06,431 | INFO | account balance loaded
2026-04-28 09:45:06,440 | INFO | signal generated
2026-04-28 09:45:11,471 | INFO | account balance loaded
2026-04-28 09:45:11,483 | INFO | signal generated
2026-04-28 09:45:16,589 | INFO | account balance loaded
2026-04-28 09:45:16,599 | INFO | signal generated
2026-04-28 09:45:21,668 | INFO | account balance loaded
2026-04-28 09:45:21,679 | INFO | signal generated
2026-04-28 09:45:26,716 | INFO | account balance loaded
2026-04-28 09:45:26,724 | INFO | signal generated
2026-04-28 09:45:31,778 | INFO | account balance loaded
2026-04-28 09:45:31,788 | INFO | signal generated
2026-04-28 09:45:36,857 | INFO | account balance loaded
2026-04-28 09:45:36,866 | INFO | signal generated
2026-04-28 09:45:41,973 | INFO | account balance loaded
2026-04-28 09:45:41,982 | INFO | signal generated
2026-04-28 09:45:47,035 | INFO | account balance loaded
2026-04-28 09:45:47,044 | INFO | signal generated
2026-04-28 09:45:52,084 | INFO | account balance loaded
2026-04-28 09:45:52,093 | INFO | signal generated
2026-04-28 09:45:57,138 | INFO | account balance loaded
2026-04-28 09:45:57,148 | INFO | signal generated
2026-04-28 09:46:02,182 | INFO | account balance loaded
2026-04-28 09:46:02,198 | INFO | signal generated
2026-04-28 09:46:07,227 | INFO | account balance loaded
2026-04-28 09:46:07,238 | INFO | signal generated
2026-04-28 09:46:12,290 | INFO | account balance loaded
2026-04-28 09:46:12,299 | INFO | signal generated
2026-04-28 09:46:17,362 | INFO | account balance loaded
2026-04-28 09:46:17,371 | INFO | signal generated
2026-04-28 09:46:22,410 | INFO | account balance loaded
2026-04-28 09:46:22,419 | INFO | signal generated
2026-04-28 09:46:27,454 | INFO | account balance loaded
2026-04-28 09:46:27,464 | INFO | signal generated
2026-04-28 09:46:32,539 | INFO | account balance loaded
2026-04-28 09:46:32,549 | INFO | signal generated
2026-04-28 09:46:37,663 | INFO | account balance loaded
2026-04-28 09:46:37,672 | INFO | signal generated
2026-04-28 09:46:42,798 | INFO | account balance loaded
2026-04-28 09:46:42,807 | INFO | signal generated
2026-04-28 09:46:47,845 | INFO | account balance loaded
2026-04-28 09:46:47,855 | INFO | signal generated
2026-04-28 09:46:52,896 | INFO | account balance loaded
2026-04-28 09:46:52,906 | INFO | signal generated
2026-04-28 09:46:57,938 | INFO | account balance loaded
2026-04-28 09:46:57,950 | INFO | signal generated
2026-04-28 09:47:03,061 | INFO | account balance loaded
2026-04-28 09:47:03,070 | INFO | signal generated
2026-04-28 09:47:08,192 | INFO | account balance loaded
2026-04-28 09:47:08,201 | INFO | signal generated
2026-04-28 09:47:13,238 | INFO | account balance loaded
2026-04-28 09:47:13,246 | INFO | signal generated
2026-04-28 09:47:18,295 | INFO | account balance loaded
2026-04-28 09:47:18,306 | INFO | signal generated
2026-04-28 09:47:23,364 | INFO | account balance loaded
2026-04-28 09:47:23,374 | INFO | signal generated
2026-04-28 09:47:28,403 | INFO | account balance loaded
2026-04-28 09:47:28,413 | INFO | signal generated
2026-04-28 09:47:33,463 | INFO | account balance loaded
2026-04-28 09:47:33,471 | INFO | signal generated
2026-04-28 09:47:38,521 | INFO | account balance loaded
2026-04-28 09:47:38,558 | INFO | signal generated
2026-04-28 09:47:43,597 | INFO | account balance loaded
2026-04-28 09:47:43,662 | INFO | signal generated
2026-04-28 09:47:48,690 | INFO | account balance loaded
2026-04-28 09:47:48,698 | INFO | signal generated
2026-04-28 09:47:53,728 | INFO | account balance loaded
2026-04-28 09:47:53,740 | INFO | signal generated
2026-04-28 09:47:58,795 | INFO | account balance loaded
2026-04-28 09:47:58,805 | INFO | signal generated
2026-04-28 09:48:03,869 | INFO | account balance loaded
2026-04-28 09:48:03,885 | INFO | signal generated
2026-04-28 09:48:08,972 | INFO | account balance loaded
2026-04-28 09:48:08,982 | INFO | signal generated
2026-04-28 09:48:14,032 | INFO | account balance loaded
2026-04-28 09:48:14,043 | INFO | signal generated
2026-04-28 09:48:19,103 | INFO | account balance loaded
2026-04-28 09:48:19,112 | INFO | signal generated
2026-04-28 09:48:24,142 | INFO | account balance loaded
2026-04-28 09:48:24,150 | INFO | signal generated
2026-04-28 09:48:29,181 | INFO | account balance loaded
2026-04-28 09:48:29,193 | INFO | signal generated
2026-04-28 09:48:34,282 | INFO | account balance loaded
2026-04-28 09:48:34,291 | INFO | signal generated
2026-04-28 09:48:39,343 | INFO | account balance loaded
2026-04-28 09:48:39,352 | INFO | signal generated
2026-04-28 09:48:44,412 | INFO | account balance loaded
2026-04-28 09:48:44,420 | INFO | signal generated
2026-04-28 09:48:49,521 | INFO | account balance loaded
2026-04-28 09:48:49,531 | INFO | signal generated
2026-04-28 09:48:54,643 | INFO | account balance loaded
2026-04-28 09:48:54,660 | INFO | signal generated
2026-04-28 09:48:59,688 | INFO | account balance loaded
2026-04-28 09:48:59,696 | INFO | signal generated
2026-04-28 09:49:04,725 | INFO | account balance loaded
2026-04-28 09:49:04,734 | INFO | signal generated
2026-04-28 09:49:09,799 | INFO | account balance loaded
2026-04-28 09:49:09,811 | INFO | signal generated
2026-04-28 09:49:14,885 | INFO | account balance loaded
2026-04-28 09:49:14,897 | INFO | signal generated
2026-04-28 09:49:19,927 | INFO | account balance loaded
2026-04-28 09:49:19,935 | INFO | signal generated
2026-04-28 09:49:24,980 | INFO | account balance loaded
2026-04-28 09:49:24,989 | INFO | signal generated
2026-04-28 09:49:30,022 | INFO | account balance loaded
2026-04-28 09:49:30,031 | INFO | signal generated
2026-04-28 09:49:35,086 | INFO | account balance loaded
2026-04-28 09:49:35,094 | INFO | signal generated
2026-04-28 09:49:40,153 | INFO | account balance loaded
2026-04-28 09:49:40,162 | INFO | signal generated
2026-04-28 09:49:45,217 | INFO | account balance loaded
2026-04-28 09:49:45,227 | INFO | signal generated
2026-04-28 09:49:50,349 | INFO | account balance loaded
2026-04-28 09:49:50,384 | INFO | signal generated
2026-04-28 09:49:55,415 | INFO | account balance loaded
2026-04-28 09:49:55,427 | INFO | signal generated
2026-04-28 09:50:00,462 | INFO | account balance loaded
2026-04-28 09:50:00,471 | INFO | signal generated
2026-04-28 09:50:05,537 | INFO | account balance loaded
2026-04-28 09:50:05,550 | INFO | signal generated
2026-04-28 09:50:10,619 | INFO | account balance loaded
2026-04-28 09:50:10,628 | INFO | signal generated
2026-04-28 09:50:15,772 | INFO | account balance loaded
2026-04-28 09:50:15,785 | INFO | signal generated
2026-04-28 09:50:20,850 | INFO | account balance loaded
2026-04-28 09:50:20,861 | INFO | signal generated
2026-04-28 09:50:25,889 | INFO | account balance loaded
2026-04-28 09:50:25,900 | INFO | signal generated
2026-04-28 09:50:30,972 | INFO | account balance loaded
2026-04-28 09:50:30,981 | INFO | signal generated
2026-04-28 09:50:36,034 | INFO | account balance loaded
2026-04-28 09:50:36,043 | INFO | signal generated
2026-04-28 09:50:41,079 | INFO | account balance loaded
2026-04-28 09:50:41,091 | INFO | signal generated
2026-04-28 09:50:46,135 | INFO | account balance loaded
2026-04-28 09:50:46,144 | INFO | signal generated
2026-04-28 09:50:51,173 | INFO | account balance loaded
2026-04-28 09:50:51,247 | INFO | signal generated
2026-04-28 09:50:56,304 | INFO | account balance loaded
2026-04-28 09:50:56,314 | INFO | signal generated
2026-04-28 09:51:01,414 | INFO | account balance loaded
2026-04-28 09:51:01,424 | INFO | signal generated
2026-04-28 09:51:06,475 | INFO | account balance loaded
2026-04-28 09:51:06,484 | INFO | signal generated
2026-04-28 09:51:11,522 | INFO | account balance loaded
2026-04-28 09:51:11,532 | INFO | signal generated
2026-04-28 09:51:16,641 | INFO | account balance loaded
2026-04-28 09:51:16,650 | INFO | signal generated
2026-04-28 09:51:21,988 | INFO | account balance loaded
2026-04-28 09:51:22,016 | INFO | signal generated
2026-04-28 09:51:27,045 | INFO | account balance loaded
2026-04-28 09:51:27,055 | INFO | signal generated
2026-04-28 09:51:32,108 | INFO | account balance loaded
2026-04-28 09:51:32,119 | INFO | signal generated
2026-04-28 09:51:37,219 | INFO | account balance loaded
2026-04-28 09:51:37,230 | INFO | signal generated
2026-04-28 09:51:42,292 | INFO | account balance loaded
2026-04-28 09:51:42,301 | INFO | signal generated
2026-04-28 09:51:47,345 | INFO | account balance loaded
2026-04-28 09:51:47,354 | INFO | signal generated
2026-04-28 09:51:52,383 | INFO | account balance loaded
2026-04-28 09:51:52,395 | INFO | signal generated
2026-04-28 09:51:57,433 | INFO | account balance loaded
2026-04-28 09:51:57,443 | INFO | signal generated
2026-04-28 09:52:02,512 | INFO | account balance loaded
2026-04-28 09:52:02,522 | INFO | signal generated
2026-04-28 09:52:07,629 | INFO | account balance loaded
2026-04-28 09:52:07,639 | INFO | signal generated
2026-04-28 09:52:12,699 | INFO | account balance loaded
2026-04-28 09:52:12,713 | INFO | signal generated
2026-04-28 09:52:17,782 | INFO | account balance loaded
2026-04-28 09:52:17,792 | INFO | signal generated
2026-04-28 09:52:22,894 | INFO | account balance loaded
2026-04-28 09:52:22,911 | INFO | signal generated
2026-04-28 09:52:27,955 | INFO | account balance loaded
2026-04-28 09:52:27,972 | INFO | signal generated
2026-04-28 09:52:33,026 | INFO | account balance loaded
2026-04-28 09:52:33,036 | INFO | signal generated
2026-04-28 09:52:38,070 | INFO | account balance loaded
2026-04-28 09:52:38,081 | INFO | signal generated
2026-04-28 09:52:43,148 | INFO | account balance loaded
2026-04-28 09:52:43,158 | INFO | signal generated
2026-04-28 09:52:48,207 | INFO | account balance loaded
2026-04-28 09:52:48,216 | INFO | signal generated
2026-04-28 09:52:53,249 | INFO | account balance loaded
2026-04-28 09:52:53,258 | INFO | signal generated
2026-04-28 09:52:58,287 | INFO | account balance loaded
2026-04-28 09:52:58,297 | INFO | signal generated
2026-04-28 09:53:03,328 | INFO | account balance loaded
2026-04-28 09:53:03,340 | INFO | signal generated
2026-04-28 09:53:08,378 | INFO | account balance loaded
2026-04-28 09:53:08,390 | INFO | signal generated
2026-04-28 09:53:13,436 | INFO | account balance loaded
2026-04-28 09:53:13,445 | INFO | signal generated
2026-04-28 09:53:18,511 | INFO | account balance loaded
2026-04-28 09:53:18,519 | INFO | signal generated
2026-04-28 09:53:23,550 | INFO | account balance loaded
2026-04-28 09:53:23,558 | INFO | signal generated
2026-04-28 09:53:28,611 | INFO | account balance loaded
2026-04-28 09:53:28,620 | INFO | signal generated
2026-04-28 09:53:33,646 | INFO | account balance loaded
2026-04-28 09:53:33,656 | INFO | signal generated
2026-04-28 09:53:38,702 | INFO | account balance loaded
2026-04-28 09:53:38,720 | INFO | signal generated
2026-04-28 09:53:43,753 | INFO | account balance loaded
2026-04-28 09:53:43,762 | INFO | signal generated
2026-04-28 09:53:48,825 | INFO | account balance loaded
2026-04-28 09:53:48,837 | INFO | signal generated
2026-04-28 09:53:53,915 | INFO | account balance loaded
2026-04-28 09:53:53,925 | INFO | signal generated
2026-04-28 09:53:58,972 | INFO | account balance loaded
2026-04-28 09:53:58,981 | INFO | signal generated
2026-04-28 09:54:04,019 | INFO | account balance loaded
2026-04-28 09:54:04,028 | INFO | signal generated
2026-04-28 09:54:09,078 | INFO | account balance loaded
2026-04-28 09:54:09,087 | INFO | signal generated
2026-04-28 09:54:14,117 | INFO | account balance loaded
2026-04-28 09:54:14,127 | INFO | signal generated
2026-04-28 09:54:19,183 | INFO | account balance loaded
2026-04-28 09:54:19,196 | INFO | signal generated
2026-04-28 09:54:24,239 | INFO | account balance loaded
2026-04-28 09:54:24,249 | INFO | signal generated
2026-04-28 09:54:29,299 | INFO | account balance loaded
2026-04-28 09:54:29,309 | INFO | signal generated
2026-04-28 09:54:34,340 | INFO | account balance loaded
2026-04-28 09:54:34,348 | INFO | signal generated
2026-04-28 09:54:39,374 | INFO | account balance loaded
2026-04-28 09:54:39,383 | INFO | signal generated
2026-04-28 09:54:44,420 | INFO | account balance loaded
2026-04-28 09:54:44,429 | INFO | signal generated
2026-04-28 09:54:49,511 | INFO | account balance loaded
2026-04-28 09:54:49,519 | INFO | signal generated
2026-04-28 09:54:54,556 | INFO | account balance loaded
2026-04-28 09:54:54,565 | INFO | signal generated
2026-04-28 09:54:59,640 | INFO | account balance loaded
2026-04-28 09:54:59,650 | INFO | signal generated
2026-04-28 09:55:04,678 | INFO | account balance loaded
2026-04-28 09:55:04,690 | INFO | signal generated
2026-04-28 09:55:09,719 | INFO | account balance loaded
2026-04-28 09:55:09,728 | INFO | signal generated
2026-04-28 09:55:14,765 | INFO | account balance loaded
2026-04-28 09:55:14,774 | INFO | signal generated
2026-04-28 09:55:19,824 | INFO | account balance loaded
2026-04-28 09:55:19,832 | INFO | signal generated
2026-04-28 09:55:24,870 | INFO | account balance loaded
2026-04-28 09:55:24,883 | INFO | signal generated
2026-04-28 09:55:29,932 | INFO | account balance loaded
2026-04-28 09:55:29,941 | INFO | signal generated
2026-04-28 09:55:34,993 | INFO | account balance loaded
2026-04-28 09:55:35,002 | INFO | signal generated
2026-04-28 09:55:40,037 | INFO | account balance loaded
2026-04-28 09:55:40,046 | INFO | signal generated
2026-04-28 09:55:45,078 | INFO | account balance loaded
2026-04-28 09:55:45,088 | INFO | signal generated
2026-04-28 09:55:50,155 | INFO | account balance loaded
2026-04-28 09:55:50,164 | INFO | signal generated
2026-04-28 09:55:55,235 | INFO | account balance loaded
2026-04-28 09:55:55,244 | INFO | signal generated
2026-04-28 09:56:00,284 | INFO | account balance loaded
2026-04-28 09:56:00,300 | INFO | signal generated
2026-04-28 09:56:05,331 | INFO | account balance loaded
2026-04-28 09:56:05,376 | INFO | signal generated
2026-04-28 09:56:10,416 | INFO | account balance loaded
2026-04-28 09:56:10,435 | INFO | signal generated
2026-04-28 09:56:15,518 | INFO | account balance loaded
2026-04-28 09:56:15,527 | INFO | signal generated
2026-04-28 09:56:20,591 | INFO | account balance loaded
2026-04-28 09:56:20,605 | INFO | signal generated
2026-04-28 09:56:25,633 | INFO | account balance loaded
2026-04-28 09:56:25,642 | INFO | signal generated
2026-04-28 09:56:30,703 | INFO | account balance loaded
2026-04-28 09:56:30,713 | INFO | signal generated
2026-04-28 09:56:35,742 | INFO | account balance loaded
2026-04-28 09:56:35,751 | INFO | signal generated
2026-04-28 09:56:40,803 | INFO | account balance loaded
2026-04-28 09:56:40,812 | INFO | signal generated
2026-04-28 09:56:45,843 | INFO | account balance loaded
2026-04-28 09:56:45,852 | INFO | signal generated
2026-04-28 09:56:50,905 | INFO | account balance loaded
2026-04-28 09:56:50,915 | INFO | signal generated
2026-04-28 09:56:55,954 | INFO | account balance loaded
2026-04-28 09:56:55,964 | INFO | signal generated
2026-04-28 09:57:01,016 | INFO | account balance loaded
2026-04-28 09:57:01,025 | INFO | signal generated
2026-04-28 09:57:06,079 | INFO | account balance loaded
2026-04-28 09:57:06,090 | INFO | signal generated
2026-04-28 09:57:11,187 | INFO | account balance loaded
2026-04-28 09:57:11,210 | INFO | signal generated
2026-04-28 09:57:16,295 | INFO | account balance loaded
2026-04-28 09:57:16,315 | INFO | signal generated
2026-04-28 09:57:21,361 | INFO | account balance loaded
2026-04-28 09:57:21,370 | INFO | signal generated
2026-04-28 09:57:26,410 | INFO | account balance loaded
2026-04-28 09:57:26,418 | INFO | signal generated
2026-04-28 09:57:31,504 | INFO | account balance loaded
2026-04-28 09:57:31,514 | INFO | signal generated
2026-04-28 09:57:36,543 | INFO | account balance loaded
2026-04-28 09:57:36,552 | INFO | signal generated
2026-04-28 09:57:41,599 | INFO | account balance loaded
2026-04-28 09:57:41,610 | INFO | signal generated
2026-04-28 09:57:46,640 | INFO | account balance loaded
2026-04-28 09:57:46,676 | INFO | signal generated
2026-04-28 09:57:51,742 | INFO | account balance loaded
2026-04-28 09:57:51,755 | INFO | signal generated
2026-04-28 09:57:56,807 | INFO | account balance loaded
2026-04-28 09:57:56,818 | INFO | signal generated
2026-04-28 09:58:01,910 | INFO | account balance loaded
2026-04-28 09:58:01,922 | INFO | signal generated
2026-04-28 09:58:07,006 | INFO | account balance loaded
2026-04-28 09:58:07,016 | INFO | signal generated
2026-04-28 09:58:12,055 | INFO | account balance loaded
2026-04-28 09:58:12,066 | INFO | signal generated
2026-04-28 09:58:17,117 | INFO | account balance loaded
2026-04-28 09:58:17,128 | INFO | signal generated
2026-04-28 09:58:22,174 | INFO | account balance loaded
2026-04-28 09:58:22,184 | INFO | signal generated
2026-04-28 09:58:27,257 | INFO | account balance loaded
2026-04-28 09:58:27,267 | INFO | signal generated
2026-04-28 09:58:32,296 | INFO | account balance loaded
2026-04-28 09:58:32,310 | INFO | signal generated
2026-04-28 09:58:37,341 | INFO | account balance loaded
2026-04-28 09:58:37,351 | INFO | signal generated
2026-04-28 09:58:42,395 | INFO | account balance loaded
2026-04-28 09:58:42,415 | INFO | signal generated
2026-04-28 09:58:47,487 | INFO | account balance loaded
2026-04-28 09:58:47,507 | INFO | signal generated
2026-04-28 09:58:52,554 | INFO | account balance loaded
2026-04-28 09:58:52,563 | INFO | signal generated
2026-04-28 09:58:57,645 | INFO | account balance loaded
2026-04-28 09:58:57,653 | INFO | signal generated
2026-04-28 09:59:02,745 | INFO | account balance loaded
2026-04-28 09:59:02,755 | INFO | signal generated
2026-04-28 09:59:07,786 | INFO | account balance loaded
2026-04-28 09:59:07,795 | INFO | signal generated
2026-04-28 09:59:12,829 | INFO | account balance loaded
2026-04-28 09:59:12,841 | INFO | signal generated
2026-04-28 09:59:17,894 | INFO | account balance loaded
2026-04-28 09:59:17,904 | INFO | signal generated
2026-04-28 09:59:22,955 | INFO | account balance loaded
2026-04-28 09:59:22,965 | INFO | signal generated
2026-04-28 09:59:27,996 | INFO | account balance loaded
2026-04-28 09:59:28,005 | INFO | signal generated
2026-04-28 09:59:33,051 | INFO | account balance loaded
2026-04-28 09:59:33,063 | INFO | signal generated
2026-04-28 09:59:38,142 | INFO | account balance loaded
2026-04-28 09:59:38,151 | INFO | signal generated
2026-04-28 09:59:43,185 | INFO | account balance loaded
2026-04-28 09:59:43,193 | INFO | signal generated
2026-04-28 09:59:48,233 | INFO | account balance loaded
2026-04-28 09:59:48,243 | INFO | signal generated
2026-04-28 09:59:53,269 | INFO | account balance loaded
2026-04-28 09:59:53,281 | INFO | signal generated
2026-04-28 09:59:58,336 | INFO | account balance loaded
2026-04-28 09:59:58,345 | INFO | signal generated
2026-04-28 10:00:03,425 | INFO | account balance loaded
2026-04-28 10:00:03,435 | INFO | signal generated
2026-04-28 10:00:08,474 | INFO | account balance loaded
2026-04-28 10:00:08,483 | INFO | signal generated
2026-04-28 10:00:13,551 | INFO | account balance loaded
2026-04-28 10:00:13,561 | INFO | signal generated
2026-04-28 10:00:18,616 | INFO | account balance loaded
2026-04-28 10:00:18,628 | INFO | signal generated
2026-04-28 10:00:23,660 | INFO | account balance loaded
2026-04-28 10:00:23,669 | INFO | signal generated
2026-04-28 10:00:28,709 | INFO | account balance loaded
2026-04-28 10:00:28,726 | INFO | signal generated
2026-04-28 10:00:33,770 | INFO | account balance loaded
2026-04-28 10:00:33,783 | INFO | signal generated
2026-04-28 10:00:38,835 | INFO | account balance loaded
2026-04-28 10:00:38,852 | INFO | signal generated
2026-04-28 10:00:43,899 | INFO | account balance loaded
2026-04-28 10:00:43,909 | INFO | signal generated
2026-04-28 10:00:48,955 | INFO | account balance loaded
2026-04-28 10:00:48,971 | INFO | signal generated
2026-04-28 10:00:54,073 | INFO | account balance loaded
2026-04-28 10:00:54,083 | INFO | signal generated
2026-04-28 10:00:59,126 | INFO | account balance loaded
2026-04-28 10:00:59,135 | INFO | signal generated
2026-04-28 10:01:04,183 | INFO | account balance loaded
2026-04-28 10:01:04,197 | INFO | signal generated
2026-04-28 10:01:09,295 | INFO | account balance loaded
2026-04-28 10:01:09,310 | INFO | signal generated
2026-04-28 10:01:14,360 | INFO | account balance loaded
2026-04-28 10:01:14,369 | INFO | signal generated
2026-04-28 10:01:19,439 | INFO | account balance loaded
2026-04-28 10:01:19,449 | INFO | signal generated
2026-04-28 10:01:24,532 | INFO | account balance loaded
2026-04-28 10:01:24,541 | INFO | signal generated
2026-04-28 10:01:29,576 | INFO | account balance loaded
2026-04-28 10:01:29,587 | INFO | signal generated
2026-04-28 10:01:34,667 | INFO | account balance loaded
2026-04-28 10:01:34,678 | INFO | signal generated
2026-04-28 10:01:39,731 | INFO | account balance loaded
2026-04-28 10:01:39,740 | INFO | signal generated
2026-04-28 10:01:44,827 | INFO | account balance loaded
2026-04-28 10:01:44,839 | INFO | signal generated
2026-04-28 10:01:49,888 | INFO | account balance loaded
2026-04-28 10:01:49,901 | INFO | signal generated
2026-04-28 10:01:54,965 | INFO | account balance loaded
2026-04-28 10:01:54,978 | INFO | signal generated
2026-04-28 10:02:00,076 | INFO | account balance loaded
2026-04-28 10:02:00,087 | INFO | signal generated
2026-04-28 10:02:05,124 | INFO | account balance loaded
2026-04-28 10:02:05,133 | INFO | signal generated
2026-04-28 10:02:10,164 | INFO | account balance loaded
2026-04-28 10:02:10,173 | INFO | signal generated
2026-04-28 10:02:15,268 | INFO | account balance loaded
2026-04-28 10:02:15,277 | INFO | signal generated
2026-04-28 10:02:20,322 | INFO | account balance loaded
2026-04-28 10:02:20,333 | INFO | signal generated
2026-04-28 10:02:25,433 | INFO | account balance loaded
2026-04-28 10:02:25,442 | INFO | signal generated
2026-04-28 10:02:30,469 | INFO | account balance loaded
2026-04-28 10:02:30,479 | INFO | signal generated
2026-04-28 10:02:35,554 | INFO | account balance loaded
2026-04-28 10:02:35,563 | INFO | signal generated
2026-04-28 10:02:40,597 | INFO | account balance loaded
2026-04-28 10:02:40,619 | INFO | signal generated
2026-04-28 10:02:45,688 | INFO | account balance loaded
2026-04-28 10:02:45,700 | INFO | signal generated
2026-04-28 10:02:50,748 | INFO | account balance loaded
2026-04-28 10:02:50,757 | INFO | signal generated
2026-04-28 10:02:55,801 | INFO | account balance loaded
2026-04-28 10:02:55,809 | INFO | signal generated
2026-04-28 10:03:00,854 | INFO | account balance loaded
2026-04-28 10:03:00,866 | INFO | signal generated
2026-04-28 10:03:06,039 | INFO | account balance loaded
2026-04-28 10:03:06,049 | INFO | signal generated
2026-04-28 10:03:11,154 | INFO | account balance loaded
2026-04-28 10:03:11,164 | INFO | signal generated
2026-04-28 10:03:16,220 | INFO | account balance loaded
2026-04-28 10:03:16,231 | INFO | signal generated
2026-04-28 10:03:21,269 | INFO | account balance loaded
2026-04-28 10:03:21,277 | INFO | signal generated
2026-04-28 10:03:26,305 | INFO | account balance loaded
2026-04-28 10:03:26,314 | INFO | signal generated
2026-04-28 10:03:31,349 | INFO | account balance loaded
2026-04-28 10:03:31,359 | INFO | signal generated
2026-04-28 10:03:36,421 | INFO | account balance loaded
2026-04-28 10:03:36,430 | INFO | signal generated
2026-04-28 10:03:41,469 | INFO | account balance loaded
2026-04-28 10:03:41,479 | INFO | signal generated
2026-04-28 10:03:46,538 | INFO | account balance loaded
2026-04-28 10:03:46,547 | INFO | signal generated
2026-04-28 10:03:51,587 | INFO | account balance loaded
2026-04-28 10:03:51,598 | INFO | signal generated
2026-04-28 10:03:56,652 | INFO | account balance loaded
2026-04-28 10:03:56,675 | INFO | signal generated
2026-04-28 10:04:01,712 | INFO | account balance loaded
2026-04-28 10:04:01,723 | INFO | signal generated
2026-04-28 10:04:06,839 | INFO | account balance loaded
2026-04-28 10:04:06,851 | INFO | signal generated
2026-04-28 10:04:11,895 | INFO | account balance loaded
2026-04-28 10:04:11,919 | INFO | signal generated
2026-04-28 10:04:16,949 | INFO | account balance loaded
2026-04-28 10:04:16,961 | INFO | signal generated
2026-04-28 10:04:22,029 | INFO | account balance loaded
2026-04-28 10:04:22,038 | INFO | signal generated
2026-04-28 10:04:27,082 | INFO | account balance loaded
2026-04-28 10:04:27,093 | INFO | signal generated
2026-04-28 10:04:32,122 | INFO | account balance loaded
2026-04-28 10:04:32,183 | INFO | signal generated
2026-04-28 10:04:37,231 | INFO | account balance loaded
2026-04-28 10:04:37,239 | INFO | signal generated
2026-04-28 10:04:42,296 | INFO | account balance loaded
2026-04-28 10:04:42,305 | INFO | signal generated
2026-04-28 10:04:47,345 | INFO | account balance loaded
2026-04-28 10:04:47,355 | INFO | signal generated
2026-04-28 10:04:52,385 | INFO | account balance loaded
2026-04-28 10:04:52,394 | INFO | signal generated
2026-04-28 10:04:57,473 | INFO | account balance loaded
2026-04-28 10:04:57,482 | INFO | signal generated
2026-04-28 10:05:02,598 | INFO | account balance loaded
2026-04-28 10:05:02,609 | INFO | signal generated
2026-04-28 10:05:07,705 | INFO | account balance loaded
2026-04-28 10:05:07,716 | INFO | signal generated
2026-04-28 10:05:12,779 | INFO | account balance loaded
2026-04-28 10:05:12,787 | INFO | signal generated
2026-04-28 10:05:17,816 | INFO | account balance loaded
2026-04-28 10:05:17,832 | INFO | signal generated
2026-04-28 10:05:22,887 | INFO | account balance loaded
2026-04-28 10:05:22,895 | INFO | signal generated
2026-04-28 10:05:27,934 | INFO | account balance loaded
2026-04-28 10:05:27,944 | INFO | signal generated
2026-04-28 10:05:33,002 | INFO | account balance loaded
2026-04-28 10:05:33,010 | INFO | signal generated
2026-04-28 10:05:38,079 | INFO | account balance loaded
2026-04-28 10:05:38,087 | INFO | signal generated
2026-04-28 10:05:43,121 | INFO | account balance loaded
2026-04-28 10:05:43,130 | INFO | signal generated
2026-04-28 10:05:48,213 | INFO | account balance loaded
2026-04-28 10:05:48,231 | INFO | signal generated
2026-04-28 10:05:53,318 | INFO | account balance loaded
2026-04-28 10:05:53,338 | INFO | signal generated
2026-04-28 10:05:58,378 | INFO | account balance loaded
2026-04-28 10:05:58,389 | INFO | signal generated
2026-04-28 10:06:03,461 | INFO | account balance loaded
2026-04-28 10:06:03,470 | INFO | signal generated
2026-04-28 10:06:08,509 | INFO | account balance loaded
2026-04-28 10:06:08,517 | INFO | signal generated
2026-04-28 10:06:13,545 | INFO | account balance loaded
2026-04-28 10:06:13,553 | INFO | signal generated
2026-04-28 10:06:18,586 | INFO | account balance loaded
2026-04-28 10:06:18,595 | INFO | signal generated
2026-04-28 10:06:23,644 | INFO | account balance loaded
2026-04-28 10:06:23,652 | INFO | signal generated
2026-04-28 10:06:28,703 | INFO | account balance loaded
2026-04-28 10:06:28,711 | INFO | signal generated
2026-04-28 10:06:33,745 | INFO | account balance loaded
2026-04-28 10:06:33,754 | INFO | signal generated
2026-04-28 10:06:38,822 | INFO | account balance loaded
2026-04-28 10:06:38,832 | INFO | signal generated
2026-04-28 10:06:43,912 | INFO | account balance loaded
2026-04-28 10:06:43,921 | INFO | signal generated
2026-04-28 10:06:48,955 | INFO | account balance loaded
2026-04-28 10:06:48,965 | INFO | signal generated
2026-04-28 10:06:53,991 | INFO | account balance loaded
2026-04-28 10:06:54,001 | INFO | signal generated
2026-04-28 10:06:59,113 | INFO | account balance loaded
2026-04-28 10:06:59,121 | INFO | signal generated
2026-04-28 10:07:04,176 | INFO | account balance loaded
2026-04-28 10:07:04,184 | INFO | signal generated
2026-04-28 10:07:09,213 | INFO | account balance loaded
2026-04-28 10:07:09,222 | INFO | signal generated
2026-04-28 10:07:14,257 | INFO | account balance loaded
2026-04-28 10:07:14,265 | INFO | signal generated
2026-04-28 10:07:19,302 | INFO | account balance loaded
2026-04-28 10:07:19,310 | INFO | signal generated
2026-04-28 10:07:24,418 | INFO | account balance loaded
2026-04-28 10:07:24,466 | INFO | signal generated
2026-04-28 10:07:29,524 | INFO | account balance loaded
2026-04-28 10:07:29,534 | INFO | signal generated
2026-04-28 10:07:34,572 | INFO | account balance loaded
2026-04-28 10:07:34,584 | INFO | signal generated
2026-04-28 10:07:39,620 | INFO | account balance loaded
2026-04-28 10:07:39,635 | INFO | signal generated
2026-04-28 10:07:44,689 | INFO | account balance loaded
2026-04-28 10:07:44,701 | INFO | signal generated
2026-04-28 10:07:49,753 | INFO | account balance loaded
2026-04-28 10:07:49,762 | INFO | signal generated
2026-04-28 10:07:54,827 | INFO | account balance loaded
2026-04-28 10:07:54,837 | INFO | signal generated
2026-04-28 10:07:59,863 | INFO | account balance loaded
2026-04-28 10:07:59,872 | INFO | signal generated
2026-04-28 10:08:04,902 | INFO | account balance loaded
2026-04-28 10:08:04,911 | INFO | signal generated
2026-04-28 10:08:09,937 | INFO | account balance loaded
2026-04-28 10:08:09,946 | INFO | signal generated
2026-04-28 10:08:15,004 | INFO | account balance loaded
2026-04-28 10:08:15,013 | INFO | signal generated
2026-04-28 10:08:20,044 | INFO | account balance loaded
2026-04-28 10:08:20,062 | INFO | signal generated
2026-04-28 10:08:25,115 | INFO | account balance loaded
2026-04-28 10:08:25,125 | INFO | signal generated
2026-04-28 10:08:30,159 | INFO | account balance loaded
2026-04-28 10:08:30,170 | INFO | signal generated
2026-04-28 10:08:35,210 | INFO | account balance loaded
2026-04-28 10:08:35,219 | INFO | signal generated
2026-04-28 10:08:40,246 | INFO | account balance loaded
2026-04-28 10:08:40,255 | INFO | signal generated
2026-04-28 10:08:45,282 | INFO | account balance loaded
2026-04-28 10:08:45,290 | INFO | signal generated
2026-04-28 10:08:50,348 | INFO | account balance loaded
2026-04-28 10:08:50,370 | INFO | signal generated
2026-04-28 10:08:55,437 | INFO | account balance loaded
2026-04-28 10:08:55,448 | INFO | signal generated
2026-04-28 10:09:00,509 | INFO | account balance loaded
2026-04-28 10:09:00,518 | INFO | signal generated
2026-04-28 10:09:05,565 | INFO | account balance loaded
2026-04-28 10:09:05,575 | INFO | signal generated
2026-04-28 10:09:10,632 | INFO | account balance loaded
2026-04-28 10:09:10,666 | INFO | signal generated
2026-04-28 10:09:15,691 | INFO | account balance loaded
2026-04-28 10:09:15,700 | INFO | signal generated
2026-04-28 10:09:20,729 | INFO | account balance loaded
2026-04-28 10:09:20,739 | INFO | signal generated
2026-04-28 10:09:25,779 | INFO | account balance loaded
2026-04-28 10:09:25,789 | INFO | signal generated
2026-04-28 10:09:30,880 | INFO | account balance loaded
2026-04-28 10:09:30,890 | INFO | signal generated
2026-04-28 10:09:36,065 | INFO | account balance loaded
2026-04-28 10:09:36,098 | INFO | signal generated
2026-04-28 10:09:41,145 | INFO | account balance loaded
2026-04-28 10:09:41,153 | INFO | signal generated
2026-04-28 10:09:46,203 | INFO | account balance loaded
2026-04-28 10:09:46,212 | INFO | signal generated
2026-04-28 10:09:51,276 | INFO | account balance loaded
2026-04-28 10:09:51,285 | INFO | signal generated
2026-04-28 10:09:56,327 | INFO | account balance loaded
2026-04-28 10:09:56,337 | INFO | signal generated
2026-04-28 10:10:00,026 | INFO | application stopped by user
2026-04-28 10:32:38,086 | INFO | application started
2026-04-28 10:32:38,146 | INFO | account balance loaded
2026-04-28 10:32:38,156 | INFO | signal generated
2026-04-28 10:32:38,166 | INFO | signal generated
2026-04-28 10:32:43,230 | INFO | account balance loaded
2026-04-28 10:32:43,240 | INFO | signal generated
2026-04-28 10:32:43,251 | INFO | signal generated
2026-04-28 10:32:48,316 | INFO | account balance loaded
2026-04-28 10:32:48,325 | INFO | signal generated
2026-04-28 10:32:48,333 | ERROR | unexpected error: kiwoom request failed: api_id=ka10001, http=429, body={'return_msg': '허용된 요청 개수를 초과하였습니다[1700:허용된 요청 개수를 초과하였습니다. API ID=ka10001]', 'return_code': 5}
Traceback (most recent call last):
  File "C:\Users\winn\Desktop\kiwoom-auto-trader-ver1\app\main.py", line 107, in main
    trading_service.run_once()
    ~~~~~~~~~~~~~~~~~~~~~~~~^^
  File "C:\Users\winn\Desktop\kiwoom-auto-trader-ver1\domain\service\trading_service.py", line 65, in run_once
    market_price = self.broker.get_market_price(symbol)
  File "C:\Users\winn\Desktop\kiwoom-auto-trader-ver1\infra\broker\kiwoom_broker.py", line 126, in get_market_price
    api_response = self._post(
        endpoint="/api/dostk/stkinfo",
        api_id="ka10001",
        payload={"stk_cd": symbol},
    )
  File "C:\Users\winn\Desktop\kiwoom-auto-trader-ver1\infra\broker\kiwoom_broker.py", line 287, in _post
    raise RuntimeError(
        f"kiwoom request failed: api_id={api_id}, http={api_response.status_code}, body={api_response.body}"
    )
RuntimeError: kiwoom request failed: api_id=ka10001, http=429, body={'return_msg': '허용된 요청 개수를 초과하였습니다[1700:허용된 요청 개수를 초과하였습니다. API ID=ka10001]', 'return_code': 5}
2026-04-28 10:32:53,375 | INFO | account balance loaded
2026-04-28 10:32:53,384 | INFO | signal generated
2026-04-28 10:32:53,393 | INFO | signal generated
2026-04-28 10:32:58,490 | INFO | account balance loaded
2026-04-28 10:32:58,505 | INFO | signal generated
2026-04-28 10:32:58,516 | ERROR | unexpected error: kiwoom request failed: api_id=ka10001, http=429, body={'return_msg': '허용된 요청 개수를 초과하였습니다[1700:허용된 요청 개수를 초과하였습니다. API ID=ka10001]', 'return_code': 5}
Traceback (most recent call last):
  File "C:\Users\winn\Desktop\kiwoom-auto-trader-ver1\app\main.py", line 107, in main
    trading_service.run_once()
    ~~~~~~~~~~~~~~~~~~~~~~~~^^
  File "C:\Users\winn\Desktop\kiwoom-auto-trader-ver1\domain\service\trading_service.py", line 65, in run_once
    market_price = self.broker.get_market_price(symbol)
  File "C:\Users\winn\Desktop\kiwoom-auto-trader-ver1\infra\broker\kiwoom_broker.py", line 126, in get_market_price
    api_response = self._post(
        endpoint="/api/dostk/stkinfo",
        api_id="ka10001",
        payload={"stk_cd": symbol},
    )
  File "C:\Users\winn\Desktop\kiwoom-auto-trader-ver1\infra\broker\kiwoom_broker.py", line 287, in _post
    raise RuntimeError(
        f"kiwoom request failed: api_id={api_id}, http={api_response.status_code}, body={api_response.body}"
    )
RuntimeError: kiwoom request failed: api_id=ka10001, http=429, body={'return_msg': '허용된 요청 개수를 초과하였습니다[1700:허용된 요청 개수를 초과하였습니다. API ID=ka10001]', 'return_code': 5}
2026-04-28 10:33:03,620 | INFO | account balance loaded
2026-04-28 10:33:03,629 | INFO | signal generated
2026-04-28 10:33:03,645 | INFO | signal generated
2026-04-28 10:33:08,741 | INFO | account balance loaded
2026-04-28 10:33:08,751 | INFO | signal generated
2026-04-28 10:33:08,759 | ERROR | unexpected error: kiwoom request failed: api_id=ka10001, http=429, body={'return_msg': '허용된 요청 개수를 초과하였습니다[1700:허용된 요청 개수를 초과하였습니다. API ID=ka10001]', 'return_code': 5}
Traceback (most recent call last):
  File "C:\Users\winn\Desktop\kiwoom-auto-trader-ver1\app\main.py", line 107, in main
    trading_service.run_once()
    ~~~~~~~~~~~~~~~~~~~~~~~~^^
  File "C:\Users\winn\Desktop\kiwoom-auto-trader-ver1\domain\service\trading_service.py", line 65, in run_once
    market_price = self.broker.get_market_price(symbol)
  File "C:\Users\winn\Desktop\kiwoom-auto-trader-ver1\infra\broker\kiwoom_broker.py", line 126, in get_market_price
    api_response = self._post(
        endpoint="/api/dostk/stkinfo",
        api_id="ka10001",
        payload={"stk_cd": symbol},
    )
  File "C:\Users\winn\Desktop\kiwoom-auto-trader-ver1\infra\broker\kiwoom_broker.py", line 287, in _post
    raise RuntimeError(
        f"kiwoom request failed: api_id={api_id}, http={api_response.status_code}, body={api_response.body}"
    )
RuntimeError: kiwoom request failed: api_id=ka10001, http=429, body={'return_msg': '허용된 요청 개수를 초과하였습니다[1700:허용된 요청 개수를 초과하였습니다. API ID=ka10001]', 'return_code': 5}
2026-04-28 10:33:13,840 | INFO | account balance loaded
2026-04-28 10:33:13,849 | INFO | signal generated
2026-04-28 10:33:13,858 | INFO | signal generated
2026-04-28 10:33:18,930 | INFO | account balance loaded
2026-04-28 10:33:18,943 | INFO | signal generated
2026-04-28 10:33:18,950 | ERROR | unexpected error: kiwoom request failed: api_id=ka10001, http=429, body={'return_msg': '허용된 요청 개수를 초과하였습니다[1700:허용된 요청 개수를 초과하였습니다. API ID=ka10001]', 'return_code': 5}
Traceback (most recent call last):
  File "C:\Users\winn\Desktop\kiwoom-auto-trader-ver1\app\main.py", line 107, in main
    trading_service.run_once()
    ~~~~~~~~~~~~~~~~~~~~~~~~^^
  File "C:\Users\winn\Desktop\kiwoom-auto-trader-ver1\domain\service\trading_service.py", line 65, in run_once
    market_price = self.broker.get_market_price(symbol)
  File "C:\Users\winn\Desktop\kiwoom-auto-trader-ver1\infra\broker\kiwoom_broker.py", line 126, in get_market_price
    api_response = self._post(
        endpoint="/api/dostk/stkinfo",
        api_id="ka10001",
        payload={"stk_cd": symbol},
    )
  File "C:\Users\winn\Desktop\kiwoom-auto-trader-ver1\infra\broker\kiwoom_broker.py", line 287, in _post
    raise RuntimeError(
        f"kiwoom request failed: api_id={api_id}, http={api_response.status_code}, body={api_response.body}"
    )
RuntimeError: kiwoom request failed: api_id=ka10001, http=429, body={'return_msg': '허용된 요청 개수를 초과하였습니다[1700:허용된 요청 개수를 초과하였습니다. API ID=ka10001]', 'return_code': 5}
2026-04-28 10:33:23,998 | INFO | account balance loaded
2026-04-28 10:33:24,008 | INFO | signal generated
2026-04-28 10:33:24,020 | INFO | signal generated
2026-04-28 10:33:29,074 | INFO | account balance loaded
2026-04-28 10:33:29,084 | INFO | signal generated
2026-04-28 10:33:29,094 | INFO | signal generated
2026-04-28 10:33:34,146 | INFO | account balance loaded
2026-04-28 10:33:34,157 | INFO | signal generated
2026-04-28 10:33:34,167 | INFO | signal generated
2026-04-28 10:33:39,206 | INFO | account balance loaded
2026-04-28 10:33:39,218 | INFO | signal generated
2026-04-28 10:33:39,229 | INFO | signal generated
2026-04-28 10:33:44,286 | INFO | account balance loaded
2026-04-28 10:33:44,295 | INFO | signal generated
2026-04-28 10:33:44,303 | ERROR | unexpected error: kiwoom request failed: api_id=ka10001, http=429, body={'return_msg': '허용된 요청 개수를 초과하였습니다[1700:허용된 요청 개수를 초과하였습니다. API ID=ka10001]', 'return_code': 5}
Traceback (most recent call last):
  File "C:\Users\winn\Desktop\kiwoom-auto-trader-ver1\app\main.py", line 107, in main
    trading_service.run_once()
    ~~~~~~~~~~~~~~~~~~~~~~~~^^
  File "C:\Users\winn\Desktop\kiwoom-auto-trader-ver1\domain\service\trading_service.py", line 65, in run_once
    market_price = self.broker.get_market_price(symbol)
  File "C:\Users\winn\Desktop\kiwoom-auto-trader-ver1\infra\broker\kiwoom_broker.py", line 126, in get_market_price
    api_response = self._post(
        endpoint="/api/dostk/stkinfo",
        api_id="ka10001",
        payload={"stk_cd": symbol},
    )
  File "C:\Users\winn\Desktop\kiwoom-auto-trader-ver1\infra\broker\kiwoom_broker.py", line 287, in _post
    raise RuntimeError(
        f"kiwoom request failed: api_id={api_id}, http={api_response.status_code}, body={api_response.body}"
    )
RuntimeError: kiwoom request failed: api_id=ka10001, http=429, body={'return_msg': '허용된 요청 개수를 초과하였습니다[1700:허용된 요청 개수를 초과하였습니다. API ID=ka10001]', 'return_code': 5}
2026-04-28 10:33:49,367 | INFO | account balance loaded
2026-04-28 10:33:49,378 | INFO | signal generated
2026-04-28 10:33:49,386 | ERROR | unexpected error: kiwoom request failed: api_id=ka10001, http=429, body={'return_msg': '허용된 요청 개수를 초과하였습니다[1700:허용된 요청 개수를 초과하였습니다. API ID=ka10001]', 'return_code': 5}
Traceback (most recent call last):
  File "C:\Users\winn\Desktop\kiwoom-auto-trader-ver1\app\main.py", line 107, in main
    trading_service.run_once()
    ~~~~~~~~~~~~~~~~~~~~~~~~^^
  File "C:\Users\winn\Desktop\kiwoom-auto-trader-ver1\domain\service\trading_service.py", line 65, in run_once
    market_price = self.broker.get_market_price(symbol)
  File "C:\Users\winn\Desktop\kiwoom-auto-trader-ver1\infra\broker\kiwoom_broker.py", line 126, in get_market_price
    api_response = self._post(
        endpoint="/api/dostk/stkinfo",
        api_id="ka10001",
        payload={"stk_cd": symbol},
    )
  File "C:\Users\winn\Desktop\kiwoom-auto-trader-ver1\infra\broker\kiwoom_broker.py", line 287, in _post
    raise RuntimeError(
        f"kiwoom request failed: api_id={api_id}, http={api_response.status_code}, body={api_response.body}"
    )
RuntimeError: kiwoom request failed: api_id=ka10001, http=429, body={'return_msg': '허용된 요청 개수를 초과하였습니다[1700:허용된 요청 개수를 초과하였습니다. API ID=ka10001]', 'return_code': 5}
2026-04-28 10:34:40,796 | INFO | application started
2026-04-28 10:34:40,863 | INFO | account balance loaded
2026-04-28 10:34:40,883 | INFO | signal generated
2026-04-28 10:34:40,919 | ERROR | unexpected error: kiwoom request failed: api_id=ka10001, http=429, body={'return_msg': '허용된 요청 개수를 초과하였습니다[1700:허용된 요청 개수를 초과하였습니다. API ID=ka10001]', 'return_code': 5}
Traceback (most recent call last):
  File "C:\Users\winn\Desktop\kiwoom-auto-trader-ver1\app\main.py", line 107, in main
    trading_service.run_once()
    ~~~~~~~~~~~~~~~~~~~~~~~~^^
  File "C:\Users\winn\Desktop\kiwoom-auto-trader-ver1\domain\service\trading_service.py", line 65, in run_once
    market_price = self.broker.get_market_price(symbol)
  File "C:\Users\winn\Desktop\kiwoom-auto-trader-ver1\infra\broker\kiwoom_broker.py", line 126, in get_market_price
    api_response = self._post(
        endpoint="/api/dostk/stkinfo",
        api_id="ka10001",
        payload={"stk_cd": symbol},
    )
  File "C:\Users\winn\Desktop\kiwoom-auto-trader-ver1\infra\broker\kiwoom_broker.py", line 287, in _post
    raise RuntimeError(
        f"kiwoom request failed: api_id={api_id}, http={api_response.status_code}, body={api_response.body}"
    )
RuntimeError: kiwoom request failed: api_id=ka10001, http=429, body={'return_msg': '허용된 요청 개수를 초과하였습니다[1700:허용된 요청 개수를 초과하였습니다. API ID=ka10001]', 'return_code': 5}
2026-04-28 10:35:05,957 | INFO | account balance loaded
2026-04-28 10:35:05,966 | INFO | signal generated
2026-04-28 10:35:05,974 | ERROR | unexpected error: kiwoom request failed: api_id=ka10001, http=429, body={'return_msg': '허용된 요청 개수를 초과하였습니다[1700:허용된 요청 개수를 초과하였습니다. API ID=ka10001]', 'return_code': 5}
Traceback (most recent call last):
  File "C:\Users\winn\Desktop\kiwoom-auto-trader-ver1\app\main.py", line 107, in main
    trading_service.run_once()
    ~~~~~~~~~~~~~~~~~~~~~~~~^^
  File "C:\Users\winn\Desktop\kiwoom-auto-trader-ver1\domain\service\trading_service.py", line 65, in run_once
    market_price = self.broker.get_market_price(symbol)
  File "C:\Users\winn\Desktop\kiwoom-auto-trader-ver1\infra\broker\kiwoom_broker.py", line 126, in get_market_price
    api_response = self._post(
        endpoint="/api/dostk/stkinfo",
        api_id="ka10001",
        payload={"stk_cd": symbol},
    )
  File "C:\Users\winn\Desktop\kiwoom-auto-trader-ver1\infra\broker\kiwoom_broker.py", line 287, in _post
    raise RuntimeError(
        f"kiwoom request failed: api_id={api_id}, http={api_response.status_code}, body={api_response.body}"
    )
RuntimeError: kiwoom request failed: api_id=ka10001, http=429, body={'return_msg': '허용된 요청 개수를 초과하였습니다[1700:허용된 요청 개수를 초과하였습니다. API ID=ka10001]', 'return_code': 5}
2026-04-28 10:35:31,014 | INFO | account balance loaded
2026-04-28 10:35:31,033 | INFO | signal generated
2026-04-28 10:35:31,045 | INFO | signal generated
2026-04-28 10:35:56,099 | INFO | account balance loaded
2026-04-28 10:35:56,108 | INFO | signal generated
2026-04-28 10:35:56,117 | INFO | signal generated
2026-04-28 10:36:21,158 | INFO | account balance loaded
2026-04-28 10:36:21,168 | INFO | signal generated
2026-04-28 10:36:21,177 | ERROR | unexpected error: kiwoom request failed: api_id=ka10001, http=429, body={'return_msg': '허용된 요청 개수를 초과하였습니다[1700:허용된 요청 개수를 초과하였습니다. API ID=ka10001]', 'return_code': 5}
Traceback (most recent call last):
  File "C:\Users\winn\Desktop\kiwoom-auto-trader-ver1\app\main.py", line 107, in main
    trading_service.run_once()
    ~~~~~~~~~~~~~~~~~~~~~~~~^^
  File "C:\Users\winn\Desktop\kiwoom-auto-trader-ver1\domain\service\trading_service.py", line 65, in run_once
    market_price = self.broker.get_market_price(symbol)
  File "C:\Users\winn\Desktop\kiwoom-auto-trader-ver1\infra\broker\kiwoom_broker.py", line 126, in get_market_price
    api_response = self._post(
        endpoint="/api/dostk/stkinfo",
        api_id="ka10001",
        payload={"stk_cd": symbol},
    )
  File "C:\Users\winn\Desktop\kiwoom-auto-trader-ver1\infra\broker\kiwoom_broker.py", line 287, in _post
    raise RuntimeError(
        f"kiwoom request failed: api_id={api_id}, http={api_response.status_code}, body={api_response.body}"
    )
RuntimeError: kiwoom request failed: api_id=ka10001, http=429, body={'return_msg': '허용된 요청 개수를 초과하였습니다[1700:허용된 요청 개수를 초과하였습니다. API ID=ka10001]', 'return_code': 5}
2026-04-28 10:36:46,243 | INFO | account balance loaded
2026-04-28 10:36:46,254 | INFO | signal generated
2026-04-28 10:36:46,263 | INFO | signal generated
2026-04-28 10:37:11,291 | INFO | account balance loaded
2026-04-28 10:37:11,301 | INFO | signal generated
2026-04-28 10:37:11,310 | ERROR | unexpected error: kiwoom request failed: api_id=ka10001, http=429, body={'return_msg': '허용된 요청 개수를 초과하였습니다[1700:허용된 요청 개수를 초과하였습니다. API ID=ka10001]', 'return_code': 5}
Traceback (most recent call last):
  File "C:\Users\winn\Desktop\kiwoom-auto-trader-ver1\app\main.py", line 107, in main
    trading_service.run_once()
    ~~~~~~~~~~~~~~~~~~~~~~~~^^
  File "C:\Users\winn\Desktop\kiwoom-auto-trader-ver1\domain\service\trading_service.py", line 65, in run_once
    market_price = self.broker.get_market_price(symbol)
  File "C:\Users\winn\Desktop\kiwoom-auto-trader-ver1\infra\broker\kiwoom_broker.py", line 126, in get_market_price
    api_response = self._post(
        endpoint="/api/dostk/stkinfo",
        api_id="ka10001",
        payload={"stk_cd": symbol},
    )
  File "C:\Users\winn\Desktop\kiwoom-auto-trader-ver1\infra\broker\kiwoom_broker.py", line 287, in _post
    raise RuntimeError(
        f"kiwoom request failed: api_id={api_id}, http={api_response.status_code}, body={api_response.body}"
    )
RuntimeError: kiwoom request failed: api_id=ka10001, http=429, body={'return_msg': '허용된 요청 개수를 초과하였습니다[1700:허용된 요청 개수를 초과하였습니다. API ID=ka10001]', 'return_code': 5}
2026-04-28 10:37:36,365 | INFO | account balance loaded
2026-04-28 10:37:36,381 | INFO | signal generated
2026-04-28 10:37:36,393 | INFO | signal generated
2026-04-28 10:38:01,492 | INFO | account balance loaded
2026-04-28 10:38:01,503 | INFO | signal generated
2026-04-28 10:38:01,513 | INFO | signal generated
2026-04-28 10:38:26,586 | INFO | account balance loaded
2026-04-28 10:38:26,595 | INFO | signal generated
2026-04-28 10:38:26,604 | INFO | signal generated
2026-04-28 10:38:51,670 | INFO | account balance loaded
2026-04-28 10:38:51,679 | INFO | signal generated
2026-04-28 10:38:51,692 | ERROR | unexpected error: kiwoom request failed: api_id=ka10001, http=429, body={'return_msg': '허용된 요청 개수를 초과하였습니다[1700:허용된 요청 개수를 초과하였습니다. API ID=ka10001]', 'return_code': 5}
Traceback (most recent call last):
  File "C:\Users\winn\Desktop\kiwoom-auto-trader-ver1\app\main.py", line 107, in main
    trading_service.run_once()
    ~~~~~~~~~~~~~~~~~~~~~~~~^^
  File "C:\Users\winn\Desktop\kiwoom-auto-trader-ver1\domain\service\trading_service.py", line 65, in run_once
    market_price = self.broker.get_market_price(symbol)
  File "C:\Users\winn\Desktop\kiwoom-auto-trader-ver1\infra\broker\kiwoom_broker.py", line 126, in get_market_price
    api_response = self._post(
        endpoint="/api/dostk/stkinfo",
        api_id="ka10001",
        payload={"stk_cd": symbol},
    )
  File "C:\Users\winn\Desktop\kiwoom-auto-trader-ver1\infra\broker\kiwoom_broker.py", line 287, in _post
    raise RuntimeError(
        f"kiwoom request failed: api_id={api_id}, http={api_response.status_code}, body={api_response.body}"
    )
RuntimeError: kiwoom request failed: api_id=ka10001, http=429, body={'return_msg': '허용된 요청 개수를 초과하였습니다[1700:허용된 요청 개수를 초과하였습니다. API ID=ka10001]', 'return_code': 5}
2026-04-28 10:39:16,726 | INFO | account balance loaded
2026-04-28 10:39:16,735 | INFO | signal generated
2026-04-28 10:39:16,780 | ERROR | unexpected error: kiwoom request failed: api_id=ka10001, http=429, body={'return_msg': '허용된 요청 개수를 초과하였습니다[1700:허용된 요청 개수를 초과하였습니다. API ID=ka10001]', 'return_code': 5}
Traceback (most recent call last):
  File "C:\Users\winn\Desktop\kiwoom-auto-trader-ver1\app\main.py", line 107, in main
    trading_service.run_once()
    ~~~~~~~~~~~~~~~~~~~~~~~~^^
  File "C:\Users\winn\Desktop\kiwoom-auto-trader-ver1\domain\service\trading_service.py", line 65, in run_once
    market_price = self.broker.get_market_price(symbol)
  File "C:\Users\winn\Desktop\kiwoom-auto-trader-ver1\infra\broker\kiwoom_broker.py", line 126, in get_market_price
    api_response = self._post(
        endpoint="/api/dostk/stkinfo",
        api_id="ka10001",
        payload={"stk_cd": symbol},
    )
  File "C:\Users\winn\Desktop\kiwoom-auto-trader-ver1\infra\broker\kiwoom_broker.py", line 287, in _post
    raise RuntimeError(
        f"kiwoom request failed: api_id={api_id}, http={api_response.status_code}, body={api_response.body}"
    )
RuntimeError: kiwoom request failed: api_id=ka10001, http=429, body={'return_msg': '허용된 요청 개수를 초과하였습니다[1700:허용된 요청 개수를 초과하였습니다. API ID=ka10001]', 'return_code': 5}
2026-04-28 10:39:41,825 | INFO | account balance loaded
2026-04-28 10:39:41,870 | INFO | signal generated
2026-04-28 10:39:41,879 | ERROR | unexpected error: kiwoom request failed: api_id=ka10001, http=429, body={'return_msg': '허용된 요청 개수를 초과하였습니다[1700:허용된 요청 개수를 초과하였습니다. API ID=ka10001]', 'return_code': 5}
Traceback (most recent call last):
  File "C:\Users\winn\Desktop\kiwoom-auto-trader-ver1\app\main.py", line 107, in main
    trading_service.run_once()
    ~~~~~~~~~~~~~~~~~~~~~~~~^^
  File "C:\Users\winn\Desktop\kiwoom-auto-trader-ver1\domain\service\trading_service.py", line 65, in run_once
    market_price = self.broker.get_market_price(symbol)
  File "C:\Users\winn\Desktop\kiwoom-auto-trader-ver1\infra\broker\kiwoom_broker.py", line 126, in get_market_price
    api_response = self._post(
        endpoint="/api/dostk/stkinfo",
        api_id="ka10001",
        payload={"stk_cd": symbol},
    )
  File "C:\Users\winn\Desktop\kiwoom-auto-trader-ver1\infra\broker\kiwoom_broker.py", line 287, in _post
    raise RuntimeError(
        f"kiwoom request failed: api_id={api_id}, http={api_response.status_code}, body={api_response.body}"
    )
RuntimeError: kiwoom request failed: api_id=ka10001, http=429, body={'return_msg': '허용된 요청 개수를 초과하였습니다[1700:허용된 요청 개수를 초과하였습니다. API ID=ka10001]', 'return_code': 5}
2026-04-28 10:40:06,919 | INFO | account balance loaded
2026-04-28 10:40:06,937 | INFO | signal generated
2026-04-28 10:40:06,980 | ERROR | unexpected error: kiwoom request failed: api_id=ka10001, http=429, body={'return_msg': '허용된 요청 개수를 초과하였습니다[1700:허용된 요청 개수를 초과하였습니다. API ID=ka10001]', 'return_code': 5}
Traceback (most recent call last):
  File "C:\Users\winn\Desktop\kiwoom-auto-trader-ver1\app\main.py", line 107, in main
    trading_service.run_once()
    ~~~~~~~~~~~~~~~~~~~~~~~~^^
  File "C:\Users\winn\Desktop\kiwoom-auto-trader-ver1\domain\service\trading_service.py", line 65, in run_once
    market_price = self.broker.get_market_price(symbol)
  File "C:\Users\winn\Desktop\kiwoom-auto-trader-ver1\infra\broker\kiwoom_broker.py", line 126, in get_market_price
    api_response = self._post(
        endpoint="/api/dostk/stkinfo",
        api_id="ka10001",
        payload={"stk_cd": symbol},
    )
  File "C:\Users\winn\Desktop\kiwoom-auto-trader-ver1\infra\broker\kiwoom_broker.py", line 287, in _post
    raise RuntimeError(
        f"kiwoom request failed: api_id={api_id}, http={api_response.status_code}, body={api_response.body}"
    )
RuntimeError: kiwoom request failed: api_id=ka10001, http=429, body={'return_msg': '허용된 요청 개수를 초과하였습니다[1700:허용된 요청 개수를 초과하였습니다. API ID=ka10001]', 'return_code': 5}
2026-04-28 10:40:32,026 | INFO | account balance loaded
2026-04-28 10:40:32,035 | INFO | signal generated
2026-04-28 10:40:32,043 | ERROR | unexpected error: kiwoom request failed: api_id=ka10001, http=429, body={'return_msg': '허용된 요청 개수를 초과하였습니다[1700:허용된 요청 개수를 초과하였습니다. API ID=ka10001]', 'return_code': 5}
Traceback (most recent call last):
  File "C:\Users\winn\Desktop\kiwoom-auto-trader-ver1\app\main.py", line 107, in main
    trading_service.run_once()
    ~~~~~~~~~~~~~~~~~~~~~~~~^^
  File "C:\Users\winn\Desktop\kiwoom-auto-trader-ver1\domain\service\trading_service.py", line 65, in run_once
    market_price = self.broker.get_market_price(symbol)
  File "C:\Users\winn\Desktop\kiwoom-auto-trader-ver1\infra\broker\kiwoom_broker.py", line 126, in get_market_price
    api_response = self._post(
        endpoint="/api/dostk/stkinfo",
        api_id="ka10001",
        payload={"stk_cd": symbol},
    )
  File "C:\Users\winn\Desktop\kiwoom-auto-trader-ver1\infra\broker\kiwoom_broker.py", line 287, in _post
    raise RuntimeError(
        f"kiwoom request failed: api_id={api_id}, http={api_response.status_code}, body={api_response.body}"
    )
RuntimeError: kiwoom request failed: api_id=ka10001, http=429, body={'return_msg': '허용된 요청 개수를 초과하였습니다[1700:허용된 요청 개수를 초과하였습니다. API ID=ka10001]', 'return_code': 5}
2026-04-28 10:40:57,131 | INFO | account balance loaded
2026-04-28 10:40:57,140 | INFO | signal generated
2026-04-28 10:40:57,149 | ERROR | unexpected error: kiwoom request failed: api_id=ka10001, http=429, body={'return_msg': '허용된 요청 개수를 초과하였습니다[1700:허용된 요청 개수를 초과하였습니다. API ID=ka10001]', 'return_code': 5}
Traceback (most recent call last):
  File "C:\Users\winn\Desktop\kiwoom-auto-trader-ver1\app\main.py", line 107, in main
    trading_service.run_once()
    ~~~~~~~~~~~~~~~~~~~~~~~~^^
  File "C:\Users\winn\Desktop\kiwoom-auto-trader-ver1\domain\service\trading_service.py", line 65, in run_once
    market_price = self.broker.get_market_price(symbol)
  File "C:\Users\winn\Desktop\kiwoom-auto-trader-ver1\infra\broker\kiwoom_broker.py", line 126, in get_market_price
    api_response = self._post(
        endpoint="/api/dostk/stkinfo",
        api_id="ka10001",
        payload={"stk_cd": symbol},
    )
  File "C:\Users\winn\Desktop\kiwoom-auto-trader-ver1\infra\broker\kiwoom_broker.py", line 287, in _post
    raise RuntimeError(
        f"kiwoom request failed: api_id={api_id}, http={api_response.status_code}, body={api_response.body}"
    )
RuntimeError: kiwoom request failed: api_id=ka10001, http=429, body={'return_msg': '허용된 요청 개수를 초과하였습니다[1700:허용된 요청 개수를 초과하였습니다. API ID=ka10001]', 'return_code': 5}
2026-04-28 10:43:37,386 | INFO | application started
2026-04-28 10:43:37,455 | INFO | account balance loaded
2026-04-28 10:43:37,463 | INFO | signal generated
2026-04-28 10:43:37,471 | ERROR | unexpected error: kiwoom request failed: api_id=ka10001, http=429, body={'return_msg': '허용된 요청 개수를 초과하였습니다[1700:허용된 요청 개수를 초과하였습니다. API ID=ka10001]', 'return_code': 5}
Traceback (most recent call last):
  File "C:\Users\winn\Desktop\kiwoom-auto-trader-ver1\app\main.py", line 107, in main
    trading_service.run_once()
    ~~~~~~~~~~~~~~~~~~~~~~~~^^
  File "C:\Users\winn\Desktop\kiwoom-auto-trader-ver1\domain\service\trading_service.py", line 65, in run_once
    market_price = self.broker.get_market_price(symbol)
  File "C:\Users\winn\Desktop\kiwoom-auto-trader-ver1\infra\broker\kiwoom_broker.py", line 126, in get_market_price
    api_response = self._post(
        endpoint="/api/dostk/stkinfo",
        api_id="ka10001",
        payload={"stk_cd": symbol},
    )
  File "C:\Users\winn\Desktop\kiwoom-auto-trader-ver1\infra\broker\kiwoom_broker.py", line 287, in _post
    raise RuntimeError(
        f"kiwoom request failed: api_id={api_id}, http={api_response.status_code}, body={api_response.body}"
    )
RuntimeError: kiwoom request failed: api_id=ka10001, http=429, body={'return_msg': '허용된 요청 개수를 초과하였습니다[1700:허용된 요청 개수를 초과하였습니다. API ID=ka10001]', 'return_code': 5}
2026-04-28 10:43:37,473 | WARNING | rate limit detected, backing off for 180 seconds
2026-04-28 10:46:37,538 | INFO | account balance loaded
2026-04-28 10:46:37,547 | INFO | signal generated
2026-04-28 10:46:37,556 | ERROR | unexpected error: kiwoom request failed: api_id=ka10001, http=429, body={'return_msg': '허용된 요청 개수를 초과하였습니다[1700:허용된 요청 개수를 초과하였습니다. API ID=ka10001]', 'return_code': 5}
Traceback (most recent call last):
  File "C:\Users\winn\Desktop\kiwoom-auto-trader-ver1\app\main.py", line 107, in main
    trading_service.run_once()
    ~~~~~~~~~~~~~~~~~~~~~~~~^^
  File "C:\Users\winn\Desktop\kiwoom-auto-trader-ver1\domain\service\trading_service.py", line 65, in run_once
    market_price = self.broker.get_market_price(symbol)
  File "C:\Users\winn\Desktop\kiwoom-auto-trader-ver1\infra\broker\kiwoom_broker.py", line 126, in get_market_price
    api_response = self._post(
        endpoint="/api/dostk/stkinfo",
        api_id="ka10001",
        payload={"stk_cd": symbol},
    )
  File "C:\Users\winn\Desktop\kiwoom-auto-trader-ver1\infra\broker\kiwoom_broker.py", line 287, in _post
    raise RuntimeError(
        f"kiwoom request failed: api_id={api_id}, http={api_response.status_code}, body={api_response.body}"
    )
RuntimeError: kiwoom request failed: api_id=ka10001, http=429, body={'return_msg': '허용된 요청 개수를 초과하였습니다[1700:허용된 요청 개수를 초과하였습니다. API ID=ka10001]', 'return_code': 5}
2026-04-28 10:46:37,557 | WARNING | rate limit detected, backing off for 180 seconds
2026-04-28 11:15:09,758 | INFO | application started
2026-04-28 11:15:09,808 | INFO | account balance loaded
2026-04-28 11:15:09,821 | INFO | signal generated
2026-04-28 11:15:09,832 | INFO | signal generated
2026-04-28 11:16:57,674 | INFO | application started
2026-04-28 11:16:57,708 | INFO | account balance loaded
2026-04-28 11:16:57,718 | INFO | signal generated
2026-04-28 11:16:57,726 | ERROR | unexpected error: kiwoom request failed: api_id=ka10001, http=429, body={'return_msg': '허용된 요청 개수를 초과하였습니다[1700:허용된 요청 개수를 초과하였습니다. API ID=ka10001]', 'return_code': 5}
Traceback (most recent call last):
  File "C:\Users\winn\Desktop\kiwoom-auto-trader-ver1\app\main.py", line 107, in main
    trading_service.run_once()
    ~~~~~~~~~~~~~~~~~~~~~~~~^^
  File "C:\Users\winn\Desktop\kiwoom-auto-trader-ver1\domain\service\trading_service.py", line 85, in run_once
    market_price = self.broker.get_market_price(symbol)
  File "C:\Users\winn\Desktop\kiwoom-auto-trader-ver1\infra\broker\kiwoom_broker.py", line 126, in get_market_price
    api_response = self._post(
        endpoint="/api/dostk/stkinfo",
        api_id="ka10001",
        payload={"stk_cd": symbol},
    )
  File "C:\Users\winn\Desktop\kiwoom-auto-trader-ver1\infra\broker\kiwoom_broker.py", line 287, in _post
    raise RuntimeError(
        f"kiwoom request failed: api_id={api_id}, http={api_response.status_code}, body={api_response.body}"
    )
RuntimeError: kiwoom request failed: api_id=ka10001, http=429, body={'return_msg': '허용된 요청 개수를 초과하였습니다[1700:허용된 요청 개수를 초과하였습니다. API ID=ka10001]', 'return_code': 5}
2026-04-28 11:16:57,728 | WARNING | rate limit detected, backing off for 180 seconds
2026-04-28 11:19:57,796 | INFO | account balance loaded
2026-04-28 11:19:57,805 | INFO | signal generated
2026-04-28 11:19:57,815 | ERROR | unexpected error: kiwoom request failed: api_id=ka10001, http=429, body={'return_msg': '허용된 요청 개수를 초과하였습니다[1700:허용된 요청 개수를 초과하였습니다. API ID=ka10001]', 'return_code': 5}
Traceback (most recent call last):
  File "C:\Users\winn\Desktop\kiwoom-auto-trader-ver1\app\main.py", line 107, in main
    trading_service.run_once()
    ~~~~~~~~~~~~~~~~~~~~~~~~^^
  File "C:\Users\winn\Desktop\kiwoom-auto-trader-ver1\domain\service\trading_service.py", line 85, in run_once
    market_price = self.broker.get_market_price(symbol)
  File "C:\Users\winn\Desktop\kiwoom-auto-trader-ver1\infra\broker\kiwoom_broker.py", line 126, in get_market_price
    api_response = self._post(
        endpoint="/api/dostk/stkinfo",
        api_id="ka10001",
        payload={"stk_cd": symbol},
    )
  File "C:\Users\winn\Desktop\kiwoom-auto-trader-ver1\infra\broker\kiwoom_broker.py", line 287, in _post
    raise RuntimeError(
        f"kiwoom request failed: api_id={api_id}, http={api_response.status_code}, body={api_response.body}"
    )
RuntimeError: kiwoom request failed: api_id=ka10001, http=429, body={'return_msg': '허용된 요청 개수를 초과하였습니다[1700:허용된 요청 개수를 초과하였습니다. API ID=ka10001]', 'return_code': 5}
2026-04-28 11:19:57,817 | WARNING | rate limit detected, backing off for 180 seconds
2026-04-28 11:30:32,875 | INFO | application started
2026-04-28 11:30:32,947 | INFO | account balance loaded from api
2026-04-28 11:30:32,956 | INFO | market price loaded from api
2026-04-28 11:30:32,956 | INFO | signal generated
2026-04-28 11:30:32,964 | ERROR | unexpected error: kiwoom request failed: api_id=ka10001, http=429, body={'return_msg': '허용된 요청 개수를 초과하였습니다[1700:허용된 요청 개수를 초과하였습니다. API ID=ka10001]', 'return_code': 5}
Traceback (most recent call last):
  File "C:\Users\winn\Desktop\kiwoom-auto-trader-ver1\app\main.py", line 107, in main
    trading_service.run_once()
    ~~~~~~~~~~~~~~~~~~~~~~~~^^
  File "C:\Users\winn\Desktop\kiwoom-auto-trader-ver1\domain\service\trading_service.py", line 164, in run_once
    market_price = self._get_market_price_with_cache(symbol)
  File "C:\Users\winn\Desktop\kiwoom-auto-trader-ver1\domain\service\trading_service.py", line 120, in _get_market_price_with_cache
    market_price = self.broker.get_market_price(symbol)
  File "C:\Users\winn\Desktop\kiwoom-auto-trader-ver1\infra\broker\kiwoom_broker.py", line 126, in get_market_price
    api_response = self._post(
        endpoint="/api/dostk/stkinfo",
        api_id="ka10001",
        payload={"stk_cd": symbol},
    )
  File "C:\Users\winn\Desktop\kiwoom-auto-trader-ver1\infra\broker\kiwoom_broker.py", line 287, in _post
    raise RuntimeError(
        f"kiwoom request failed: api_id={api_id}, http={api_response.status_code}, body={api_response.body}"
    )
RuntimeError: kiwoom request failed: api_id=ka10001, http=429, body={'return_msg': '허용된 요청 개수를 초과하였습니다[1700:허용된 요청 개수를 초과하였습니다. API ID=ka10001]', 'return_code': 5}
2026-04-28 11:30:32,966 | WARNING | rate limit detected, backing off for 180 seconds
2026-04-28 11:40:32,307 | INFO | application started
2026-04-28 11:40:32,354 | INFO | account balance loaded from api
2026-04-28 11:40:32,366 | INFO | market price loaded from api
2026-04-28 11:40:32,366 | INFO | signal generated
2026-04-28 11:40:32,375 | INFO | market price loaded from api
2026-04-28 11:40:32,375 | INFO | signal generated
2026-04-28 11:40:32,388 | INFO | buy accepted, balance cache invalidated
2026-04-28 11:40:37,513 | INFO | account balance loaded from api
2026-04-28 11:40:37,513 | INFO | market price loaded from cache
2026-04-28 11:40:37,513 | INFO | signal generated
2026-04-28 11:40:37,513 | INFO | market price loaded from cache
2026-04-28 11:40:37,513 | INFO | signal generated
2026-04-28 11:40:42,514 | INFO | account balance loaded from cache
2026-04-28 11:40:42,514 | INFO | market price loaded from cache
2026-04-28 11:40:42,514 | INFO | signal generated
2026-04-28 11:40:42,514 | INFO | market price loaded from cache
2026-04-28 11:40:42,514 | INFO | signal generated
2026-04-28 11:40:47,515 | INFO | account balance loaded from cache
2026-04-28 11:40:47,515 | INFO | market price loaded from cache
2026-04-28 11:40:47,515 | INFO | signal generated
2026-04-28 11:40:47,515 | INFO | market price loaded from cache
2026-04-28 11:40:47,515 | INFO | signal generated
2026-04-28 11:40:52,516 | INFO | account balance loaded from cache
2026-04-28 11:40:52,516 | INFO | market price loaded from cache
2026-04-28 11:40:52,516 | INFO | signal generated
2026-04-28 11:40:52,516 | INFO | market price loaded from cache
2026-04-28 11:40:52,516 | INFO | signal generated
2026-04-28 11:40:57,517 | INFO | account balance loaded from cache
2026-04-28 11:40:57,517 | INFO | market price loaded from cache
2026-04-28 11:40:57,518 | INFO | signal generated
2026-04-28 11:40:57,518 | INFO | market price loaded from cache
2026-04-28 11:40:57,518 | INFO | signal generated
2026-04-28 11:41:02,518 | INFO | account balance loaded from cache
2026-04-28 11:41:02,519 | INFO | market price loaded from cache
2026-04-28 11:41:02,519 | INFO | signal generated
2026-04-28 11:41:02,519 | INFO | market price loaded from cache
2026-04-28 11:41:02,519 | INFO | signal generated
2026-04-28 11:41:07,520 | INFO | account balance loaded from cache
2026-04-28 11:41:07,520 | INFO | market price loaded from cache
2026-04-28 11:41:07,520 | INFO | signal generated
2026-04-28 11:41:07,520 | INFO | market price loaded from cache
2026-04-28 11:41:07,520 | INFO | signal generated
2026-04-28 11:41:12,521 | INFO | account balance loaded from cache
2026-04-28 11:41:12,521 | INFO | market price loaded from cache
2026-04-28 11:41:12,522 | INFO | signal generated
2026-04-28 11:41:12,522 | INFO | market price loaded from cache
2026-04-28 11:41:12,522 | INFO | signal generated
2026-04-28 11:41:17,525 | INFO | account balance loaded from cache
2026-04-28 11:41:17,525 | INFO | market price loaded from cache
2026-04-28 11:41:17,525 | INFO | signal generated
2026-04-28 11:41:17,525 | INFO | market price loaded from cache
2026-04-28 11:41:17,525 | INFO | signal generated
2026-04-28 11:41:22,526 | INFO | account balance loaded from cache
2026-04-28 11:41:22,526 | INFO | market price loaded from cache
2026-04-28 11:41:22,527 | INFO | signal generated
2026-04-28 11:41:22,527 | INFO | market price loaded from cache
2026-04-28 11:41:22,527 | INFO | signal generated
2026-04-28 11:41:27,528 | INFO | account balance loaded from cache
2026-04-28 11:41:27,528 | INFO | market price loaded from cache
2026-04-28 11:41:27,528 | INFO | signal generated
2026-04-28 11:41:27,528 | INFO | market price loaded from cache
2026-04-28 11:41:27,528 | INFO | signal generated
2026-04-28 11:41:32,535 | INFO | account balance loaded from cache
2026-04-28 11:41:32,535 | INFO | market price loaded from cache
2026-04-28 11:41:32,536 | INFO | signal generated
2026-04-28 11:41:32,536 | INFO | market price loaded from cache
2026-04-28 11:41:32,536 | INFO | signal generated
2026-04-28 11:41:37,538 | INFO | account balance loaded from cache
2026-04-28 11:41:37,538 | INFO | market price loaded from cache
2026-04-28 11:41:37,538 | INFO | signal generated
2026-04-28 11:41:37,538 | INFO | market price loaded from cache
2026-04-28 11:41:37,538 | INFO | signal generated
2026-04-28 11:41:42,539 | INFO | account balance loaded from cache
2026-04-28 11:41:42,539 | INFO | market price loaded from cache
2026-04-28 11:41:42,539 | INFO | signal generated
2026-04-28 11:41:42,539 | INFO | market price loaded from cache
2026-04-28 11:41:42,539 | INFO | signal generated
2026-04-28 11:41:47,540 | INFO | account balance loaded from cache
2026-04-28 11:41:47,540 | INFO | market price loaded from cache
2026-04-28 11:41:47,540 | INFO | signal generated
2026-04-28 11:41:47,540 | INFO | market price loaded from cache
2026-04-28 11:41:47,540 | INFO | signal generated
2026-04-28 11:41:52,541 | INFO | account balance loaded from cache
2026-04-28 11:41:52,541 | INFO | market price loaded from cache
2026-04-28 11:41:52,541 | INFO | signal generated
2026-04-28 11:41:52,542 | INFO | market price loaded from cache
2026-04-28 11:41:52,542 | INFO | signal generated
2026-04-28 11:41:57,542 | INFO | account balance loaded from cache
2026-04-28 11:41:57,542 | INFO | market price loaded from cache
2026-04-28 11:41:57,542 | INFO | signal generated
2026-04-28 11:41:57,542 | INFO | market price loaded from cache
2026-04-28 11:41:57,543 | INFO | signal generated
2026-04-28 11:42:02,544 | INFO | account balance loaded from cache
2026-04-28 11:42:02,544 | INFO | market price loaded from cache
2026-04-28 11:42:02,544 | INFO | signal generated
2026-04-28 11:42:02,544 | INFO | market price loaded from cache
2026-04-28 11:42:02,544 | INFO | signal generated
2026-04-28 11:42:07,545 | INFO | account balance loaded from cache
2026-04-28 11:42:07,545 | INFO | market price loaded from cache
2026-04-28 11:42:07,545 | INFO | signal generated
2026-04-28 11:42:07,545 | INFO | market price loaded from cache
2026-04-28 11:42:07,545 | INFO | signal generated
2026-04-28 11:42:12,546 | INFO | account balance loaded from cache
2026-04-28 11:42:12,546 | INFO | market price loaded from cache
2026-04-28 11:42:12,546 | INFO | signal generated
2026-04-28 11:42:12,547 | INFO | market price loaded from cache
2026-04-28 11:42:12,547 | INFO | signal generated
2026-04-28 11:42:17,548 | INFO | account balance loaded from cache
2026-04-28 11:42:17,548 | INFO | market price loaded from cache
2026-04-28 11:42:17,548 | INFO | signal generated
2026-04-28 11:42:17,548 | INFO | market price loaded from cache
2026-04-28 11:42:17,548 | INFO | signal generated
2026-04-28 11:42:22,550 | INFO | account balance loaded from cache
2026-04-28 11:42:22,550 | INFO | market price loaded from cache
2026-04-28 11:42:22,550 | INFO | signal generated
2026-04-28 11:42:22,550 | INFO | market price loaded from cache
2026-04-28 11:42:22,550 | INFO | signal generated
2026-04-28 11:42:27,551 | INFO | account balance loaded from cache
2026-04-28 11:42:27,551 | INFO | market price loaded from cache
2026-04-28 11:42:27,552 | INFO | signal generated
2026-04-28 11:42:27,552 | INFO | market price loaded from cache
2026-04-28 11:42:27,552 | INFO | signal generated
2026-04-28 11:42:32,552 | INFO | account balance loaded from cache
2026-04-28 11:42:32,552 | INFO | market price loaded from cache
2026-04-28 11:42:32,552 | INFO | signal generated
2026-04-28 11:42:32,553 | INFO | market price loaded from cache
2026-04-28 11:42:32,553 | INFO | signal generated
2026-04-28 11:42:37,553 | INFO | account balance loaded from cache
2026-04-28 11:42:37,554 | INFO | market price loaded from cache
2026-04-28 11:42:37,554 | INFO | signal generated
2026-04-28 11:42:37,554 | INFO | market price loaded from cache
2026-04-28 11:42:37,554 | INFO | signal generated
2026-04-28 11:42:42,555 | INFO | account balance loaded from cache
2026-04-28 11:42:42,555 | INFO | market price loaded from cache
2026-04-28 11:42:42,555 | INFO | signal generated
2026-04-28 11:42:42,555 | INFO | market price loaded from cache
2026-04-28 11:42:42,555 | INFO | signal generated
2026-04-28 11:42:47,557 | INFO | account balance loaded from cache
2026-04-28 11:42:47,557 | INFO | market price loaded from cache
2026-04-28 11:42:47,557 | INFO | signal generated
2026-04-28 11:42:47,557 | INFO | market price loaded from cache
2026-04-28 11:42:47,557 | INFO | signal generated
2026-04-28 11:42:52,558 | INFO | account balance loaded from cache
2026-04-28 11:42:52,558 | INFO | market price loaded from cache
2026-04-28 11:42:52,558 | INFO | signal generated
2026-04-28 11:42:52,558 | INFO | market price loaded from cache
2026-04-28 11:42:52,558 | INFO | signal generated
2026-04-28 11:42:57,559 | INFO | account balance loaded from cache
2026-04-28 11:42:57,559 | INFO | market price loaded from cache
2026-04-28 11:42:57,559 | INFO | signal generated
2026-04-28 11:42:57,559 | INFO | market price loaded from cache
2026-04-28 11:42:57,559 | INFO | signal generated
2026-04-28 11:43:02,560 | INFO | account balance loaded from cache
2026-04-28 11:43:02,560 | INFO | market price loaded from cache
2026-04-28 11:43:02,560 | INFO | signal generated
2026-04-28 11:43:02,560 | INFO | market price loaded from cache
2026-04-28 11:43:02,560 | INFO | signal generated
2026-04-28 11:43:07,561 | INFO | account balance loaded from cache
2026-04-28 11:43:07,561 | INFO | market price loaded from cache
2026-04-28 11:43:07,562 | INFO | signal generated
2026-04-28 11:43:07,562 | INFO | market price loaded from cache
2026-04-28 11:43:07,562 | INFO | signal generated
2026-04-28 11:43:12,562 | INFO | account balance loaded from cache
2026-04-28 11:43:12,563 | INFO | market price loaded from cache
2026-04-28 11:43:12,563 | INFO | signal generated
2026-04-28 11:43:12,563 | INFO | market price loaded from cache
2026-04-28 11:43:12,563 | INFO | signal generated
2026-04-28 11:43:17,564 | INFO | account balance loaded from cache
2026-04-28 11:43:17,564 | INFO | market price loaded from cache
2026-04-28 11:43:17,564 | INFO | signal generated
2026-04-28 11:43:17,564 | INFO | market price loaded from cache
2026-04-28 11:43:17,564 | INFO | signal generated
2026-04-28 11:43:22,565 | INFO | account balance loaded from cache
2026-04-28 11:43:22,565 | INFO | market price loaded from cache
2026-04-28 11:43:22,565 | INFO | signal generated
2026-04-28 11:43:22,565 | INFO | market price loaded from cache
2026-04-28 11:43:22,565 | INFO | signal generated
2026-04-28 11:43:27,566 | INFO | account balance loaded from cache
2026-04-28 11:43:27,566 | INFO | market price loaded from cache
2026-04-28 11:43:27,566 | INFO | signal generated
2026-04-28 11:43:27,566 | INFO | market price loaded from cache
2026-04-28 11:43:27,566 | INFO | signal generated
2026-04-28 11:43:32,567 | INFO | account balance loaded from cache
2026-04-28 11:43:32,567 | INFO | market price loaded from cache
2026-04-28 11:43:32,567 | INFO | signal generated
2026-04-28 11:43:32,567 | INFO | market price loaded from cache
2026-04-28 11:43:32,567 | INFO | signal generated
2026-04-28 11:43:37,653 | INFO | account balance loaded from api
2026-04-28 11:43:37,653 | INFO | market price loaded from cache
2026-04-28 11:43:37,653 | INFO | signal generated
2026-04-28 11:43:37,653 | INFO | market price loaded from cache
2026-04-28 11:43:37,653 | INFO | signal generated
2026-04-28 11:43:42,654 | INFO | account balance loaded from cache
2026-04-28 11:43:42,654 | INFO | market price loaded from cache
2026-04-28 11:43:42,654 | INFO | signal generated
2026-04-28 11:43:42,654 | INFO | market price loaded from cache
2026-04-28 11:43:42,654 | INFO | signal generated
2026-04-28 11:43:47,655 | INFO | account balance loaded from cache
2026-04-28 11:43:47,655 | INFO | market price loaded from cache
2026-04-28 11:43:47,655 | INFO | signal generated
2026-04-28 11:43:47,656 | INFO | market price loaded from cache
2026-04-28 11:43:47,656 | INFO | signal generated
2026-04-28 11:43:52,657 | INFO | account balance loaded from cache
2026-04-28 11:43:52,657 | INFO | market price loaded from cache
2026-04-28 11:43:52,657 | INFO | signal generated
2026-04-28 11:43:52,657 | INFO | market price loaded from cache
2026-04-28 11:43:52,657 | INFO | signal generated
2026-04-28 11:43:57,658 | INFO | account balance loaded from cache
2026-04-28 11:43:57,658 | INFO | market price loaded from cache
2026-04-28 11:43:57,659 | INFO | signal generated
2026-04-28 11:43:57,659 | INFO | market price loaded from cache
2026-04-28 11:43:57,659 | INFO | signal generated
2026-04-28 11:44:02,661 | INFO | account balance loaded from cache
2026-04-28 11:44:02,661 | INFO | market price loaded from cache
2026-04-28 11:44:02,661 | INFO | signal generated
2026-04-28 11:44:02,661 | INFO | market price loaded from cache
2026-04-28 11:44:02,661 | INFO | signal generated
2026-04-28 11:44:07,678 | INFO | account balance loaded from cache
2026-04-28 11:44:07,678 | INFO | market price loaded from cache
2026-04-28 11:44:07,678 | INFO | signal generated
2026-04-28 11:44:07,678 | INFO | market price loaded from cache
2026-04-28 11:44:07,678 | INFO | signal generated
2026-04-28 11:44:12,680 | INFO | account balance loaded from cache
2026-04-28 11:44:12,680 | INFO | market price loaded from cache
2026-04-28 11:44:12,680 | INFO | signal generated
2026-04-28 11:44:12,680 | INFO | market price loaded from cache
2026-04-28 11:44:12,680 | INFO | signal generated
2026-04-28 11:44:17,681 | INFO | account balance loaded from cache
2026-04-28 11:44:17,681 | INFO | market price loaded from cache
2026-04-28 11:44:17,681 | INFO | signal generated
2026-04-28 11:44:17,681 | INFO | market price loaded from cache
2026-04-28 11:44:17,681 | INFO | signal generated
2026-04-28 11:44:22,682 | INFO | account balance loaded from cache
2026-04-28 11:44:22,682 | INFO | market price loaded from cache
2026-04-28 11:44:22,682 | INFO | signal generated
2026-04-28 11:44:22,682 | INFO | market price loaded from cache
2026-04-28 11:44:22,683 | INFO | signal generated
2026-04-28 11:44:27,683 | INFO | account balance loaded from cache
2026-04-28 11:44:27,683 | INFO | market price loaded from cache
2026-04-28 11:44:27,684 | INFO | signal generated
2026-04-28 11:44:27,684 | INFO | market price loaded from cache
2026-04-28 11:44:27,684 | INFO | signal generated
2026-04-28 11:44:32,684 | INFO | account balance loaded from cache
2026-04-28 11:44:32,685 | INFO | market price loaded from cache
2026-04-28 11:44:32,685 | INFO | signal generated
2026-04-28 11:44:32,685 | INFO | market price loaded from cache
2026-04-28 11:44:32,685 | INFO | signal generated
2026-04-28 11:44:37,686 | INFO | account balance loaded from cache
2026-04-28 11:44:37,686 | INFO | market price loaded from cache
2026-04-28 11:44:37,686 | INFO | signal generated
2026-04-28 11:44:37,686 | INFO | market price loaded from cache
2026-04-28 11:44:37,686 | INFO | signal generated
2026-04-28 11:44:42,687 | INFO | account balance loaded from cache
2026-04-28 11:44:42,687 | INFO | market price loaded from cache
2026-04-28 11:44:42,687 | INFO | signal generated
2026-04-28 11:44:42,687 | INFO | market price loaded from cache
2026-04-28 11:44:42,687 | INFO | signal generated
2026-04-28 11:44:47,688 | INFO | account balance loaded from cache
2026-04-28 11:44:47,688 | INFO | market price loaded from cache
2026-04-28 11:44:47,688 | INFO | signal generated
2026-04-28 11:44:47,688 | INFO | market price loaded from cache
2026-04-28 11:44:47,688 | INFO | signal generated
2026-04-28 11:44:52,689 | INFO | account balance loaded from cache
2026-04-28 11:44:52,689 | INFO | market price loaded from cache
2026-04-28 11:44:52,689 | INFO | signal generated
2026-04-28 11:44:52,689 | INFO | market price loaded from cache
2026-04-28 11:44:52,689 | INFO | signal generated
2026-04-28 11:44:57,690 | INFO | account balance loaded from cache
2026-04-28 11:44:57,691 | INFO | market price loaded from cache
2026-04-28 11:44:57,691 | INFO | signal generated
2026-04-28 11:44:57,691 | INFO | market price loaded from cache
2026-04-28 11:44:57,691 | INFO | signal generated
2026-04-28 11:45:02,692 | INFO | account balance loaded from cache
2026-04-28 11:45:02,692 | INFO | market price loaded from cache
2026-04-28 11:45:02,692 | INFO | signal generated
2026-04-28 11:45:02,692 | INFO | market price loaded from cache
2026-04-28 11:45:02,692 | INFO | signal generated
2026-04-28 11:45:07,693 | INFO | account balance loaded from cache
2026-04-28 11:45:07,693 | INFO | market price loaded from cache
2026-04-28 11:45:07,693 | INFO | signal generated
2026-04-28 11:45:07,693 | INFO | market price loaded from cache
2026-04-28 11:45:07,694 | INFO | signal generated
2026-04-28 11:45:12,695 | INFO | account balance loaded from cache
2026-04-28 11:45:12,695 | INFO | market price loaded from cache
2026-04-28 11:45:12,695 | INFO | signal generated
2026-04-28 11:45:12,695 | INFO | market price loaded from cache
2026-04-28 11:45:12,695 | INFO | signal generated
2026-04-28 11:45:17,696 | INFO | account balance loaded from cache
2026-04-28 11:45:17,696 | INFO | market price loaded from cache
2026-04-28 11:45:17,696 | INFO | signal generated
2026-04-28 11:45:17,696 | INFO | market price loaded from cache
2026-04-28 11:45:17,696 | INFO | signal generated
2026-04-28 11:45:22,697 | INFO | account balance loaded from cache
2026-04-28 11:45:22,697 | INFO | market price loaded from cache
2026-04-28 11:45:22,697 | INFO | signal generated
2026-04-28 11:45:22,697 | INFO | market price loaded from cache
2026-04-28 11:45:22,697 | INFO | signal generated
2026-04-28 11:45:27,284 | INFO | application stopped by user
2026-04-28 11:47:40,861 | INFO | application started
2026-04-28 11:47:40,894 | INFO | account balance loaded from api
2026-04-28 11:47:40,904 | INFO | market price loaded from api
2026-04-28 11:47:40,904 | INFO | 005930 | 현재가 222,250원. 기준가 224,500원 대비 돌파 기준 226,745원에 아직 도달하지 않아 관망합니다에 따라 보유 또는 관망을 유지합니다.
2026-04-28 11:47:40,913 | INFO | market price loaded from api
2026-04-28 11:47:40,913 | INFO | 001510 | 현재가 6,120원. 보유 중이지만 익절 목표 6,150원과 손절 기준 5,939원 사이에 있어 유지합니다에 따라 보유 또는 관망을 유지합니다.
2026-04-28 11:47:45,914 | INFO | account balance loaded from cache
2026-04-28 11:47:45,914 | INFO | market price loaded from cache
2026-04-28 11:47:45,914 | INFO | 005930 | 현재가 222,250원. 기준가 224,500원 대비 돌파 기준 226,745원에 아직 도달하지 않아 관망합니다에 따라 보유 또는 관망을 유지합니다.
2026-04-28 11:47:45,914 | INFO | market price loaded from cache
2026-04-28 11:47:45,914 | INFO | 001510 | 현재가 6,120원. 보유 중이지만 익절 목표 6,150원과 손절 기준 5,939원 사이에 있어 유지합니다에 따라 보유 또는 관망을 유지합니다.
2026-04-28 11:47:50,915 | INFO | account balance loaded from cache
2026-04-28 11:47:50,915 | INFO | market price loaded from cache
2026-04-28 11:47:50,915 | INFO | 005930 | 현재가 222,250원. 기준가 224,500원 대비 돌파 기준 226,745원에 아직 도달하지 않아 관망합니다에 따라 보유 또는 관망을 유지합니다.
2026-04-28 11:47:50,915 | INFO | market price loaded from cache
2026-04-28 11:47:50,915 | INFO | 001510 | 현재가 6,120원. 보유 중이지만 익절 목표 6,150원과 손절 기준 5,939원 사이에 있어 유지합니다에 따라 보유 또는 관망을 유지합니다.
2026-04-28 11:47:55,916 | INFO | account balance loaded from cache
2026-04-28 11:47:55,916 | INFO | market price loaded from cache
2026-04-28 11:47:55,916 | INFO | 005930 | 현재가 222,250원. 기준가 224,500원 대비 돌파 기준 226,745원에 아직 도달하지 않아 관망합니다에 따라 보유 또는 관망을 유지합니다.
2026-04-28 11:47:55,916 | INFO | market price loaded from cache
2026-04-28 11:47:55,916 | INFO | 001510 | 현재가 6,120원. 보유 중이지만 익절 목표 6,150원과 손절 기준 5,939원 사이에 있어 유지합니다에 따라 보유 또는 관망을 유지합니다.
2026-04-28 11:48:00,917 | INFO | account balance loaded from cache
2026-04-28 11:48:00,917 | INFO | market price loaded from cache
2026-04-28 11:48:00,917 | INFO | 005930 | 현재가 222,250원. 기준가 224,500원 대비 돌파 기준 226,745원에 아직 도달하지 않아 관망합니다에 따라 보유 또는 관망을 유지합니다.
2026-04-28 11:48:00,917 | INFO | market price loaded from cache
2026-04-28 11:48:00,917 | INFO | 001510 | 현재가 6,120원. 보유 중이지만 익절 목표 6,150원과 손절 기준 5,939원 사이에 있어 유지합니다에 따라 보유 또는 관망을 유지합니다.
2026-04-28 11:48:05,918 | INFO | account balance loaded from cache
2026-04-28 11:48:05,919 | INFO | market price loaded from cache
2026-04-28 11:48:05,919 | INFO | 005930 | 현재가 222,250원. 기준가 224,500원 대비 돌파 기준 226,745원에 아직 도달하지 않아 관망합니다에 따라 보유 또는 관망을 유지합니다.
2026-04-28 11:48:05,919 | INFO | market price loaded from cache
2026-04-28 11:48:05,919 | INFO | 001510 | 현재가 6,120원. 보유 중이지만 익절 목표 6,150원과 손절 기준 5,939원 사이에 있어 유지합니다에 따라 보유 또는 관망을 유지합니다.
2026-04-28 11:48:10,922 | INFO | account balance loaded from cache
2026-04-28 11:48:10,922 | INFO | market price loaded from cache
2026-04-28 11:48:10,923 | INFO | 005930 | 현재가 222,250원. 기준가 224,500원 대비 돌파 기준 226,745원에 아직 도달하지 않아 관망합니다에 따라 보유 또는 관망을 유지합니다.
2026-04-28 11:48:10,923 | INFO | market price loaded from cache
2026-04-28 11:48:10,923 | INFO | 001510 | 현재가 6,120원. 보유 중이지만 익절 목표 6,150원과 손절 기준 5,939원 사이에 있어 유지합니다에 따라 보유 또는 관망을 유지합니다.
2026-04-28 11:48:15,924 | INFO | account balance loaded from cache
2026-04-28 11:48:15,924 | INFO | market price loaded from cache
2026-04-28 11:48:15,924 | INFO | 005930 | 현재가 222,250원. 기준가 224,500원 대비 돌파 기준 226,745원에 아직 도달하지 않아 관망합니다에 따라 보유 또는 관망을 유지합니다.
2026-04-28 11:48:15,924 | INFO | market price loaded from cache
2026-04-28 11:48:15,924 | INFO | 001510 | 현재가 6,120원. 보유 중이지만 익절 목표 6,150원과 손절 기준 5,939원 사이에 있어 유지합니다에 따라 보유 또는 관망을 유지합니다.
2026-04-28 11:48:20,925 | INFO | account balance loaded from cache
2026-04-28 11:48:20,925 | INFO | market price loaded from cache
2026-04-28 11:48:20,925 | INFO | 005930 | 현재가 222,250원. 기준가 224,500원 대비 돌파 기준 226,745원에 아직 도달하지 않아 관망합니다에 따라 보유 또는 관망을 유지합니다.
2026-04-28 11:48:20,925 | INFO | market price loaded from cache
2026-04-28 11:48:20,925 | INFO | 001510 | 현재가 6,120원. 보유 중이지만 익절 목표 6,150원과 손절 기준 5,939원 사이에 있어 유지합니다에 따라 보유 또는 관망을 유지합니다.
2026-04-28 11:48:25,926 | INFO | account balance loaded from cache
2026-04-28 11:48:25,926 | INFO | market price loaded from cache
2026-04-28 11:48:25,926 | INFO | 005930 | 현재가 222,250원. 기준가 224,500원 대비 돌파 기준 226,745원에 아직 도달하지 않아 관망합니다에 따라 보유 또는 관망을 유지합니다.
2026-04-28 11:48:25,926 | INFO | market price loaded from cache
2026-04-28 11:48:25,927 | INFO | 001510 | 현재가 6,120원. 보유 중이지만 익절 목표 6,150원과 손절 기준 5,939원 사이에 있어 유지합니다에 따라 보유 또는 관망을 유지합니다.
2026-04-28 11:48:30,928 | INFO | account balance loaded from cache
2026-04-28 11:48:30,928 | INFO | market price loaded from cache
2026-04-28 11:48:30,928 | INFO | 005930 | 현재가 222,250원. 기준가 224,500원 대비 돌파 기준 226,745원에 아직 도달하지 않아 관망합니다에 따라 보유 또는 관망을 유지합니다.
2026-04-28 11:48:30,929 | INFO | market price loaded from cache
2026-04-28 11:48:30,929 | INFO | 001510 | 현재가 6,120원. 보유 중이지만 익절 목표 6,150원과 손절 기준 5,939원 사이에 있어 유지합니다에 따라 보유 또는 관망을 유지합니다.
2026-04-28 11:48:35,932 | INFO | account balance loaded from cache
2026-04-28 11:48:35,932 | INFO | market price loaded from cache
2026-04-28 11:48:35,932 | INFO | 005930 | 현재가 222,250원. 기준가 224,500원 대비 돌파 기준 226,745원에 아직 도달하지 않아 관망합니다에 따라 보유 또는 관망을 유지합니다.
2026-04-28 11:48:35,932 | INFO | market price loaded from cache
2026-04-28 11:48:35,932 | INFO | 001510 | 현재가 6,120원. 보유 중이지만 익절 목표 6,150원과 손절 기준 5,939원 사이에 있어 유지합니다에 따라 보유 또는 관망을 유지합니다.
2026-04-28 11:48:40,933 | INFO | account balance loaded from cache
2026-04-28 11:48:40,933 | INFO | market price loaded from cache
2026-04-28 11:48:40,934 | INFO | 005930 | 현재가 222,250원. 기준가 224,500원 대비 돌파 기준 226,745원에 아직 도달하지 않아 관망합니다에 따라 보유 또는 관망을 유지합니다.
2026-04-28 11:48:40,934 | INFO | market price loaded from cache
2026-04-28 11:48:40,934 | INFO | 001510 | 현재가 6,120원. 보유 중이지만 익절 목표 6,150원과 손절 기준 5,939원 사이에 있어 유지합니다에 따라 보유 또는 관망을 유지합니다.
2026-04-28 11:48:45,937 | INFO | account balance loaded from cache
2026-04-28 11:48:45,937 | INFO | market price loaded from cache
2026-04-28 11:48:45,937 | INFO | 005930 | 현재가 222,250원. 기준가 224,500원 대비 돌파 기준 226,745원에 아직 도달하지 않아 관망합니다에 따라 보유 또는 관망을 유지합니다.
2026-04-28 11:48:45,937 | INFO | market price loaded from cache
2026-04-28 11:48:45,937 | INFO | 001510 | 현재가 6,120원. 보유 중이지만 익절 목표 6,150원과 손절 기준 5,939원 사이에 있어 유지합니다에 따라 보유 또는 관망을 유지합니다.
2026-04-28 11:48:50,938 | INFO | account balance loaded from cache
2026-04-28 11:48:50,938 | INFO | market price loaded from cache
2026-04-28 11:48:50,938 | INFO | 005930 | 현재가 222,250원. 기준가 224,500원 대비 돌파 기준 226,745원에 아직 도달하지 않아 관망합니다에 따라 보유 또는 관망을 유지합니다.
2026-04-28 11:48:50,938 | INFO | market price loaded from cache
2026-04-28 11:48:50,938 | INFO | 001510 | 현재가 6,120원. 보유 중이지만 익절 목표 6,150원과 손절 기준 5,939원 사이에 있어 유지합니다에 따라 보유 또는 관망을 유지합니다.
2026-04-28 11:48:55,939 | INFO | account balance loaded from cache
2026-04-28 11:48:55,940 | INFO | market price loaded from cache
2026-04-28 11:48:55,940 | INFO | 005930 | 현재가 222,250원. 기준가 224,500원 대비 돌파 기준 226,745원에 아직 도달하지 않아 관망합니다에 따라 보유 또는 관망을 유지합니다.
2026-04-28 11:48:55,940 | INFO | market price loaded from cache
2026-04-28 11:48:55,940 | INFO | 001510 | 현재가 6,120원. 보유 중이지만 익절 목표 6,150원과 손절 기준 5,939원 사이에 있어 유지합니다에 따라 보유 또는 관망을 유지합니다.
2026-04-28 11:49:00,941 | INFO | account balance loaded from cache
2026-04-28 11:49:00,941 | INFO | market price loaded from cache
2026-04-28 11:49:00,941 | INFO | 005930 | 현재가 222,250원. 기준가 224,500원 대비 돌파 기준 226,745원에 아직 도달하지 않아 관망합니다에 따라 보유 또는 관망을 유지합니다.
2026-04-28 11:49:00,941 | INFO | market price loaded from cache
2026-04-28 11:49:00,941 | INFO | 001510 | 현재가 6,120원. 보유 중이지만 익절 목표 6,150원과 손절 기준 5,939원 사이에 있어 유지합니다에 따라 보유 또는 관망을 유지합니다.
2026-04-28 11:49:05,942 | INFO | account balance loaded from cache
2026-04-28 11:49:05,942 | INFO | market price loaded from cache
2026-04-28 11:49:05,942 | INFO | 005930 | 현재가 222,250원. 기준가 224,500원 대비 돌파 기준 226,745원에 아직 도달하지 않아 관망합니다에 따라 보유 또는 관망을 유지합니다.
2026-04-28 11:49:05,942 | INFO | market price loaded from cache
2026-04-28 11:49:05,942 | INFO | 001510 | 현재가 6,120원. 보유 중이지만 익절 목표 6,150원과 손절 기준 5,939원 사이에 있어 유지합니다에 따라 보유 또는 관망을 유지합니다.
2026-04-28 11:49:10,943 | INFO | account balance loaded from cache
2026-04-28 11:49:10,943 | INFO | market price loaded from cache
2026-04-28 11:49:10,943 | INFO | 005930 | 현재가 222,250원. 기준가 224,500원 대비 돌파 기준 226,745원에 아직 도달하지 않아 관망합니다에 따라 보유 또는 관망을 유지합니다.
2026-04-28 11:49:10,944 | INFO | market price loaded from cache
2026-04-28 11:49:10,944 | INFO | 001510 | 현재가 6,120원. 보유 중이지만 익절 목표 6,150원과 손절 기준 5,939원 사이에 있어 유지합니다에 따라 보유 또는 관망을 유지합니다.
2026-04-28 11:49:15,944 | INFO | account balance loaded from cache
2026-04-28 11:49:15,944 | INFO | market price loaded from cache
2026-04-28 11:49:15,945 | INFO | 005930 | 현재가 222,250원. 기준가 224,500원 대비 돌파 기준 226,745원에 아직 도달하지 않아 관망합니다에 따라 보유 또는 관망을 유지합니다.
2026-04-28 11:49:15,945 | INFO | market price loaded from cache
2026-04-28 11:49:15,945 | INFO | 001510 | 현재가 6,120원. 보유 중이지만 익절 목표 6,150원과 손절 기준 5,939원 사이에 있어 유지합니다에 따라 보유 또는 관망을 유지합니다.
2026-04-28 11:49:20,946 | INFO | account balance loaded from cache
2026-04-28 11:49:20,946 | INFO | market price loaded from cache
2026-04-28 11:49:20,946 | INFO | 005930 | 현재가 222,250원. 기준가 224,500원 대비 돌파 기준 226,745원에 아직 도달하지 않아 관망합니다에 따라 보유 또는 관망을 유지합니다.
2026-04-28 11:49:20,946 | INFO | market price loaded from cache
2026-04-28 11:49:20,947 | INFO | 001510 | 현재가 6,120원. 보유 중이지만 익절 목표 6,150원과 손절 기준 5,939원 사이에 있어 유지합니다에 따라 보유 또는 관망을 유지합니다.
2026-04-28 11:49:25,949 | INFO | account balance loaded from cache
2026-04-28 11:49:25,949 | INFO | market price loaded from cache
2026-04-28 11:49:25,949 | INFO | 005930 | 현재가 222,250원. 기준가 224,500원 대비 돌파 기준 226,745원에 아직 도달하지 않아 관망합니다에 따라 보유 또는 관망을 유지합니다.
2026-04-28 11:49:25,949 | INFO | market price loaded from cache
2026-04-28 11:49:25,950 | INFO | 001510 | 현재가 6,120원. 보유 중이지만 익절 목표 6,150원과 손절 기준 5,939원 사이에 있어 유지합니다에 따라 보유 또는 관망을 유지합니다.
2026-04-28 11:49:30,950 | INFO | account balance loaded from cache
2026-04-28 11:49:30,950 | INFO | market price loaded from cache
2026-04-28 11:49:30,950 | INFO | 005930 | 현재가 222,250원. 기준가 224,500원 대비 돌파 기준 226,745원에 아직 도달하지 않아 관망합니다에 따라 보유 또는 관망을 유지합니다.
2026-04-28 11:49:30,950 | INFO | market price loaded from cache
2026-04-28 11:49:30,951 | INFO | 001510 | 현재가 6,120원. 보유 중이지만 익절 목표 6,150원과 손절 기준 5,939원 사이에 있어 유지합니다에 따라 보유 또는 관망을 유지합니다.
2026-04-28 11:49:35,952 | INFO | account balance loaded from cache
2026-04-28 11:49:35,952 | INFO | market price loaded from cache
2026-04-28 11:49:35,952 | INFO | 005930 | 현재가 222,250원. 기준가 224,500원 대비 돌파 기준 226,745원에 아직 도달하지 않아 관망합니다에 따라 보유 또는 관망을 유지합니다.
2026-04-28 11:49:35,952 | INFO | market price loaded from cache
2026-04-28 11:49:35,952 | INFO | 001510 | 현재가 6,120원. 보유 중이지만 익절 목표 6,150원과 손절 기준 5,939원 사이에 있어 유지합니다에 따라 보유 또는 관망을 유지합니다.
2026-04-28 11:49:40,953 | INFO | account balance loaded from cache
2026-04-28 11:49:40,953 | INFO | market price loaded from cache
2026-04-28 11:49:40,953 | INFO | 005930 | 현재가 222,250원. 기준가 224,500원 대비 돌파 기준 226,745원에 아직 도달하지 않아 관망합니다에 따라 보유 또는 관망을 유지합니다.
2026-04-28 11:49:40,953 | INFO | market price loaded from cache
2026-04-28 11:49:40,953 | INFO | 001510 | 현재가 6,120원. 보유 중이지만 익절 목표 6,150원과 손절 기준 5,939원 사이에 있어 유지합니다에 따라 보유 또는 관망을 유지합니다.
2026-04-28 11:49:45,954 | INFO | account balance loaded from cache
2026-04-28 11:49:45,954 | INFO | market price loaded from cache
2026-04-28 11:49:45,954 | INFO | 005930 | 현재가 222,250원. 기준가 224,500원 대비 돌파 기준 226,745원에 아직 도달하지 않아 관망합니다에 따라 보유 또는 관망을 유지합니다.
2026-04-28 11:49:45,954 | INFO | market price loaded from cache
2026-04-28 11:49:45,954 | INFO | 001510 | 현재가 6,120원. 보유 중이지만 익절 목표 6,150원과 손절 기준 5,939원 사이에 있어 유지합니다에 따라 보유 또는 관망을 유지합니다.
2026-04-28 11:49:50,955 | INFO | account balance loaded from cache
2026-04-28 11:49:50,955 | INFO | market price loaded from cache
2026-04-28 11:49:50,955 | INFO | 005930 | 현재가 222,250원. 기준가 224,500원 대비 돌파 기준 226,745원에 아직 도달하지 않아 관망합니다에 따라 보유 또는 관망을 유지합니다.
2026-04-28 11:49:50,955 | INFO | market price loaded from cache
2026-04-28 11:49:50,955 | INFO | 001510 | 현재가 6,120원. 보유 중이지만 익절 목표 6,150원과 손절 기준 5,939원 사이에 있어 유지합니다에 따라 보유 또는 관망을 유지합니다.
2026-04-28 11:49:55,957 | INFO | account balance loaded from cache
2026-04-28 11:49:55,957 | INFO | market price loaded from cache
2026-04-28 11:49:55,957 | INFO | 005930 | 현재가 222,250원. 기준가 224,500원 대비 돌파 기준 226,745원에 아직 도달하지 않아 관망합니다에 따라 보유 또는 관망을 유지합니다.
2026-04-28 11:49:55,957 | INFO | market price loaded from cache
2026-04-28 11:49:55,957 | INFO | 001510 | 현재가 6,120원. 보유 중이지만 익절 목표 6,150원과 손절 기준 5,939원 사이에 있어 유지합니다에 따라 보유 또는 관망을 유지합니다.
2026-04-28 11:50:00,958 | INFO | account balance loaded from cache
2026-04-28 11:50:00,958 | INFO | market price loaded from cache
2026-04-28 11:50:00,958 | INFO | 005930 | 현재가 222,250원. 기준가 224,500원 대비 돌파 기준 226,745원에 아직 도달하지 않아 관망합니다에 따라 보유 또는 관망을 유지합니다.
2026-04-28 11:50:00,958 | INFO | market price loaded from cache
2026-04-28 11:50:00,958 | INFO | 001510 | 현재가 6,120원. 보유 중이지만 익절 목표 6,150원과 손절 기준 5,939원 사이에 있어 유지합니다에 따라 보유 또는 관망을 유지합니다.
2026-04-28 11:50:05,960 | INFO | account balance loaded from cache
2026-04-28 11:50:05,960 | INFO | market price loaded from cache
2026-04-28 11:50:05,960 | INFO | 005930 | 현재가 222,250원. 기준가 224,500원 대비 돌파 기준 226,745원에 아직 도달하지 않아 관망합니다에 따라 보유 또는 관망을 유지합니다.
2026-04-28 11:50:05,960 | INFO | market price loaded from cache
2026-04-28 11:50:05,960 | INFO | 001510 | 현재가 6,120원. 보유 중이지만 익절 목표 6,150원과 손절 기준 5,939원 사이에 있어 유지합니다에 따라 보유 또는 관망을 유지합니다.
2026-04-28 11:50:10,964 | INFO | account balance loaded from cache
2026-04-28 11:50:10,965 | INFO | market price loaded from cache
2026-04-28 11:50:10,965 | INFO | 005930 | 현재가 222,250원. 기준가 224,500원 대비 돌파 기준 226,745원에 아직 도달하지 않아 관망합니다에 따라 보유 또는 관망을 유지합니다.
2026-04-28 11:50:10,965 | INFO | market price loaded from cache
2026-04-28 11:50:10,965 | INFO | 001510 | 현재가 6,120원. 보유 중이지만 익절 목표 6,150원과 손절 기준 5,939원 사이에 있어 유지합니다에 따라 보유 또는 관망을 유지합니다.
2026-04-28 11:50:15,966 | INFO | account balance loaded from cache
2026-04-28 11:50:15,966 | INFO | market price loaded from cache
2026-04-28 11:50:15,967 | INFO | 005930 | 현재가 222,250원. 기준가 224,500원 대비 돌파 기준 226,745원에 아직 도달하지 않아 관망합니다에 따라 보유 또는 관망을 유지합니다.
2026-04-28 11:50:15,967 | INFO | market price loaded from cache
2026-04-28 11:50:15,967 | INFO | 001510 | 현재가 6,120원. 보유 중이지만 익절 목표 6,150원과 손절 기준 5,939원 사이에 있어 유지합니다에 따라 보유 또는 관망을 유지합니다.
2026-04-28 11:50:20,970 | INFO | account balance loaded from cache
2026-04-28 11:50:20,970 | INFO | market price loaded from cache
2026-04-28 11:50:20,970 | INFO | 005930 | 현재가 222,250원. 기준가 224,500원 대비 돌파 기준 226,745원에 아직 도달하지 않아 관망합니다에 따라 보유 또는 관망을 유지합니다.
2026-04-28 11:50:20,970 | INFO | market price loaded from cache
2026-04-28 11:50:20,970 | INFO | 001510 | 현재가 6,120원. 보유 중이지만 익절 목표 6,150원과 손절 기준 5,939원 사이에 있어 유지합니다에 따라 보유 또는 관망을 유지합니다.
2026-04-28 11:50:25,971 | INFO | account balance loaded from cache
2026-04-28 11:50:25,971 | INFO | market price loaded from cache
2026-04-28 11:50:25,971 | INFO | 005930 | 현재가 222,250원. 기준가 224,500원 대비 돌파 기준 226,745원에 아직 도달하지 않아 관망합니다에 따라 보유 또는 관망을 유지합니다.
2026-04-28 11:50:25,972 | INFO | market price loaded from cache
2026-04-28 11:50:25,972 | INFO | 001510 | 현재가 6,120원. 보유 중이지만 익절 목표 6,150원과 손절 기준 5,939원 사이에 있어 유지합니다에 따라 보유 또는 관망을 유지합니다.
2026-04-28 11:50:30,974 | INFO | account balance loaded from cache
2026-04-28 11:50:30,974 | INFO | market price loaded from cache
2026-04-28 11:50:30,974 | INFO | 005930 | 현재가 222,250원. 기준가 224,500원 대비 돌파 기준 226,745원에 아직 도달하지 않아 관망합니다에 따라 보유 또는 관망을 유지합니다.
2026-04-28 11:50:30,975 | INFO | market price loaded from cache
2026-04-28 11:50:30,975 | INFO | 001510 | 현재가 6,120원. 보유 중이지만 익절 목표 6,150원과 손절 기준 5,939원 사이에 있어 유지합니다에 따라 보유 또는 관망을 유지합니다.
2026-04-28 11:50:35,976 | INFO | account balance loaded from cache
2026-04-28 11:50:35,976 | INFO | market price loaded from cache
2026-04-28 11:50:35,976 | INFO | 005930 | 현재가 222,250원. 기준가 224,500원 대비 돌파 기준 226,745원에 아직 도달하지 않아 관망합니다에 따라 보유 또는 관망을 유지합니다.
2026-04-28 11:50:35,976 | INFO | market price loaded from cache
2026-04-28 11:50:35,976 | INFO | 001510 | 현재가 6,120원. 보유 중이지만 익절 목표 6,150원과 손절 기준 5,939원 사이에 있어 유지합니다에 따라 보유 또는 관망을 유지합니다.
2026-04-28 11:50:38,003 | INFO | application stopped by user
2026-04-28 11:53:52,411 | INFO | application started
2026-04-28 11:53:52,411 | ERROR | unexpected error: 'TradingService' object has no attribute 'run_once'
Traceback (most recent call last):
  File "C:\Users\winn\Desktop\kiwoom-auto-trader-ver1\app\main.py", line 107, in main
    trading_service.run_once()
    ^^^^^^^^^^^^^^^^^^^^^^^^
AttributeError: 'TradingService' object has no attribute 'run_once'
2026-04-28 11:53:57,412 | ERROR | unexpected error: 'TradingService' object has no attribute 'run_once'
Traceback (most recent call last):
  File "C:\Users\winn\Desktop\kiwoom-auto-trader-ver1\app\main.py", line 107, in main
    trading_service.run_once()
    ^^^^^^^^^^^^^^^^^^^^^^^^
AttributeError: 'TradingService' object has no attribute 'run_once'
2026-04-28 11:54:02,413 | ERROR | unexpected error: 'TradingService' object has no attribute 'run_once'
Traceback (most recent call last):
  File "C:\Users\winn\Desktop\kiwoom-auto-trader-ver1\app\main.py", line 107, in main
    trading_service.run_once()
    ^^^^^^^^^^^^^^^^^^^^^^^^
AttributeError: 'TradingService' object has no attribute 'run_once'
2026-04-28 11:54:07,414 | ERROR | unexpected error: 'TradingService' object has no attribute 'run_once'
Traceback (most recent call last):
  File "C:\Users\winn\Desktop\kiwoom-auto-trader-ver1\app\main.py", line 107, in main
    trading_service.run_once()
    ^^^^^^^^^^^^^^^^^^^^^^^^
AttributeError: 'TradingService' object has no attribute 'run_once'
2026-04-28 11:54:12,415 | ERROR | unexpected error: 'TradingService' object has no attribute 'run_once'
Traceback (most recent call last):
  File "C:\Users\winn\Desktop\kiwoom-auto-trader-ver1\app\main.py", line 107, in main
    trading_service.run_once()
    ^^^^^^^^^^^^^^^^^^^^^^^^
AttributeError: 'TradingService' object has no attribute 'run_once'
2026-04-28 11:54:17,415 | ERROR | unexpected error: 'TradingService' object has no attribute 'run_once'
Traceback (most recent call last):
  File "C:\Users\winn\Desktop\kiwoom-auto-trader-ver1\app\main.py", line 107, in main
    trading_service.run_once()
    ^^^^^^^^^^^^^^^^^^^^^^^^
AttributeError: 'TradingService' object has no attribute 'run_once'
2026-04-28 11:54:22,416 | ERROR | unexpected error: 'TradingService' object has no attribute 'run_once'
Traceback (most recent call last):
  File "C:\Users\winn\Desktop\kiwoom-auto-trader-ver1\app\main.py", line 107, in main
    trading_service.run_once()
    ^^^^^^^^^^^^^^^^^^^^^^^^
AttributeError: 'TradingService' object has no attribute 'run_once'
2026-04-28 11:54:27,417 | ERROR | unexpected error: 'TradingService' object has no attribute 'run_once'
Traceback (most recent call last):
  File "C:\Users\winn\Desktop\kiwoom-auto-trader-ver1\app\main.py", line 107, in main
    trading_service.run_once()
    ^^^^^^^^^^^^^^^^^^^^^^^^
AttributeError: 'TradingService' object has no attribute 'run_once'
2026-04-28 11:54:32,418 | ERROR | unexpected error: 'TradingService' object has no attribute 'run_once'
Traceback (most recent call last):
  File "C:\Users\winn\Desktop\kiwoom-auto-trader-ver1\app\main.py", line 107, in main
    trading_service.run_once()
    ^^^^^^^^^^^^^^^^^^^^^^^^
AttributeError: 'TradingService' object has no attribute 'run_once'
2026-04-28 11:54:37,419 | ERROR | unexpected error: 'TradingService' object has no attribute 'run_once'
Traceback (most recent call last):
  File "C:\Users\winn\Desktop\kiwoom-auto-trader-ver1\app\main.py", line 107, in main
    trading_service.run_once()
    ^^^^^^^^^^^^^^^^^^^^^^^^
AttributeError: 'TradingService' object has no attribute 'run_once'
2026-04-28 11:54:42,420 | ERROR | unexpected error: 'TradingService' object has no attribute 'run_once'
Traceback (most recent call last):
  File "C:\Users\winn\Desktop\kiwoom-auto-trader-ver1\app\main.py", line 107, in main
    trading_service.run_once()
    ^^^^^^^^^^^^^^^^^^^^^^^^
AttributeError: 'TradingService' object has no attribute 'run_once'
2026-04-28 11:54:47,420 | ERROR | unexpected error: 'TradingService' object has no attribute 'run_once'
Traceback (most recent call last):
  File "C:\Users\winn\Desktop\kiwoom-auto-trader-ver1\app\main.py", line 107, in main
    trading_service.run_once()
    ^^^^^^^^^^^^^^^^^^^^^^^^
AttributeError: 'TradingService' object has no attribute 'run_once'
2026-04-28 11:54:52,421 | ERROR | unexpected error: 'TradingService' object has no attribute 'run_once'
Traceback (most recent call last):
  File "C:\Users\winn\Desktop\kiwoom-auto-trader-ver1\app\main.py", line 107, in main
    trading_service.run_once()
    ^^^^^^^^^^^^^^^^^^^^^^^^
AttributeError: 'TradingService' object has no attribute 'run_once'
2026-04-28 11:54:57,422 | ERROR | unexpected error: 'TradingService' object has no attribute 'run_once'
Traceback (most recent call last):
  File "C:\Users\winn\Desktop\kiwoom-auto-trader-ver1\app\main.py", line 107, in main
    trading_service.run_once()
    ^^^^^^^^^^^^^^^^^^^^^^^^
AttributeError: 'TradingService' object has no attribute 'run_once'
2026-04-28 11:55:02,422 | ERROR | unexpected error: 'TradingService' object has no attribute 'run_once'
Traceback (most recent call last):
  File "C:\Users\winn\Desktop\kiwoom-auto-trader-ver1\app\main.py", line 107, in main
    trading_service.run_once()
    ^^^^^^^^^^^^^^^^^^^^^^^^
AttributeError: 'TradingService' object has no attribute 'run_once'
2026-04-28 11:55:18,622 | INFO | application started
2026-04-28 11:55:18,678 | INFO | account balance loaded from api
2026-04-28 11:55:18,688 | INFO | market price loaded from api
2026-04-28 11:55:18,688 | INFO | [HOLD] 005930 | 현재가 222,250원 | 기준가 224,500원 대비 돌파 기준 226,745원에 아직 도달하지 않아 관망합니다
2026-04-28 11:55:18,698 | INFO | market price loaded from api
2026-04-28 11:55:18,698 | INFO | [HOLD] 001510 | 현재가 6,130원 | 보유 중이지만 익절 목표 6,150원과 손절 기준 5,939원 사이에 있어 유지합니다
2026-04-28 11:55:23,699 | INFO | account balance loaded from cache
2026-04-28 11:55:23,699 | INFO | market price loaded from cache
2026-04-28 11:55:23,699 | INFO | [HOLD] 005930 | 현재가 222,250원 | 기준가 224,500원 대비 돌파 기준 226,745원에 아직 도달하지 않아 관망합니다
2026-04-28 11:55:23,699 | INFO | market price loaded from cache
2026-04-28 11:55:23,699 | INFO | [HOLD] 001510 | 현재가 6,130원 | 보유 중이지만 익절 목표 6,150원과 손절 기준 5,939원 사이에 있어 유지합니다
2026-04-28 11:55:28,700 | INFO | account balance loaded from cache
2026-04-28 11:55:28,700 | INFO | market price loaded from cache
2026-04-28 11:55:28,700 | INFO | [HOLD] 005930 | 현재가 222,250원 | 기준가 224,500원 대비 돌파 기준 226,745원에 아직 도달하지 않아 관망합니다
2026-04-28 11:55:28,700 | INFO | market price loaded from cache
2026-04-28 11:55:28,701 | INFO | [HOLD] 001510 | 현재가 6,130원 | 보유 중이지만 익절 목표 6,150원과 손절 기준 5,939원 사이에 있어 유지합니다
2026-04-28 11:55:33,701 | INFO | account balance loaded from cache
2026-04-28 11:55:33,701 | INFO | market price loaded from cache
2026-04-28 11:55:33,702 | INFO | [HOLD] 005930 | 현재가 222,250원 | 기준가 224,500원 대비 돌파 기준 226,745원에 아직 도달하지 않아 관망합니다
2026-04-28 11:55:33,702 | INFO | market price loaded from cache
2026-04-28 11:55:33,702 | INFO | [HOLD] 001510 | 현재가 6,130원 | 보유 중이지만 익절 목표 6,150원과 손절 기준 5,939원 사이에 있어 유지합니다
2026-04-28 11:55:38,702 | INFO | account balance loaded from cache
2026-04-28 11:55:38,702 | INFO | market price loaded from cache
2026-04-28 11:55:38,703 | INFO | [HOLD] 005930 | 현재가 222,250원 | 기준가 224,500원 대비 돌파 기준 226,745원에 아직 도달하지 않아 관망합니다
2026-04-28 11:55:38,703 | INFO | market price loaded from cache
2026-04-28 11:55:38,703 | INFO | [HOLD] 001510 | 현재가 6,130원 | 보유 중이지만 익절 목표 6,150원과 손절 기준 5,939원 사이에 있어 유지합니다
2026-04-28 11:55:43,704 | INFO | account balance loaded from cache
2026-04-28 11:55:43,704 | INFO | market price loaded from cache
2026-04-28 11:55:43,704 | INFO | [HOLD] 005930 | 현재가 222,250원 | 기준가 224,500원 대비 돌파 기준 226,745원에 아직 도달하지 않아 관망합니다
2026-04-28 11:55:43,704 | INFO | market price loaded from cache
2026-04-28 11:55:43,704 | INFO | [HOLD] 001510 | 현재가 6,130원 | 보유 중이지만 익절 목표 6,150원과 손절 기준 5,939원 사이에 있어 유지합니다
2026-04-28 11:55:48,705 | INFO | account balance loaded from cache
2026-04-28 11:55:48,705 | INFO | market price loaded from cache
2026-04-28 11:55:48,705 | INFO | [HOLD] 005930 | 현재가 222,250원 | 기준가 224,500원 대비 돌파 기준 226,745원에 아직 도달하지 않아 관망합니다
2026-04-28 11:55:48,705 | INFO | market price loaded from cache
2026-04-28 11:55:48,705 | INFO | [HOLD] 001510 | 현재가 6,130원 | 보유 중이지만 익절 목표 6,150원과 손절 기준 5,939원 사이에 있어 유지합니다
2026-04-28 11:55:53,706 | INFO | account balance loaded from cache
2026-04-28 11:55:53,707 | INFO | market price loaded from cache
2026-04-28 11:55:53,707 | INFO | [HOLD] 005930 | 현재가 222,250원 | 기준가 224,500원 대비 돌파 기준 226,745원에 아직 도달하지 않아 관망합니다
2026-04-28 11:55:53,707 | INFO | market price loaded from cache
2026-04-28 11:55:53,707 | INFO | [HOLD] 001510 | 현재가 6,130원 | 보유 중이지만 익절 목표 6,150원과 손절 기준 5,939원 사이에 있어 유지합니다
2026-04-28 11:55:58,708 | INFO | account balance loaded from cache
2026-04-28 11:55:58,708 | INFO | market price loaded from cache
2026-04-28 11:55:58,708 | INFO | [HOLD] 005930 | 현재가 222,250원 | 기준가 224,500원 대비 돌파 기준 226,745원에 아직 도달하지 않아 관망합니다
2026-04-28 11:55:58,708 | INFO | market price loaded from cache
2026-04-28 11:55:58,708 | INFO | [HOLD] 001510 | 현재가 6,130원 | 보유 중이지만 익절 목표 6,150원과 손절 기준 5,939원 사이에 있어 유지합니다
2026-04-28 11:56:03,709 | INFO | account balance loaded from cache
2026-04-28 11:56:03,710 | INFO | market price loaded from cache
2026-04-28 11:56:03,710 | INFO | [HOLD] 005930 | 현재가 222,250원 | 기준가 224,500원 대비 돌파 기준 226,745원에 아직 도달하지 않아 관망합니다
2026-04-28 11:56:03,710 | INFO | market price loaded from cache
2026-04-28 11:56:03,710 | INFO | [HOLD] 001510 | 현재가 6,130원 | 보유 중이지만 익절 목표 6,150원과 손절 기준 5,939원 사이에 있어 유지합니다
2026-04-28 11:56:08,710 | INFO | account balance loaded from cache
2026-04-28 11:56:08,711 | INFO | market price loaded from cache
2026-04-28 11:56:08,711 | INFO | [HOLD] 005930 | 현재가 222,250원 | 기준가 224,500원 대비 돌파 기준 226,745원에 아직 도달하지 않아 관망합니다
2026-04-28 11:56:08,711 | INFO | market price loaded from cache
2026-04-28 11:56:08,711 | INFO | [HOLD] 001510 | 현재가 6,130원 | 보유 중이지만 익절 목표 6,150원과 손절 기준 5,939원 사이에 있어 유지합니다
2026-04-28 11:56:13,712 | INFO | account balance loaded from cache
2026-04-28 11:56:13,712 | INFO | market price loaded from cache
2026-04-28 11:56:13,712 | INFO | [HOLD] 005930 | 현재가 222,250원 | 기준가 224,500원 대비 돌파 기준 226,745원에 아직 도달하지 않아 관망합니다
2026-04-28 11:56:13,713 | INFO | market price loaded from cache
2026-04-28 11:56:13,713 | INFO | [HOLD] 001510 | 현재가 6,130원 | 보유 중이지만 익절 목표 6,150원과 손절 기준 5,939원 사이에 있어 유지합니다
2026-04-28 11:56:18,715 | INFO | account balance loaded from cache
2026-04-28 11:56:18,716 | INFO | market price loaded from cache
2026-04-28 11:56:18,716 | INFO | [HOLD] 005930 | 현재가 222,250원 | 기준가 224,500원 대비 돌파 기준 226,745원에 아직 도달하지 않아 관망합니다
2026-04-28 11:56:18,716 | INFO | market price loaded from cache
2026-04-28 11:56:18,716 | INFO | [HOLD] 001510 | 현재가 6,130원 | 보유 중이지만 익절 목표 6,150원과 손절 기준 5,939원 사이에 있어 유지합니다
2026-04-28 11:56:23,716 | INFO | account balance loaded from cache
2026-04-28 11:56:23,717 | INFO | market price loaded from cache
2026-04-28 11:56:23,717 | INFO | [HOLD] 005930 | 현재가 222,250원 | 기준가 224,500원 대비 돌파 기준 226,745원에 아직 도달하지 않아 관망합니다
2026-04-28 11:56:23,717 | INFO | market price loaded from cache
2026-04-28 11:56:23,717 | INFO | [HOLD] 001510 | 현재가 6,130원 | 보유 중이지만 익절 목표 6,150원과 손절 기준 5,939원 사이에 있어 유지합니다
2026-04-28 11:56:28,717 | INFO | account balance loaded from cache
2026-04-28 11:56:28,718 | INFO | market price loaded from cache
2026-04-28 11:56:28,718 | INFO | [HOLD] 005930 | 현재가 222,250원 | 기준가 224,500원 대비 돌파 기준 226,745원에 아직 도달하지 않아 관망합니다
2026-04-28 11:56:28,718 | INFO | market price loaded from cache
2026-04-28 11:56:28,718 | INFO | [HOLD] 001510 | 현재가 6,130원 | 보유 중이지만 익절 목표 6,150원과 손절 기준 5,939원 사이에 있어 유지합니다
2026-04-28 11:56:33,719 | INFO | account balance loaded from cache
2026-04-28 11:56:33,719 | INFO | market price loaded from cache
2026-04-28 11:56:33,719 | INFO | [HOLD] 005930 | 현재가 222,250원 | 기준가 224,500원 대비 돌파 기준 226,745원에 아직 도달하지 않아 관망합니다
2026-04-28 11:56:33,719 | INFO | market price loaded from cache
2026-04-28 11:56:33,720 | INFO | [HOLD] 001510 | 현재가 6,130원 | 보유 중이지만 익절 목표 6,150원과 손절 기준 5,939원 사이에 있어 유지합니다
2026-04-28 11:56:38,722 | INFO | account balance loaded from cache
2026-04-28 11:56:38,722 | INFO | market price loaded from cache
2026-04-28 11:56:38,723 | INFO | [HOLD] 005930 | 현재가 222,250원 | 기준가 224,500원 대비 돌파 기준 226,745원에 아직 도달하지 않아 관망합니다
2026-04-28 11:56:38,723 | INFO | market price loaded from cache
2026-04-28 11:56:38,723 | INFO | [HOLD] 001510 | 현재가 6,130원 | 보유 중이지만 익절 목표 6,150원과 손절 기준 5,939원 사이에 있어 유지합니다
2026-04-28 11:56:43,724 | INFO | account balance loaded from cache
2026-04-28 11:56:43,724 | INFO | market price loaded from cache
2026-04-28 11:56:43,724 | INFO | [HOLD] 005930 | 현재가 222,250원 | 기준가 224,500원 대비 돌파 기준 226,745원에 아직 도달하지 않아 관망합니다
2026-04-28 11:56:43,724 | INFO | market price loaded from cache
2026-04-28 11:56:43,724 | INFO | [HOLD] 001510 | 현재가 6,130원 | 보유 중이지만 익절 목표 6,150원과 손절 기준 5,939원 사이에 있어 유지합니다
2026-04-28 11:56:48,725 | INFO | account balance loaded from cache
2026-04-28 11:56:48,726 | INFO | market price loaded from cache
2026-04-28 11:56:48,726 | INFO | [HOLD] 005930 | 현재가 222,250원 | 기준가 224,500원 대비 돌파 기준 226,745원에 아직 도달하지 않아 관망합니다
2026-04-28 11:56:48,727 | INFO | market price loaded from cache
2026-04-28 11:56:48,727 | INFO | [HOLD] 001510 | 현재가 6,130원 | 보유 중이지만 익절 목표 6,150원과 손절 기준 5,939원 사이에 있어 유지합니다
2026-04-28 11:56:53,730 | INFO | account balance loaded from cache
2026-04-28 11:56:53,730 | INFO | market price loaded from cache
2026-04-28 11:56:53,730 | INFO | [HOLD] 005930 | 현재가 222,250원 | 기준가 224,500원 대비 돌파 기준 226,745원에 아직 도달하지 않아 관망합니다
2026-04-28 11:56:53,730 | INFO | market price loaded from cache
2026-04-28 11:56:53,730 | INFO | [HOLD] 001510 | 현재가 6,130원 | 보유 중이지만 익절 목표 6,150원과 손절 기준 5,939원 사이에 있어 유지합니다
2026-04-28 11:56:58,731 | INFO | account balance loaded from cache
2026-04-28 11:56:58,732 | INFO | market price loaded from cache
2026-04-28 11:56:58,732 | INFO | [HOLD] 005930 | 현재가 222,250원 | 기준가 224,500원 대비 돌파 기준 226,745원에 아직 도달하지 않아 관망합니다
2026-04-28 11:56:58,732 | INFO | market price loaded from cache
2026-04-28 11:56:58,732 | INFO | [HOLD] 001510 | 현재가 6,130원 | 보유 중이지만 익절 목표 6,150원과 손절 기준 5,939원 사이에 있어 유지합니다
2026-04-28 11:57:03,735 | INFO | account balance loaded from cache
2026-04-28 11:57:03,735 | INFO | market price loaded from cache
2026-04-28 11:57:03,735 | INFO | [HOLD] 005930 | 현재가 222,250원 | 기준가 224,500원 대비 돌파 기준 226,745원에 아직 도달하지 않아 관망합니다
2026-04-28 11:57:03,735 | INFO | market price loaded from cache
2026-04-28 11:57:03,735 | INFO | [HOLD] 001510 | 현재가 6,130원 | 보유 중이지만 익절 목표 6,150원과 손절 기준 5,939원 사이에 있어 유지합니다
2026-04-28 11:57:08,737 | INFO | account balance loaded from cache
2026-04-28 11:57:08,737 | INFO | market price loaded from cache
2026-04-28 11:57:08,737 | INFO | [HOLD] 005930 | 현재가 222,250원 | 기준가 224,500원 대비 돌파 기준 226,745원에 아직 도달하지 않아 관망합니다
2026-04-28 11:57:08,737 | INFO | market price loaded from cache
2026-04-28 11:57:08,737 | INFO | [HOLD] 001510 | 현재가 6,130원 | 보유 중이지만 익절 목표 6,150원과 손절 기준 5,939원 사이에 있어 유지합니다
2026-04-28 11:57:13,738 | INFO | account balance loaded from cache
2026-04-28 11:57:13,738 | INFO | market price loaded from cache
2026-04-28 11:57:13,738 | INFO | [HOLD] 005930 | 현재가 222,250원 | 기준가 224,500원 대비 돌파 기준 226,745원에 아직 도달하지 않아 관망합니다
2026-04-28 11:57:13,738 | INFO | market price loaded from cache
2026-04-28 11:57:13,738 | INFO | [HOLD] 001510 | 현재가 6,130원 | 보유 중이지만 익절 목표 6,150원과 손절 기준 5,939원 사이에 있어 유지합니다
2026-04-28 11:57:18,739 | INFO | account balance loaded from cache
2026-04-28 11:57:18,739 | INFO | market price loaded from cache
2026-04-28 11:57:18,739 | INFO | [HOLD] 005930 | 현재가 222,250원 | 기준가 224,500원 대비 돌파 기준 226,745원에 아직 도달하지 않아 관망합니다
2026-04-28 11:57:18,739 | INFO | market price loaded from cache
2026-04-28 11:57:18,739 | INFO | [HOLD] 001510 | 현재가 6,130원 | 보유 중이지만 익절 목표 6,150원과 손절 기준 5,939원 사이에 있어 유지합니다
2026-04-28 11:57:23,740 | INFO | account balance loaded from cache
2026-04-28 11:57:23,740 | INFO | market price loaded from cache
2026-04-28 11:57:23,740 | INFO | [HOLD] 005930 | 현재가 222,250원 | 기준가 224,500원 대비 돌파 기준 226,745원에 아직 도달하지 않아 관망합니다
2026-04-28 11:57:23,740 | INFO | market price loaded from cache
2026-04-28 11:57:23,740 | INFO | [HOLD] 001510 | 현재가 6,130원 | 보유 중이지만 익절 목표 6,150원과 손절 기준 5,939원 사이에 있어 유지합니다
2026-04-28 11:57:28,741 | INFO | account balance loaded from cache
2026-04-28 11:57:28,741 | INFO | market price loaded from cache
2026-04-28 11:57:28,741 | INFO | [HOLD] 005930 | 현재가 222,250원 | 기준가 224,500원 대비 돌파 기준 226,745원에 아직 도달하지 않아 관망합니다
2026-04-28 11:57:28,742 | INFO | market price loaded from cache
2026-04-28 11:57:28,742 | INFO | [HOLD] 001510 | 현재가 6,130원 | 보유 중이지만 익절 목표 6,150원과 손절 기준 5,939원 사이에 있어 유지합니다
2026-04-28 11:57:33,743 | INFO | account balance loaded from cache
2026-04-28 11:57:33,743 | INFO | market price loaded from cache
2026-04-28 11:57:33,743 | INFO | [HOLD] 005930 | 현재가 222,250원 | 기준가 224,500원 대비 돌파 기준 226,745원에 아직 도달하지 않아 관망합니다
2026-04-28 11:57:33,743 | INFO | market price loaded from cache
2026-04-28 11:57:33,743 | INFO | [HOLD] 001510 | 현재가 6,130원 | 보유 중이지만 익절 목표 6,150원과 손절 기준 5,939원 사이에 있어 유지합니다
2026-04-28 11:57:38,744 | INFO | account balance loaded from cache
2026-04-28 11:57:38,745 | INFO | market price loaded from cache
2026-04-28 11:57:38,745 | INFO | [HOLD] 005930 | 현재가 222,250원 | 기준가 224,500원 대비 돌파 기준 226,745원에 아직 도달하지 않아 관망합니다
2026-04-28 11:57:38,745 | INFO | market price loaded from cache
2026-04-28 11:57:38,745 | INFO | [HOLD] 001510 | 현재가 6,130원 | 보유 중이지만 익절 목표 6,150원과 손절 기준 5,939원 사이에 있어 유지합니다
2026-04-28 11:57:43,749 | INFO | account balance loaded from cache
2026-04-28 11:57:43,749 | INFO | market price loaded from cache
2026-04-28 11:57:43,749 | INFO | [HOLD] 005930 | 현재가 222,250원 | 기준가 224,500원 대비 돌파 기준 226,745원에 아직 도달하지 않아 관망합니다
2026-04-28 11:57:43,749 | INFO | market price loaded from cache
2026-04-28 11:57:43,749 | INFO | [HOLD] 001510 | 현재가 6,130원 | 보유 중이지만 익절 목표 6,150원과 손절 기준 5,939원 사이에 있어 유지합니다
2026-04-28 11:57:48,750 | INFO | account balance loaded from cache
2026-04-28 11:57:48,750 | INFO | market price loaded from cache
2026-04-28 11:57:48,750 | INFO | [HOLD] 005930 | 현재가 222,250원 | 기준가 224,500원 대비 돌파 기준 226,745원에 아직 도달하지 않아 관망합니다
2026-04-28 11:57:48,750 | INFO | market price loaded from cache
2026-04-28 11:57:48,750 | INFO | [HOLD] 001510 | 현재가 6,130원 | 보유 중이지만 익절 목표 6,150원과 손절 기준 5,939원 사이에 있어 유지합니다
2026-04-28 11:57:53,751 | INFO | account balance loaded from cache
2026-04-28 11:57:53,751 | INFO | market price loaded from cache
2026-04-28 11:57:53,752 | INFO | [HOLD] 005930 | 현재가 222,250원 | 기준가 224,500원 대비 돌파 기준 226,745원에 아직 도달하지 않아 관망합니다
2026-04-28 11:57:53,752 | INFO | market price loaded from cache
2026-04-28 11:57:53,752 | INFO | [HOLD] 001510 | 현재가 6,130원 | 보유 중이지만 익절 목표 6,150원과 손절 기준 5,939원 사이에 있어 유지합니다
2026-04-28 11:57:58,752 | INFO | account balance loaded from cache
2026-04-28 11:57:58,752 | INFO | market price loaded from cache
2026-04-28 11:57:58,753 | INFO | [HOLD] 005930 | 현재가 222,250원 | 기준가 224,500원 대비 돌파 기준 226,745원에 아직 도달하지 않아 관망합니다
2026-04-28 11:57:58,753 | INFO | market price loaded from cache
2026-04-28 11:57:58,753 | INFO | [HOLD] 001510 | 현재가 6,130원 | 보유 중이지만 익절 목표 6,150원과 손절 기준 5,939원 사이에 있어 유지합니다
2026-04-28 11:58:03,754 | INFO | account balance loaded from cache
2026-04-28 11:58:03,754 | INFO | market price loaded from cache
2026-04-28 11:58:03,754 | INFO | [HOLD] 005930 | 현재가 222,250원 | 기준가 224,500원 대비 돌파 기준 226,745원에 아직 도달하지 않아 관망합니다
2026-04-28 11:58:03,754 | INFO | market price loaded from cache
2026-04-28 11:58:03,754 | INFO | [HOLD] 001510 | 현재가 6,130원 | 보유 중이지만 익절 목표 6,150원과 손절 기준 5,939원 사이에 있어 유지합니다
2026-04-28 11:58:08,755 | INFO | account balance loaded from cache
2026-04-28 11:58:08,755 | INFO | market price loaded from cache
2026-04-28 11:58:08,756 | INFO | [HOLD] 005930 | 현재가 222,250원 | 기준가 224,500원 대비 돌파 기준 226,745원에 아직 도달하지 않아 관망합니다
2026-04-28 11:58:08,756 | INFO | market price loaded from cache
2026-04-28 11:58:08,756 | INFO | [HOLD] 001510 | 현재가 6,130원 | 보유 중이지만 익절 목표 6,150원과 손절 기준 5,939원 사이에 있어 유지합니다
2026-04-28 11:58:13,759 | INFO | account balance loaded from cache
2026-04-28 11:58:13,759 | INFO | market price loaded from cache
2026-04-28 11:58:13,759 | INFO | [HOLD] 005930 | 현재가 222,250원 | 기준가 224,500원 대비 돌파 기준 226,745원에 아직 도달하지 않아 관망합니다
2026-04-28 11:58:13,759 | INFO | market price loaded from cache
2026-04-28 11:58:13,759 | INFO | [HOLD] 001510 | 현재가 6,130원 | 보유 중이지만 익절 목표 6,150원과 손절 기준 5,939원 사이에 있어 유지합니다
2026-04-28 11:58:18,868 | INFO | account balance loaded from api
2026-04-28 11:58:18,869 | INFO | market price loaded from cache
2026-04-28 11:58:18,869 | INFO | [HOLD] 005930 | 현재가 222,250원 | 기준가 224,500원 대비 돌파 기준 226,745원에 아직 도달하지 않아 관망합니다
2026-04-28 11:58:18,869 | INFO | market price loaded from cache
2026-04-28 11:58:18,869 | INFO | [HOLD] 001510 | 현재가 6,130원 | 보유 중이지만 익절 목표 6,150원과 손절 기준 5,939원 사이에 있어 유지합니다
2026-04-28 11:58:23,869 | INFO | account balance loaded from cache
2026-04-28 11:58:23,869 | INFO | market price loaded from cache
2026-04-28 11:58:23,870 | INFO | [HOLD] 005930 | 현재가 222,250원 | 기준가 224,500원 대비 돌파 기준 226,745원에 아직 도달하지 않아 관망합니다
2026-04-28 11:58:23,870 | INFO | market price loaded from cache
2026-04-28 11:58:23,870 | INFO | [HOLD] 001510 | 현재가 6,130원 | 보유 중이지만 익절 목표 6,150원과 손절 기준 5,939원 사이에 있어 유지합니다
2026-04-28 11:58:28,870 | INFO | account balance loaded from cache
2026-04-28 11:58:28,871 | INFO | market price loaded from cache
2026-04-28 11:58:28,871 | INFO | [HOLD] 005930 | 현재가 222,250원 | 기준가 224,500원 대비 돌파 기준 226,745원에 아직 도달하지 않아 관망합니다
2026-04-28 11:58:28,871 | INFO | market price loaded from cache
2026-04-28 11:58:28,871 | INFO | [HOLD] 001510 | 현재가 6,130원 | 보유 중이지만 익절 목표 6,150원과 손절 기준 5,939원 사이에 있어 유지합니다
2026-04-28 11:58:33,872 | INFO | account balance loaded from cache
2026-04-28 11:58:33,872 | INFO | market price loaded from cache
2026-04-28 11:58:33,872 | INFO | [HOLD] 005930 | 현재가 222,250원 | 기준가 224,500원 대비 돌파 기준 226,745원에 아직 도달하지 않아 관망합니다
2026-04-28 11:58:33,872 | INFO | market price loaded from cache
2026-04-28 11:58:33,872 | INFO | [HOLD] 001510 | 현재가 6,130원 | 보유 중이지만 익절 목표 6,150원과 손절 기준 5,939원 사이에 있어 유지합니다
2026-04-28 11:58:38,873 | INFO | account balance loaded from cache
2026-04-28 11:58:38,873 | INFO | market price loaded from cache
2026-04-28 11:58:38,873 | INFO | [HOLD] 005930 | 현재가 222,250원 | 기준가 224,500원 대비 돌파 기준 226,745원에 아직 도달하지 않아 관망합니다
2026-04-28 11:58:38,873 | INFO | market price loaded from cache
2026-04-28 11:58:38,873 | INFO | [HOLD] 001510 | 현재가 6,130원 | 보유 중이지만 익절 목표 6,150원과 손절 기준 5,939원 사이에 있어 유지합니다
2026-04-28 11:58:43,874 | INFO | account balance loaded from cache
2026-04-28 11:58:43,874 | INFO | market price loaded from cache
2026-04-28 11:58:43,874 | INFO | [HOLD] 005930 | 현재가 222,250원 | 기준가 224,500원 대비 돌파 기준 226,745원에 아직 도달하지 않아 관망합니다
2026-04-28 11:58:43,874 | INFO | market price loaded from cache
2026-04-28 11:58:43,874 | INFO | [HOLD] 001510 | 현재가 6,130원 | 보유 중이지만 익절 목표 6,150원과 손절 기준 5,939원 사이에 있어 유지합니다
2026-04-28 11:58:48,875 | INFO | account balance loaded from cache
2026-04-28 11:58:48,875 | INFO | market price loaded from cache
2026-04-28 11:58:48,875 | INFO | [HOLD] 005930 | 현재가 222,250원 | 기준가 224,500원 대비 돌파 기준 226,745원에 아직 도달하지 않아 관망합니다
2026-04-28 11:58:48,875 | INFO | market price loaded from cache
2026-04-28 11:58:48,875 | INFO | [HOLD] 001510 | 현재가 6,130원 | 보유 중이지만 익절 목표 6,150원과 손절 기준 5,939원 사이에 있어 유지합니다
2026-04-28 11:58:53,876 | INFO | account balance loaded from cache
2026-04-28 11:58:53,876 | INFO | market price loaded from cache
2026-04-28 11:58:53,876 | INFO | [HOLD] 005930 | 현재가 222,250원 | 기준가 224,500원 대비 돌파 기준 226,745원에 아직 도달하지 않아 관망합니다
2026-04-28 11:58:53,876 | INFO | market price loaded from cache
2026-04-28 11:58:53,876 | INFO | [HOLD] 001510 | 현재가 6,130원 | 보유 중이지만 익절 목표 6,150원과 손절 기준 5,939원 사이에 있어 유지합니다
2026-04-28 11:58:58,877 | INFO | account balance loaded from cache
2026-04-28 11:58:58,878 | INFO | market price loaded from cache
2026-04-28 11:58:58,878 | INFO | [HOLD] 005930 | 현재가 222,250원 | 기준가 224,500원 대비 돌파 기준 226,745원에 아직 도달하지 않아 관망합니다
2026-04-28 11:58:58,878 | INFO | market price loaded from cache
2026-04-28 11:58:58,878 | INFO | [HOLD] 001510 | 현재가 6,130원 | 보유 중이지만 익절 목표 6,150원과 손절 기준 5,939원 사이에 있어 유지합니다
2026-04-28 11:59:03,879 | INFO | account balance loaded from cache
2026-04-28 11:59:03,879 | INFO | market price loaded from cache
2026-04-28 11:59:03,879 | INFO | [HOLD] 005930 | 현재가 222,250원 | 기준가 224,500원 대비 돌파 기준 226,745원에 아직 도달하지 않아 관망합니다
2026-04-28 11:59:03,880 | INFO | market price loaded from cache
2026-04-28 11:59:03,880 | INFO | [HOLD] 001510 | 현재가 6,130원 | 보유 중이지만 익절 목표 6,150원과 손절 기준 5,939원 사이에 있어 유지합니다
2026-04-28 11:59:08,883 | INFO | account balance loaded from cache
2026-04-28 11:59:08,883 | INFO | market price loaded from cache
2026-04-28 11:59:08,883 | INFO | [HOLD] 005930 | 현재가 222,250원 | 기준가 224,500원 대비 돌파 기준 226,745원에 아직 도달하지 않아 관망합니다
2026-04-28 11:59:08,883 | INFO | market price loaded from cache
2026-04-28 11:59:08,883 | INFO | [HOLD] 001510 | 현재가 6,130원 | 보유 중이지만 익절 목표 6,150원과 손절 기준 5,939원 사이에 있어 유지합니다
2026-04-28 11:59:13,884 | INFO | account balance loaded from cache
2026-04-28 11:59:13,884 | INFO | market price loaded from cache
2026-04-28 11:59:13,884 | INFO | [HOLD] 005930 | 현재가 222,250원 | 기준가 224,500원 대비 돌파 기준 226,745원에 아직 도달하지 않아 관망합니다
2026-04-28 11:59:13,884 | INFO | market price loaded from cache
2026-04-28 11:59:13,884 | INFO | [HOLD] 001510 | 현재가 6,130원 | 보유 중이지만 익절 목표 6,150원과 손절 기준 5,939원 사이에 있어 유지합니다
2026-04-28 11:59:18,885 | INFO | account balance loaded from cache
2026-04-28 11:59:18,885 | INFO | market price loaded from cache
2026-04-28 11:59:18,886 | INFO | [HOLD] 005930 | 현재가 222,250원 | 기준가 224,500원 대비 돌파 기준 226,745원에 아직 도달하지 않아 관망합니다
2026-04-28 11:59:18,886 | INFO | market price loaded from cache
2026-04-28 11:59:18,886 | INFO | [HOLD] 001510 | 현재가 6,130원 | 보유 중이지만 익절 목표 6,150원과 손절 기준 5,939원 사이에 있어 유지합니다
2026-04-28 11:59:23,887 | INFO | account balance loaded from cache
2026-04-28 11:59:23,887 | INFO | market price loaded from cache
2026-04-28 11:59:23,887 | INFO | [HOLD] 005930 | 현재가 222,250원 | 기준가 224,500원 대비 돌파 기준 226,745원에 아직 도달하지 않아 관망합니다
2026-04-28 11:59:23,887 | INFO | market price loaded from cache
2026-04-28 11:59:23,887 | INFO | [HOLD] 001510 | 현재가 6,130원 | 보유 중이지만 익절 목표 6,150원과 손절 기준 5,939원 사이에 있어 유지합니다
2026-04-28 11:59:28,888 | INFO | account balance loaded from cache
2026-04-28 11:59:28,888 | INFO | market price loaded from cache
2026-04-28 11:59:28,888 | INFO | [HOLD] 005930 | 현재가 222,250원 | 기준가 224,500원 대비 돌파 기준 226,745원에 아직 도달하지 않아 관망합니다
2026-04-28 11:59:28,888 | INFO | market price loaded from cache
2026-04-28 11:59:28,888 | INFO | [HOLD] 001510 | 현재가 6,130원 | 보유 중이지만 익절 목표 6,150원과 손절 기준 5,939원 사이에 있어 유지합니다
2026-04-28 11:59:33,889 | INFO | account balance loaded from cache
2026-04-28 11:59:33,889 | INFO | market price loaded from cache
2026-04-28 11:59:33,889 | INFO | [HOLD] 005930 | 현재가 222,250원 | 기준가 224,500원 대비 돌파 기준 226,745원에 아직 도달하지 않아 관망합니다
2026-04-28 11:59:33,889 | INFO | market price loaded from cache
2026-04-28 11:59:33,889 | INFO | [HOLD] 001510 | 현재가 6,130원 | 보유 중이지만 익절 목표 6,150원과 손절 기준 5,939원 사이에 있어 유지합니다
2026-04-28 11:59:38,890 | INFO | account balance loaded from cache
2026-04-28 11:59:38,891 | INFO | market price loaded from cache
2026-04-28 11:59:38,891 | INFO | [HOLD] 005930 | 현재가 222,250원 | 기준가 224,500원 대비 돌파 기준 226,745원에 아직 도달하지 않아 관망합니다
2026-04-28 11:59:38,891 | INFO | market price loaded from cache
2026-04-28 11:59:38,891 | INFO | [HOLD] 001510 | 현재가 6,130원 | 보유 중이지만 익절 목표 6,150원과 손절 기준 5,939원 사이에 있어 유지합니다
2026-04-28 11:59:43,893 | INFO | account balance loaded from cache
2026-04-28 11:59:43,893 | INFO | market price loaded from cache
2026-04-28 11:59:43,893 | INFO | [HOLD] 005930 | 현재가 222,250원 | 기준가 224,500원 대비 돌파 기준 226,745원에 아직 도달하지 않아 관망합니다
2026-04-28 11:59:43,893 | INFO | market price loaded from cache
2026-04-28 11:59:43,893 | INFO | [HOLD] 001510 | 현재가 6,130원 | 보유 중이지만 익절 목표 6,150원과 손절 기준 5,939원 사이에 있어 유지합니다
2026-04-28 11:59:48,894 | INFO | account balance loaded from cache
2026-04-28 11:59:48,895 | INFO | market price loaded from cache
2026-04-28 11:59:48,895 | INFO | [HOLD] 005930 | 현재가 222,250원 | 기준가 224,500원 대비 돌파 기준 226,745원에 아직 도달하지 않아 관망합니다
2026-04-28 11:59:48,895 | INFO | market price loaded from cache
2026-04-28 11:59:48,895 | INFO | [HOLD] 001510 | 현재가 6,130원 | 보유 중이지만 익절 목표 6,150원과 손절 기준 5,939원 사이에 있어 유지합니다
2026-04-28 11:59:53,898 | INFO | account balance loaded from cache
2026-04-28 11:59:53,898 | INFO | market price loaded from cache
2026-04-28 11:59:53,898 | INFO | [HOLD] 005930 | 현재가 222,250원 | 기준가 224,500원 대비 돌파 기준 226,745원에 아직 도달하지 않아 관망합니다
2026-04-28 11:59:53,898 | INFO | market price loaded from cache
2026-04-28 11:59:53,898 | INFO | [HOLD] 001510 | 현재가 6,130원 | 보유 중이지만 익절 목표 6,150원과 손절 기준 5,939원 사이에 있어 유지합니다
2026-04-28 11:59:58,899 | INFO | account balance loaded from cache
2026-04-28 11:59:58,899 | INFO | market price loaded from cache
2026-04-28 11:59:58,899 | INFO | [HOLD] 005930 | 현재가 222,250원 | 기준가 224,500원 대비 돌파 기준 226,745원에 아직 도달하지 않아 관망합니다
2026-04-28 11:59:58,899 | INFO | market price loaded from cache
2026-04-28 11:59:58,899 | INFO | [HOLD] 001510 | 현재가 6,130원 | 보유 중이지만 익절 목표 6,150원과 손절 기준 5,939원 사이에 있어 유지합니다
2026-04-28 12:00:03,900 | INFO | account balance loaded from cache
2026-04-28 12:00:03,900 | INFO | market price loaded from cache
2026-04-28 12:00:03,901 | INFO | [HOLD] 005930 | 현재가 222,250원 | 기준가 224,500원 대비 돌파 기준 226,745원에 아직 도달하지 않아 관망합니다
2026-04-28 12:00:03,901 | INFO | market price loaded from cache
2026-04-28 12:00:03,901 | INFO | [HOLD] 001510 | 현재가 6,130원 | 보유 중이지만 익절 목표 6,150원과 손절 기준 5,939원 사이에 있어 유지합니다
2026-04-28 12:00:08,903 | INFO | account balance loaded from cache
2026-04-28 12:00:08,903 | INFO | market price loaded from cache
2026-04-28 12:00:08,903 | INFO | [HOLD] 005930 | 현재가 222,250원 | 기준가 224,500원 대비 돌파 기준 226,745원에 아직 도달하지 않아 관망합니다
2026-04-28 12:00:08,903 | INFO | market price loaded from cache
2026-04-28 12:00:08,903 | INFO | [HOLD] 001510 | 현재가 6,130원 | 보유 중이지만 익절 목표 6,150원과 손절 기준 5,939원 사이에 있어 유지합니다
2026-04-28 12:00:13,904 | INFO | account balance loaded from cache
2026-04-28 12:00:13,905 | INFO | market price loaded from cache
2026-04-28 12:00:13,905 | INFO | [HOLD] 005930 | 현재가 222,250원 | 기준가 224,500원 대비 돌파 기준 226,745원에 아직 도달하지 않아 관망합니다
2026-04-28 12:00:13,905 | INFO | market price loaded from cache
2026-04-28 12:00:13,905 | INFO | [HOLD] 001510 | 현재가 6,130원 | 보유 중이지만 익절 목표 6,150원과 손절 기준 5,939원 사이에 있어 유지합니다
2026-04-28 12:00:18,909 | INFO | account balance loaded from cache
2026-04-28 12:00:18,950 | INFO | market price loaded from api
2026-04-28 12:00:18,950 | INFO | [HOLD] 005930 | 현재가 222,000원 | 기준가 224,500원 대비 돌파 기준 226,745원에 아직 도달하지 않아 관망합니다
2026-04-28 12:00:18,960 | INFO | market price loaded from api
2026-04-28 12:00:18,961 | INFO | [HOLD] 001510 | 현재가 6,130원 | 보유 중이지만 익절 목표 6,150원과 손절 기준 5,939원 사이에 있어 유지합니다
2026-04-28 12:00:23,962 | INFO | account balance loaded from cache
2026-04-28 12:00:23,962 | INFO | market price loaded from cache
2026-04-28 12:00:23,962 | INFO | [HOLD] 005930 | 현재가 222,000원 | 기준가 224,500원 대비 돌파 기준 226,745원에 아직 도달하지 않아 관망합니다
2026-04-28 12:00:23,962 | INFO | market price loaded from cache
2026-04-28 12:00:23,962 | INFO | [HOLD] 001510 | 현재가 6,130원 | 보유 중이지만 익절 목표 6,150원과 손절 기준 5,939원 사이에 있어 유지합니다
2026-04-28 12:00:28,963 | INFO | account balance loaded from cache
2026-04-28 12:00:28,963 | INFO | market price loaded from cache
2026-04-28 12:00:28,963 | INFO | [HOLD] 005930 | 현재가 222,000원 | 기준가 224,500원 대비 돌파 기준 226,745원에 아직 도달하지 않아 관망합니다
2026-04-28 12:00:28,963 | INFO | market price loaded from cache
2026-04-28 12:00:28,963 | INFO | [HOLD] 001510 | 현재가 6,130원 | 보유 중이지만 익절 목표 6,150원과 손절 기준 5,939원 사이에 있어 유지합니다
2026-04-28 12:00:33,964 | INFO | account balance loaded from cache
2026-04-28 12:00:33,964 | INFO | market price loaded from cache
2026-04-28 12:00:33,964 | INFO | [HOLD] 005930 | 현재가 222,000원 | 기준가 224,500원 대비 돌파 기준 226,745원에 아직 도달하지 않아 관망합니다
2026-04-28 12:00:33,964 | INFO | market price loaded from cache
2026-04-28 12:00:33,964 | INFO | [HOLD] 001510 | 현재가 6,130원 | 보유 중이지만 익절 목표 6,150원과 손절 기준 5,939원 사이에 있어 유지합니다
2026-04-28 12:00:38,965 | INFO | account balance loaded from cache
2026-04-28 12:00:38,965 | INFO | market price loaded from cache
2026-04-28 12:00:38,965 | INFO | [HOLD] 005930 | 현재가 222,000원 | 기준가 224,500원 대비 돌파 기준 226,745원에 아직 도달하지 않아 관망합니다
2026-04-28 12:00:38,965 | INFO | market price loaded from cache
2026-04-28 12:00:38,965 | INFO | [HOLD] 001510 | 현재가 6,130원 | 보유 중이지만 익절 목표 6,150원과 손절 기준 5,939원 사이에 있어 유지합니다
2026-04-28 12:00:43,966 | INFO | account balance loaded from cache
2026-04-28 12:00:43,966 | INFO | market price loaded from cache
2026-04-28 12:00:43,967 | INFO | [HOLD] 005930 | 현재가 222,000원 | 기준가 224,500원 대비 돌파 기준 226,745원에 아직 도달하지 않아 관망합니다
2026-04-28 12:00:43,967 | INFO | market price loaded from cache
2026-04-28 12:00:43,967 | INFO | [HOLD] 001510 | 현재가 6,130원 | 보유 중이지만 익절 목표 6,150원과 손절 기준 5,939원 사이에 있어 유지합니다
2026-04-28 12:00:48,970 | INFO | account balance loaded from cache
2026-04-28 12:00:48,970 | INFO | market price loaded from cache
2026-04-28 12:00:48,970 | INFO | [HOLD] 005930 | 현재가 222,000원 | 기준가 224,500원 대비 돌파 기준 226,745원에 아직 도달하지 않아 관망합니다
2026-04-28 12:00:48,970 | INFO | market price loaded from cache
2026-04-28 12:00:48,970 | INFO | [HOLD] 001510 | 현재가 6,130원 | 보유 중이지만 익절 목표 6,150원과 손절 기준 5,939원 사이에 있어 유지합니다
2026-04-28 12:00:53,971 | INFO | account balance loaded from cache
2026-04-28 12:00:53,971 | INFO | market price loaded from cache
2026-04-28 12:00:53,971 | INFO | [HOLD] 005930 | 현재가 222,000원 | 기준가 224,500원 대비 돌파 기준 226,745원에 아직 도달하지 않아 관망합니다
2026-04-28 12:00:53,971 | INFO | market price loaded from cache
2026-04-28 12:00:53,971 | INFO | [HOLD] 001510 | 현재가 6,130원 | 보유 중이지만 익절 목표 6,150원과 손절 기준 5,939원 사이에 있어 유지합니다
2026-04-28 12:00:58,972 | INFO | account balance loaded from cache
2026-04-28 12:00:58,972 | INFO | market price loaded from cache
2026-04-28 12:00:58,973 | INFO | [HOLD] 005930 | 현재가 222,000원 | 기준가 224,500원 대비 돌파 기준 226,745원에 아직 도달하지 않아 관망합니다
2026-04-28 12:00:58,973 | INFO | market price loaded from cache
2026-04-28 12:00:58,973 | INFO | [HOLD] 001510 | 현재가 6,130원 | 보유 중이지만 익절 목표 6,150원과 손절 기준 5,939원 사이에 있어 유지합니다
2026-04-28 12:01:03,974 | INFO | account balance loaded from cache
2026-04-28 12:01:03,974 | INFO | market price loaded from cache
2026-04-28 12:01:03,974 | INFO | [HOLD] 005930 | 현재가 222,000원 | 기준가 224,500원 대비 돌파 기준 226,745원에 아직 도달하지 않아 관망합니다
2026-04-28 12:01:03,975 | INFO | market price loaded from cache
2026-04-28 12:01:03,975 | INFO | [HOLD] 001510 | 현재가 6,130원 | 보유 중이지만 익절 목표 6,150원과 손절 기준 5,939원 사이에 있어 유지합니다
2026-04-28 12:01:08,976 | INFO | account balance loaded from cache
2026-04-28 12:01:08,976 | INFO | market price loaded from cache
2026-04-28 12:01:08,976 | INFO | [HOLD] 005930 | 현재가 222,000원 | 기준가 224,500원 대비 돌파 기준 226,745원에 아직 도달하지 않아 관망합니다
2026-04-28 12:01:08,976 | INFO | market price loaded from cache
2026-04-28 12:01:08,976 | INFO | [HOLD] 001510 | 현재가 6,130원 | 보유 중이지만 익절 목표 6,150원과 손절 기준 5,939원 사이에 있어 유지합니다
2026-04-28 12:01:13,977 | INFO | account balance loaded from cache
2026-04-28 12:01:13,977 | INFO | market price loaded from cache
2026-04-28 12:01:13,977 | INFO | [HOLD] 005930 | 현재가 222,000원 | 기준가 224,500원 대비 돌파 기준 226,745원에 아직 도달하지 않아 관망합니다
2026-04-28 12:01:13,977 | INFO | market price loaded from cache
2026-04-28 12:01:13,977 | INFO | [HOLD] 001510 | 현재가 6,130원 | 보유 중이지만 익절 목표 6,150원과 손절 기준 5,939원 사이에 있어 유지합니다
2026-04-28 12:01:19,023 | INFO | account balance loaded from api
2026-04-28 12:01:19,024 | INFO | market price loaded from cache
2026-04-28 12:01:19,024 | INFO | [HOLD] 005930 | 현재가 222,000원 | 기준가 224,500원 대비 돌파 기준 226,745원에 아직 도달하지 않아 관망합니다
2026-04-28 12:01:19,024 | INFO | market price loaded from cache
2026-04-28 12:01:19,024 | INFO | [HOLD] 001510 | 현재가 6,130원 | 보유 중이지만 익절 목표 6,150원과 손절 기준 5,939원 사이에 있어 유지합니다
2026-04-28 12:01:24,025 | INFO | account balance loaded from cache
2026-04-28 12:01:24,025 | INFO | market price loaded from cache
2026-04-28 12:01:24,025 | INFO | [HOLD] 005930 | 현재가 222,000원 | 기준가 224,500원 대비 돌파 기준 226,745원에 아직 도달하지 않아 관망합니다
2026-04-28 12:01:24,025 | INFO | market price loaded from cache
2026-04-28 12:01:24,025 | INFO | [HOLD] 001510 | 현재가 6,130원 | 보유 중이지만 익절 목표 6,150원과 손절 기준 5,939원 사이에 있어 유지합니다
2026-04-28 12:01:29,027 | INFO | account balance loaded from cache
2026-04-28 12:01:29,027 | INFO | market price loaded from cache
2026-04-28 12:01:29,027 | INFO | [HOLD] 005930 | 현재가 222,000원 | 기준가 224,500원 대비 돌파 기준 226,745원에 아직 도달하지 않아 관망합니다
2026-04-28 12:01:29,027 | INFO | market price loaded from cache
2026-04-28 12:01:29,027 | INFO | [HOLD] 001510 | 현재가 6,130원 | 보유 중이지만 익절 목표 6,150원과 손절 기준 5,939원 사이에 있어 유지합니다
2026-04-28 12:01:34,028 | INFO | account balance loaded from cache
2026-04-28 12:01:34,028 | INFO | market price loaded from cache
2026-04-28 12:01:34,028 | INFO | [HOLD] 005930 | 현재가 222,000원 | 기준가 224,500원 대비 돌파 기준 226,745원에 아직 도달하지 않아 관망합니다
2026-04-28 12:01:34,028 | INFO | market price loaded from cache
2026-04-28 12:01:34,028 | INFO | [HOLD] 001510 | 현재가 6,130원 | 보유 중이지만 익절 목표 6,150원과 손절 기준 5,939원 사이에 있어 유지합니다
2026-04-28 12:01:39,029 | INFO | account balance loaded from cache
2026-04-28 12:01:39,029 | INFO | market price loaded from cache
2026-04-28 12:01:39,029 | INFO | [HOLD] 005930 | 현재가 222,000원 | 기준가 224,500원 대비 돌파 기준 226,745원에 아직 도달하지 않아 관망합니다
2026-04-28 12:01:39,029 | INFO | market price loaded from cache
2026-04-28 12:01:39,029 | INFO | [HOLD] 001510 | 현재가 6,130원 | 보유 중이지만 익절 목표 6,150원과 손절 기준 5,939원 사이에 있어 유지합니다
2026-04-28 12:01:44,030 | INFO | account balance loaded from cache
2026-04-28 12:01:44,031 | INFO | market price loaded from cache
2026-04-28 12:01:44,031 | INFO | [HOLD] 005930 | 현재가 222,000원 | 기준가 224,500원 대비 돌파 기준 226,745원에 아직 도달하지 않아 관망합니다
2026-04-28 12:01:44,031 | INFO | market price loaded from cache
2026-04-28 12:01:44,031 | INFO | [HOLD] 001510 | 현재가 6,130원 | 보유 중이지만 익절 목표 6,150원과 손절 기준 5,939원 사이에 있어 유지합니다
2026-04-28 12:01:49,034 | INFO | account balance loaded from cache
2026-04-28 12:01:49,034 | INFO | market price loaded from cache
2026-04-28 12:01:49,034 | INFO | [HOLD] 005930 | 현재가 222,000원 | 기준가 224,500원 대비 돌파 기준 226,745원에 아직 도달하지 않아 관망합니다
2026-04-28 12:01:49,034 | INFO | market price loaded from cache
2026-04-28 12:01:49,034 | INFO | [HOLD] 001510 | 현재가 6,130원 | 보유 중이지만 익절 목표 6,150원과 손절 기준 5,939원 사이에 있어 유지합니다
2026-04-28 12:01:54,036 | INFO | account balance loaded from cache
2026-04-28 12:01:54,036 | INFO | market price loaded from cache
2026-04-28 12:01:54,036 | INFO | [HOLD] 005930 | 현재가 222,000원 | 기준가 224,500원 대비 돌파 기준 226,745원에 아직 도달하지 않아 관망합니다
2026-04-28 12:01:54,037 | INFO | market price loaded from cache
2026-04-28 12:01:54,037 | INFO | [HOLD] 001510 | 현재가 6,130원 | 보유 중이지만 익절 목표 6,150원과 손절 기준 5,939원 사이에 있어 유지합니다
2026-04-28 12:01:59,038 | INFO | account balance loaded from cache
2026-04-28 12:01:59,038 | INFO | market price loaded from cache
2026-04-28 12:01:59,038 | INFO | [HOLD] 005930 | 현재가 222,000원 | 기준가 224,500원 대비 돌파 기준 226,745원에 아직 도달하지 않아 관망합니다
2026-04-28 12:01:59,038 | INFO | market price loaded from cache
2026-04-28 12:01:59,038 | INFO | [HOLD] 001510 | 현재가 6,130원 | 보유 중이지만 익절 목표 6,150원과 손절 기준 5,939원 사이에 있어 유지합니다
2026-04-28 12:02:04,039 | INFO | account balance loaded from cache
2026-04-28 12:02:04,039 | INFO | market price loaded from cache
2026-04-28 12:02:04,039 | INFO | [HOLD] 005930 | 현재가 222,000원 | 기준가 224,500원 대비 돌파 기준 226,745원에 아직 도달하지 않아 관망합니다
2026-04-28 12:02:04,040 | INFO | market price loaded from cache
2026-04-28 12:02:04,040 | INFO | [HOLD] 001510 | 현재가 6,130원 | 보유 중이지만 익절 목표 6,150원과 손절 기준 5,939원 사이에 있어 유지합니다
2026-04-28 12:02:09,041 | INFO | account balance loaded from cache
2026-04-28 12:02:09,041 | INFO | market price loaded from cache
2026-04-28 12:02:09,041 | INFO | [HOLD] 005930 | 현재가 222,000원 | 기준가 224,500원 대비 돌파 기준 226,745원에 아직 도달하지 않아 관망합니다
2026-04-28 12:02:09,041 | INFO | market price loaded from cache
2026-04-28 12:02:09,041 | INFO | [HOLD] 001510 | 현재가 6,130원 | 보유 중이지만 익절 목표 6,150원과 손절 기준 5,939원 사이에 있어 유지합니다
2026-04-28 12:02:14,043 | INFO | account balance loaded from cache
2026-04-28 12:02:14,043 | INFO | market price loaded from cache
2026-04-28 12:02:14,043 | INFO | [HOLD] 005930 | 현재가 222,000원 | 기준가 224,500원 대비 돌파 기준 226,745원에 아직 도달하지 않아 관망합니다
2026-04-28 12:02:14,043 | INFO | market price loaded from cache
2026-04-28 12:02:14,043 | INFO | [HOLD] 001510 | 현재가 6,130원 | 보유 중이지만 익절 목표 6,150원과 손절 기준 5,939원 사이에 있어 유지합니다
2026-04-28 12:02:19,044 | INFO | account balance loaded from cache
2026-04-28 12:02:19,044 | INFO | market price loaded from cache
2026-04-28 12:02:19,044 | INFO | [HOLD] 005930 | 현재가 222,000원 | 기준가 224,500원 대비 돌파 기준 226,745원에 아직 도달하지 않아 관망합니다
2026-04-28 12:02:19,044 | INFO | market price loaded from cache
2026-04-28 12:02:19,044 | INFO | [HOLD] 001510 | 현재가 6,130원 | 보유 중이지만 익절 목표 6,150원과 손절 기준 5,939원 사이에 있어 유지합니다
2026-04-28 12:02:24,045 | INFO | account balance loaded from cache
2026-04-28 12:02:24,045 | INFO | market price loaded from cache
2026-04-28 12:02:24,045 | INFO | [HOLD] 005930 | 현재가 222,000원 | 기준가 224,500원 대비 돌파 기준 226,745원에 아직 도달하지 않아 관망합니다
2026-04-28 12:02:24,045 | INFO | market price loaded from cache
2026-04-28 12:02:24,045 | INFO | [HOLD] 001510 | 현재가 6,130원 | 보유 중이지만 익절 목표 6,150원과 손절 기준 5,939원 사이에 있어 유지합니다
2026-04-28 12:02:29,046 | INFO | account balance loaded from cache
2026-04-28 12:02:29,046 | INFO | market price loaded from cache
2026-04-28 12:02:29,046 | INFO | [HOLD] 005930 | 현재가 222,000원 | 기준가 224,500원 대비 돌파 기준 226,745원에 아직 도달하지 않아 관망합니다
2026-04-28 12:02:29,046 | INFO | market price loaded from cache
2026-04-28 12:02:29,046 | INFO | [HOLD] 001510 | 현재가 6,130원 | 보유 중이지만 익절 목표 6,150원과 손절 기준 5,939원 사이에 있어 유지합니다
2026-04-28 12:02:34,047 | INFO | account balance loaded from cache
2026-04-28 12:02:34,047 | INFO | market price loaded from cache
2026-04-28 12:02:34,048 | INFO | [HOLD] 005930 | 현재가 222,000원 | 기준가 224,500원 대비 돌파 기준 226,745원에 아직 도달하지 않아 관망합니다
2026-04-28 12:02:34,048 | INFO | market price loaded from cache
2026-04-28 12:02:34,048 | INFO | [HOLD] 001510 | 현재가 6,130원 | 보유 중이지만 익절 목표 6,150원과 손절 기준 5,939원 사이에 있어 유지합니다
2026-04-28 12:02:39,049 | INFO | account balance loaded from cache
2026-04-28 12:02:39,049 | INFO | market price loaded from cache
2026-04-28 12:02:39,049 | INFO | [HOLD] 005930 | 현재가 222,000원 | 기준가 224,500원 대비 돌파 기준 226,745원에 아직 도달하지 않아 관망합니다
2026-04-28 12:02:39,049 | INFO | market price loaded from cache
2026-04-28 12:02:39,049 | INFO | [HOLD] 001510 | 현재가 6,130원 | 보유 중이지만 익절 목표 6,150원과 손절 기준 5,939원 사이에 있어 유지합니다
2026-04-28 12:02:44,050 | INFO | account balance loaded from cache
2026-04-28 12:02:44,050 | INFO | market price loaded from cache
2026-04-28 12:02:44,050 | INFO | [HOLD] 005930 | 현재가 222,000원 | 기준가 224,500원 대비 돌파 기준 226,745원에 아직 도달하지 않아 관망합니다
2026-04-28 12:02:44,051 | INFO | market price loaded from cache
2026-04-28 12:02:44,051 | INFO | [HOLD] 001510 | 현재가 6,130원 | 보유 중이지만 익절 목표 6,150원과 손절 기준 5,939원 사이에 있어 유지합니다
2026-04-28 12:02:49,051 | INFO | account balance loaded from cache
2026-04-28 12:02:49,052 | INFO | market price loaded from cache
2026-04-28 12:02:49,052 | INFO | [HOLD] 005930 | 현재가 222,000원 | 기준가 224,500원 대비 돌파 기준 226,745원에 아직 도달하지 않아 관망합니다
2026-04-28 12:02:49,052 | INFO | market price loaded from cache
2026-04-28 12:02:49,053 | INFO | [HOLD] 001510 | 현재가 6,130원 | 보유 중이지만 익절 목표 6,150원과 손절 기준 5,939원 사이에 있어 유지합니다
2026-04-28 12:02:54,055 | INFO | account balance loaded from cache
2026-04-28 12:02:54,055 | INFO | market price loaded from cache
2026-04-28 12:02:54,055 | INFO | [HOLD] 005930 | 현재가 222,000원 | 기준가 224,500원 대비 돌파 기준 226,745원에 아직 도달하지 않아 관망합니다
2026-04-28 12:02:54,056 | INFO | market price loaded from cache
2026-04-28 12:02:54,056 | INFO | [HOLD] 001510 | 현재가 6,130원 | 보유 중이지만 익절 목표 6,150원과 손절 기준 5,939원 사이에 있어 유지합니다
2026-04-28 12:02:59,057 | INFO | account balance loaded from cache
2026-04-28 12:02:59,057 | INFO | market price loaded from cache
2026-04-28 12:02:59,057 | INFO | [HOLD] 005930 | 현재가 222,000원 | 기준가 224,500원 대비 돌파 기준 226,745원에 아직 도달하지 않아 관망합니다
2026-04-28 12:02:59,057 | INFO | market price loaded from cache
2026-04-28 12:02:59,057 | INFO | [HOLD] 001510 | 현재가 6,130원 | 보유 중이지만 익절 목표 6,150원과 손절 기준 5,939원 사이에 있어 유지합니다
2026-04-28 12:03:04,058 | INFO | account balance loaded from cache
2026-04-28 12:03:04,058 | INFO | market price loaded from cache
2026-04-28 12:03:04,058 | INFO | [HOLD] 005930 | 현재가 222,000원 | 기준가 224,500원 대비 돌파 기준 226,745원에 아직 도달하지 않아 관망합니다
2026-04-28 12:03:04,058 | INFO | market price loaded from cache
2026-04-28 12:03:04,058 | INFO | [HOLD] 001510 | 현재가 6,130원 | 보유 중이지만 익절 목표 6,150원과 손절 기준 5,939원 사이에 있어 유지합니다
2026-04-28 12:03:09,059 | INFO | account balance loaded from cache
2026-04-28 12:03:09,059 | INFO | market price loaded from cache
2026-04-28 12:03:09,060 | INFO | [HOLD] 005930 | 현재가 222,000원 | 기준가 224,500원 대비 돌파 기준 226,745원에 아직 도달하지 않아 관망합니다
2026-04-28 12:03:09,060 | INFO | market price loaded from cache
2026-04-28 12:03:09,060 | INFO | [HOLD] 001510 | 현재가 6,130원 | 보유 중이지만 익절 목표 6,150원과 손절 기준 5,939원 사이에 있어 유지합니다
2026-04-28 12:03:14,060 | INFO | account balance loaded from cache
2026-04-28 12:03:14,060 | INFO | market price loaded from cache
2026-04-28 12:03:14,060 | INFO | [HOLD] 005930 | 현재가 222,000원 | 기준가 224,500원 대비 돌파 기준 226,745원에 아직 도달하지 않아 관망합니다
2026-04-28 12:03:14,060 | INFO | market price loaded from cache
2026-04-28 12:03:14,061 | INFO | [HOLD] 001510 | 현재가 6,130원 | 보유 중이지만 익절 목표 6,150원과 손절 기준 5,939원 사이에 있어 유지합니다
2026-04-28 12:03:19,061 | INFO | account balance loaded from cache
2026-04-28 12:03:19,061 | INFO | market price loaded from cache
2026-04-28 12:03:19,062 | INFO | [HOLD] 005930 | 현재가 222,000원 | 기준가 224,500원 대비 돌파 기준 226,745원에 아직 도달하지 않아 관망합니다
2026-04-28 12:03:19,062 | INFO | market price loaded from cache
2026-04-28 12:03:19,062 | INFO | [HOLD] 001510 | 현재가 6,130원 | 보유 중이지만 익절 목표 6,150원과 손절 기준 5,939원 사이에 있어 유지합니다
2026-04-28 12:03:24,062 | INFO | account balance loaded from cache
2026-04-28 12:03:24,062 | INFO | market price loaded from cache
2026-04-28 12:03:24,063 | INFO | [HOLD] 005930 | 현재가 222,000원 | 기준가 224,500원 대비 돌파 기준 226,745원에 아직 도달하지 않아 관망합니다
2026-04-28 12:03:24,063 | INFO | market price loaded from cache
2026-04-28 12:03:24,063 | INFO | [HOLD] 001510 | 현재가 6,130원 | 보유 중이지만 익절 목표 6,150원과 손절 기준 5,939원 사이에 있어 유지합니다
2026-04-28 12:03:29,064 | INFO | account balance loaded from cache
2026-04-28 12:03:29,064 | INFO | market price loaded from cache
2026-04-28 12:03:29,064 | INFO | [HOLD] 005930 | 현재가 222,000원 | 기준가 224,500원 대비 돌파 기준 226,745원에 아직 도달하지 않아 관망합니다
2026-04-28 12:03:29,064 | INFO | market price loaded from cache
2026-04-28 12:03:29,064 | INFO | [HOLD] 001510 | 현재가 6,130원 | 보유 중이지만 익절 목표 6,150원과 손절 기준 5,939원 사이에 있어 유지합니다
2026-04-28 12:03:34,065 | INFO | account balance loaded from cache
2026-04-28 12:03:34,066 | INFO | market price loaded from cache
2026-04-28 12:03:34,066 | INFO | [HOLD] 005930 | 현재가 222,000원 | 기준가 224,500원 대비 돌파 기준 226,745원에 아직 도달하지 않아 관망합니다
2026-04-28 12:03:34,066 | INFO | market price loaded from cache
2026-04-28 12:03:34,066 | INFO | [HOLD] 001510 | 현재가 6,130원 | 보유 중이지만 익절 목표 6,150원과 손절 기준 5,939원 사이에 있어 유지합니다
2026-04-28 12:03:39,067 | INFO | account balance loaded from cache
2026-04-28 12:03:39,067 | INFO | market price loaded from cache
2026-04-28 12:03:39,067 | INFO | [HOLD] 005930 | 현재가 222,000원 | 기준가 224,500원 대비 돌파 기준 226,745원에 아직 도달하지 않아 관망합니다
2026-04-28 12:03:39,067 | INFO | market price loaded from cache
2026-04-28 12:03:39,067 | INFO | [HOLD] 001510 | 현재가 6,130원 | 보유 중이지만 익절 목표 6,150원과 손절 기준 5,939원 사이에 있어 유지합니다
2026-04-28 12:03:44,068 | INFO | account balance loaded from cache
2026-04-28 12:03:44,068 | INFO | market price loaded from cache
2026-04-28 12:03:44,068 | INFO | [HOLD] 005930 | 현재가 222,000원 | 기준가 224,500원 대비 돌파 기준 226,745원에 아직 도달하지 않아 관망합니다
2026-04-28 12:03:44,068 | INFO | market price loaded from cache
2026-04-28 12:03:44,068 | INFO | [HOLD] 001510 | 현재가 6,130원 | 보유 중이지만 익절 목표 6,150원과 손절 기준 5,939원 사이에 있어 유지합니다
2026-04-28 12:03:49,069 | INFO | account balance loaded from cache
2026-04-28 12:03:49,069 | INFO | market price loaded from cache
2026-04-28 12:03:49,069 | INFO | [HOLD] 005930 | 현재가 222,000원 | 기준가 224,500원 대비 돌파 기준 226,745원에 아직 도달하지 않아 관망합니다
2026-04-28 12:03:49,069 | INFO | market price loaded from cache
2026-04-28 12:03:49,070 | INFO | [HOLD] 001510 | 현재가 6,130원 | 보유 중이지만 익절 목표 6,150원과 손절 기준 5,939원 사이에 있어 유지합니다
2026-04-28 12:03:54,070 | INFO | account balance loaded from cache
2026-04-28 12:03:54,070 | INFO | market price loaded from cache
2026-04-28 12:03:54,071 | INFO | [HOLD] 005930 | 현재가 222,000원 | 기준가 224,500원 대비 돌파 기준 226,745원에 아직 도달하지 않아 관망합니다
2026-04-28 12:03:54,071 | INFO | market price loaded from cache
2026-04-28 12:03:54,071 | INFO | [HOLD] 001510 | 현재가 6,130원 | 보유 중이지만 익절 목표 6,150원과 손절 기준 5,939원 사이에 있어 유지합니다
2026-04-28 12:03:59,072 | INFO | account balance loaded from cache
2026-04-28 12:03:59,072 | INFO | market price loaded from cache
2026-04-28 12:03:59,073 | INFO | [HOLD] 005930 | 현재가 222,000원 | 기준가 224,500원 대비 돌파 기준 226,745원에 아직 도달하지 않아 관망합니다
2026-04-28 12:03:59,073 | INFO | market price loaded from cache
2026-04-28 12:03:59,074 | INFO | [HOLD] 001510 | 현재가 6,130원 | 보유 중이지만 익절 목표 6,150원과 손절 기준 5,939원 사이에 있어 유지합니다
2026-04-28 12:04:04,076 | INFO | account balance loaded from cache
2026-04-28 12:04:04,076 | INFO | market price loaded from cache
2026-04-28 12:04:04,077 | INFO | [HOLD] 005930 | 현재가 222,000원 | 기준가 224,500원 대비 돌파 기준 226,745원에 아직 도달하지 않아 관망합니다
2026-04-28 12:04:04,077 | INFO | market price loaded from cache
2026-04-28 12:04:04,077 | INFO | [HOLD] 001510 | 현재가 6,130원 | 보유 중이지만 익절 목표 6,150원과 손절 기준 5,939원 사이에 있어 유지합니다
2026-04-28 12:04:09,078 | INFO | account balance loaded from cache
2026-04-28 12:04:09,078 | INFO | market price loaded from cache
2026-04-28 12:04:09,078 | INFO | [HOLD] 005930 | 현재가 222,000원 | 기준가 224,500원 대비 돌파 기준 226,745원에 아직 도달하지 않아 관망합니다
2026-04-28 12:04:09,078 | INFO | market price loaded from cache
2026-04-28 12:04:09,078 | INFO | [HOLD] 001510 | 현재가 6,130원 | 보유 중이지만 익절 목표 6,150원과 손절 기준 5,939원 사이에 있어 유지합니다
2026-04-28 12:04:14,079 | INFO | account balance loaded from cache
2026-04-28 12:04:14,079 | INFO | market price loaded from cache
2026-04-28 12:04:14,079 | INFO | [HOLD] 005930 | 현재가 222,000원 | 기준가 224,500원 대비 돌파 기준 226,745원에 아직 도달하지 않아 관망합니다
2026-04-28 12:04:14,079 | INFO | market price loaded from cache
2026-04-28 12:04:14,079 | INFO | [HOLD] 001510 | 현재가 6,130원 | 보유 중이지만 익절 목표 6,150원과 손절 기준 5,939원 사이에 있어 유지합니다
2026-04-28 12:04:19,176 | INFO | account balance loaded from api
2026-04-28 12:04:19,176 | INFO | market price loaded from cache
2026-04-28 12:04:19,177 | INFO | [HOLD] 005930 | 현재가 222,000원 | 기준가 224,500원 대비 돌파 기준 226,745원에 아직 도달하지 않아 관망합니다
2026-04-28 12:04:19,177 | INFO | market price loaded from cache
2026-04-28 12:04:19,177 | INFO | [HOLD] 001510 | 현재가 6,130원 | 보유 중이지만 익절 목표 6,150원과 손절 기준 5,939원 사이에 있어 유지합니다
2026-04-28 12:04:24,177 | INFO | account balance loaded from cache
2026-04-28 12:04:24,177 | INFO | market price loaded from cache
2026-04-28 12:04:24,178 | INFO | [HOLD] 005930 | 현재가 222,000원 | 기준가 224,500원 대비 돌파 기준 226,745원에 아직 도달하지 않아 관망합니다
2026-04-28 12:04:24,178 | INFO | market price loaded from cache
2026-04-28 12:04:24,178 | INFO | [HOLD] 001510 | 현재가 6,130원 | 보유 중이지만 익절 목표 6,150원과 손절 기준 5,939원 사이에 있어 유지합니다
2026-04-28 12:04:29,179 | INFO | account balance loaded from cache
2026-04-28 12:04:29,179 | INFO | market price loaded from cache
2026-04-28 12:04:29,179 | INFO | [HOLD] 005930 | 현재가 222,000원 | 기준가 224,500원 대비 돌파 기준 226,745원에 아직 도달하지 않아 관망합니다
2026-04-28 12:04:29,179 | INFO | market price loaded from cache
2026-04-28 12:04:29,179 | INFO | [HOLD] 001510 | 현재가 6,130원 | 보유 중이지만 익절 목표 6,150원과 손절 기준 5,939원 사이에 있어 유지합니다
2026-04-28 12:04:34,180 | INFO | account balance loaded from cache
2026-04-28 12:04:34,180 | INFO | market price loaded from cache
2026-04-28 12:04:34,181 | INFO | [HOLD] 005930 | 현재가 222,000원 | 기준가 224,500원 대비 돌파 기준 226,745원에 아직 도달하지 않아 관망합니다
2026-04-28 12:04:34,181 | INFO | market price loaded from cache
2026-04-28 12:04:34,181 | INFO | [HOLD] 001510 | 현재가 6,130원 | 보유 중이지만 익절 목표 6,150원과 손절 기준 5,939원 사이에 있어 유지합니다
2026-04-28 12:04:39,183 | INFO | account balance loaded from cache
2026-04-28 12:04:39,183 | INFO | market price loaded from cache
2026-04-28 12:04:39,183 | INFO | [HOLD] 005930 | 현재가 222,000원 | 기준가 224,500원 대비 돌파 기준 226,745원에 아직 도달하지 않아 관망합니다
2026-04-28 12:04:39,183 | INFO | market price loaded from cache
2026-04-28 12:04:39,184 | INFO | [HOLD] 001510 | 현재가 6,130원 | 보유 중이지만 익절 목표 6,150원과 손절 기준 5,939원 사이에 있어 유지합니다
2026-04-28 12:04:44,185 | INFO | account balance loaded from cache
2026-04-28 12:04:44,185 | INFO | market price loaded from cache
2026-04-28 12:04:44,185 | INFO | [HOLD] 005930 | 현재가 222,000원 | 기준가 224,500원 대비 돌파 기준 226,745원에 아직 도달하지 않아 관망합니다
2026-04-28 12:04:44,185 | INFO | market price loaded from cache
2026-04-28 12:04:44,185 | INFO | [HOLD] 001510 | 현재가 6,130원 | 보유 중이지만 익절 목표 6,150원과 손절 기준 5,939원 사이에 있어 유지합니다
2026-04-28 12:04:49,186 | INFO | account balance loaded from cache
2026-04-28 12:04:49,186 | INFO | market price loaded from cache
2026-04-28 12:04:49,186 | INFO | [HOLD] 005930 | 현재가 222,000원 | 기준가 224,500원 대비 돌파 기준 226,745원에 아직 도달하지 않아 관망합니다
2026-04-28 12:04:49,187 | INFO | market price loaded from cache
2026-04-28 12:04:49,187 | INFO | [HOLD] 001510 | 현재가 6,130원 | 보유 중이지만 익절 목표 6,150원과 손절 기준 5,939원 사이에 있어 유지합니다
2026-04-28 12:04:54,187 | INFO | account balance loaded from cache
2026-04-28 12:04:54,187 | INFO | market price loaded from cache
2026-04-28 12:04:54,187 | INFO | [HOLD] 005930 | 현재가 222,000원 | 기준가 224,500원 대비 돌파 기준 226,745원에 아직 도달하지 않아 관망합니다
2026-04-28 12:04:54,188 | INFO | market price loaded from cache
2026-04-28 12:04:54,188 | INFO | [HOLD] 001510 | 현재가 6,130원 | 보유 중이지만 익절 목표 6,150원과 손절 기준 5,939원 사이에 있어 유지합니다
2026-04-28 12:04:59,189 | INFO | account balance loaded from cache
2026-04-28 12:04:59,189 | INFO | market price loaded from cache
2026-04-28 12:04:59,189 | INFO | [HOLD] 005930 | 현재가 222,000원 | 기준가 224,500원 대비 돌파 기준 226,745원에 아직 도달하지 않아 관망합니다
2026-04-28 12:04:59,189 | INFO | market price loaded from cache
2026-04-28 12:04:59,189 | INFO | [HOLD] 001510 | 현재가 6,130원 | 보유 중이지만 익절 목표 6,150원과 손절 기준 5,939원 사이에 있어 유지합니다
2026-04-28 12:05:04,190 | INFO | account balance loaded from cache
2026-04-28 12:05:04,190 | INFO | market price loaded from cache
2026-04-28 12:05:04,190 | INFO | [HOLD] 005930 | 현재가 222,000원 | 기준가 224,500원 대비 돌파 기준 226,745원에 아직 도달하지 않아 관망합니다
2026-04-28 12:05:04,190 | INFO | market price loaded from cache
2026-04-28 12:05:04,190 | INFO | [HOLD] 001510 | 현재가 6,130원 | 보유 중이지만 익절 목표 6,150원과 손절 기준 5,939원 사이에 있어 유지합니다
2026-04-28 12:05:09,192 | INFO | account balance loaded from cache
2026-04-28 12:05:09,192 | INFO | market price loaded from cache
2026-04-28 12:05:09,192 | INFO | [HOLD] 005930 | 현재가 222,000원 | 기준가 224,500원 대비 돌파 기준 226,745원에 아직 도달하지 않아 관망합니다
2026-04-28 12:05:09,192 | INFO | market price loaded from cache
2026-04-28 12:05:09,192 | INFO | [HOLD] 001510 | 현재가 6,130원 | 보유 중이지만 익절 목표 6,150원과 손절 기준 5,939원 사이에 있어 유지합니다
2026-04-28 12:05:14,193 | INFO | account balance loaded from cache
2026-04-28 12:05:14,193 | INFO | market price loaded from cache
2026-04-28 12:05:14,193 | INFO | [HOLD] 005930 | 현재가 222,000원 | 기준가 224,500원 대비 돌파 기준 226,745원에 아직 도달하지 않아 관망합니다
2026-04-28 12:05:14,193 | INFO | market price loaded from cache
2026-04-28 12:05:14,193 | INFO | [HOLD] 001510 | 현재가 6,130원 | 보유 중이지만 익절 목표 6,150원과 손절 기준 5,939원 사이에 있어 유지합니다
2026-04-28 12:05:19,194 | INFO | account balance loaded from cache
2026-04-28 12:05:19,203 | INFO | market price loaded from api
2026-04-28 12:05:19,203 | INFO | [HOLD] 005930 | 현재가 221,750원 | 기준가 224,500원 대비 돌파 기준 226,745원에 아직 도달하지 않아 관망합니다
2026-04-28 12:05:19,212 | INFO | market price loaded from api
2026-04-28 12:05:19,212 | INFO | [HOLD] 001510 | 현재가 6,120원 | 보유 중이지만 익절 목표 6,150원과 손절 기준 5,939원 사이에 있어 유지합니다
2026-04-28 12:05:24,213 | INFO | account balance loaded from cache
2026-04-28 12:05:24,213 | INFO | market price loaded from cache
2026-04-28 12:05:24,213 | INFO | [HOLD] 005930 | 현재가 221,750원 | 기준가 224,500원 대비 돌파 기준 226,745원에 아직 도달하지 않아 관망합니다
2026-04-28 12:05:24,213 | INFO | market price loaded from cache
2026-04-28 12:05:24,213 | INFO | [HOLD] 001510 | 현재가 6,120원 | 보유 중이지만 익절 목표 6,150원과 손절 기준 5,939원 사이에 있어 유지합니다
2026-04-28 12:05:29,214 | INFO | account balance loaded from cache
2026-04-28 12:05:29,215 | INFO | market price loaded from cache
2026-04-28 12:05:29,215 | INFO | [HOLD] 005930 | 현재가 221,750원 | 기준가 224,500원 대비 돌파 기준 226,745원에 아직 도달하지 않아 관망합니다
2026-04-28 12:05:29,215 | INFO | market price loaded from cache
2026-04-28 12:05:29,215 | INFO | [HOLD] 001510 | 현재가 6,120원 | 보유 중이지만 익절 목표 6,150원과 손절 기준 5,939원 사이에 있어 유지합니다
2026-04-28 12:05:34,216 | INFO | account balance loaded from cache
2026-04-28 12:05:34,216 | INFO | market price loaded from cache
2026-04-28 12:05:34,216 | INFO | [HOLD] 005930 | 현재가 221,750원 | 기준가 224,500원 대비 돌파 기준 226,745원에 아직 도달하지 않아 관망합니다
2026-04-28 12:05:34,216 | INFO | market price loaded from cache
2026-04-28 12:05:34,216 | INFO | [HOLD] 001510 | 현재가 6,120원 | 보유 중이지만 익절 목표 6,150원과 손절 기준 5,939원 사이에 있어 유지합니다
2026-04-28 12:05:39,217 | INFO | account balance loaded from cache
2026-04-28 12:05:39,218 | INFO | market price loaded from cache
2026-04-28 12:05:39,218 | INFO | [HOLD] 005930 | 현재가 221,750원 | 기준가 224,500원 대비 돌파 기준 226,745원에 아직 도달하지 않아 관망합니다
2026-04-28 12:05:39,218 | INFO | market price loaded from cache
2026-04-28 12:05:39,218 | INFO | [HOLD] 001510 | 현재가 6,120원 | 보유 중이지만 익절 목표 6,150원과 손절 기준 5,939원 사이에 있어 유지합니다
2026-04-28 12:05:44,219 | INFO | account balance loaded from cache
2026-04-28 12:05:44,219 | INFO | market price loaded from cache
2026-04-28 12:05:44,219 | INFO | [HOLD] 005930 | 현재가 221,750원 | 기준가 224,500원 대비 돌파 기준 226,745원에 아직 도달하지 않아 관망합니다
2026-04-28 12:05:44,219 | INFO | market price loaded from cache
2026-04-28 12:05:44,219 | INFO | [HOLD] 001510 | 현재가 6,120원 | 보유 중이지만 익절 목표 6,150원과 손절 기준 5,939원 사이에 있어 유지합니다
2026-04-28 12:05:49,220 | INFO | account balance loaded from cache
2026-04-28 12:05:49,221 | INFO | market price loaded from cache
2026-04-28 12:05:49,221 | INFO | [HOLD] 005930 | 현재가 221,750원 | 기준가 224,500원 대비 돌파 기준 226,745원에 아직 도달하지 않아 관망합니다
2026-04-28 12:05:49,221 | INFO | market price loaded from cache
2026-04-28 12:05:49,221 | INFO | [HOLD] 001510 | 현재가 6,120원 | 보유 중이지만 익절 목표 6,150원과 손절 기준 5,939원 사이에 있어 유지합니다
2026-04-28 12:05:54,221 | INFO | account balance loaded from cache
2026-04-28 12:05:54,221 | INFO | market price loaded from cache
2026-04-28 12:05:54,222 | INFO | [HOLD] 005930 | 현재가 221,750원 | 기준가 224,500원 대비 돌파 기준 226,745원에 아직 도달하지 않아 관망합니다
2026-04-28 12:05:54,222 | INFO | market price loaded from cache
2026-04-28 12:05:54,222 | INFO | [HOLD] 001510 | 현재가 6,120원 | 보유 중이지만 익절 목표 6,150원과 손절 기준 5,939원 사이에 있어 유지합니다
2026-04-28 12:05:59,223 | INFO | account balance loaded from cache
2026-04-28 12:05:59,223 | INFO | market price loaded from cache
2026-04-28 12:05:59,223 | INFO | [HOLD] 005930 | 현재가 221,750원 | 기준가 224,500원 대비 돌파 기준 226,745원에 아직 도달하지 않아 관망합니다
2026-04-28 12:05:59,223 | INFO | market price loaded from cache
2026-04-28 12:05:59,223 | INFO | [HOLD] 001510 | 현재가 6,120원 | 보유 중이지만 익절 목표 6,150원과 손절 기준 5,939원 사이에 있어 유지합니다
2026-04-28 12:06:04,224 | INFO | account balance loaded from cache
2026-04-28 12:06:04,224 | INFO | market price loaded from cache
2026-04-28 12:06:04,224 | INFO | [HOLD] 005930 | 현재가 221,750원 | 기준가 224,500원 대비 돌파 기준 226,745원에 아직 도달하지 않아 관망합니다
2026-04-28 12:06:04,224 | INFO | market price loaded from cache
2026-04-28 12:06:04,224 | INFO | [HOLD] 001510 | 현재가 6,120원 | 보유 중이지만 익절 목표 6,150원과 손절 기준 5,939원 사이에 있어 유지합니다
2026-04-28 12:06:09,225 | INFO | account balance loaded from cache
2026-04-28 12:06:09,225 | INFO | market price loaded from cache
2026-04-28 12:06:09,225 | INFO | [HOLD] 005930 | 현재가 221,750원 | 기준가 224,500원 대비 돌파 기준 226,745원에 아직 도달하지 않아 관망합니다
2026-04-28 12:06:09,225 | INFO | market price loaded from cache
2026-04-28 12:06:09,225 | INFO | [HOLD] 001510 | 현재가 6,120원 | 보유 중이지만 익절 목표 6,150원과 손절 기준 5,939원 사이에 있어 유지합니다
2026-04-28 12:06:14,226 | INFO | account balance loaded from cache
2026-04-28 12:06:14,226 | INFO | market price loaded from cache
2026-04-28 12:06:14,226 | INFO | [HOLD] 005930 | 현재가 221,750원 | 기준가 224,500원 대비 돌파 기준 226,745원에 아직 도달하지 않아 관망합니다
2026-04-28 12:06:14,227 | INFO | market price loaded from cache
2026-04-28 12:06:14,227 | INFO | [HOLD] 001510 | 현재가 6,120원 | 보유 중이지만 익절 목표 6,150원과 손절 기준 5,939원 사이에 있어 유지합니다
2026-04-28 12:06:19,228 | INFO | account balance loaded from cache
2026-04-28 12:06:19,228 | INFO | market price loaded from cache
2026-04-28 12:06:19,228 | INFO | [HOLD] 005930 | 현재가 221,750원 | 기준가 224,500원 대비 돌파 기준 226,745원에 아직 도달하지 않아 관망합니다
2026-04-28 12:06:19,229 | INFO | market price loaded from cache
2026-04-28 12:06:19,229 | INFO | [HOLD] 001510 | 현재가 6,120원 | 보유 중이지만 익절 목표 6,150원과 손절 기준 5,939원 사이에 있어 유지합니다
2026-04-28 12:06:24,230 | INFO | account balance loaded from cache
2026-04-28 12:06:24,230 | INFO | market price loaded from cache
2026-04-28 12:06:24,230 | INFO | [HOLD] 005930 | 현재가 221,750원 | 기준가 224,500원 대비 돌파 기준 226,745원에 아직 도달하지 않아 관망합니다
2026-04-28 12:06:24,230 | INFO | market price loaded from cache
2026-04-28 12:06:24,230 | INFO | [HOLD] 001510 | 현재가 6,120원 | 보유 중이지만 익절 목표 6,150원과 손절 기준 5,939원 사이에 있어 유지합니다
2026-04-28 12:06:29,231 | INFO | account balance loaded from cache
2026-04-28 12:06:29,231 | INFO | market price loaded from cache
2026-04-28 12:06:29,231 | INFO | [HOLD] 005930 | 현재가 221,750원 | 기준가 224,500원 대비 돌파 기준 226,745원에 아직 도달하지 않아 관망합니다
2026-04-28 12:06:29,231 | INFO | market price loaded from cache
2026-04-28 12:06:29,231 | INFO | [HOLD] 001510 | 현재가 6,120원 | 보유 중이지만 익절 목표 6,150원과 손절 기준 5,939원 사이에 있어 유지합니다
2026-04-28 12:06:34,232 | INFO | account balance loaded from cache
2026-04-28 12:06:34,232 | INFO | market price loaded from cache
2026-04-28 12:06:34,232 | INFO | [HOLD] 005930 | 현재가 221,750원 | 기준가 224,500원 대비 돌파 기준 226,745원에 아직 도달하지 않아 관망합니다
2026-04-28 12:06:34,232 | INFO | market price loaded from cache
2026-04-28 12:06:34,233 | INFO | [HOLD] 001510 | 현재가 6,120원 | 보유 중이지만 익절 목표 6,150원과 손절 기준 5,939원 사이에 있어 유지합니다
2026-04-28 12:06:39,233 | INFO | account balance loaded from cache
2026-04-28 12:06:39,233 | INFO | market price loaded from cache
2026-04-28 12:06:39,233 | INFO | [HOLD] 005930 | 현재가 221,750원 | 기준가 224,500원 대비 돌파 기준 226,745원에 아직 도달하지 않아 관망합니다
2026-04-28 12:06:39,233 | INFO | market price loaded from cache
2026-04-28 12:06:39,234 | INFO | [HOLD] 001510 | 현재가 6,120원 | 보유 중이지만 익절 목표 6,150원과 손절 기준 5,939원 사이에 있어 유지합니다
2026-04-28 12:06:44,235 | INFO | account balance loaded from cache
2026-04-28 12:06:44,235 | INFO | market price loaded from cache
2026-04-28 12:06:44,235 | INFO | [HOLD] 005930 | 현재가 221,750원 | 기준가 224,500원 대비 돌파 기준 226,745원에 아직 도달하지 않아 관망합니다
2026-04-28 12:06:44,235 | INFO | market price loaded from cache
2026-04-28 12:06:44,235 | INFO | [HOLD] 001510 | 현재가 6,120원 | 보유 중이지만 익절 목표 6,150원과 손절 기준 5,939원 사이에 있어 유지합니다
2026-04-28 12:06:49,236 | INFO | account balance loaded from cache
2026-04-28 12:06:49,236 | INFO | market price loaded from cache
2026-04-28 12:06:49,236 | INFO | [HOLD] 005930 | 현재가 221,750원 | 기준가 224,500원 대비 돌파 기준 226,745원에 아직 도달하지 않아 관망합니다
2026-04-28 12:06:49,237 | INFO | market price loaded from cache
2026-04-28 12:06:49,237 | INFO | [HOLD] 001510 | 현재가 6,120원 | 보유 중이지만 익절 목표 6,150원과 손절 기준 5,939원 사이에 있어 유지합니다
2026-04-28 12:06:54,239 | INFO | account balance loaded from cache
2026-04-28 12:06:54,240 | INFO | market price loaded from cache
2026-04-28 12:06:54,240 | INFO | [HOLD] 005930 | 현재가 221,750원 | 기준가 224,500원 대비 돌파 기준 226,745원에 아직 도달하지 않아 관망합니다
2026-04-28 12:06:54,240 | INFO | market price loaded from cache
2026-04-28 12:06:54,240 | INFO | [HOLD] 001510 | 현재가 6,120원 | 보유 중이지만 익절 목표 6,150원과 손절 기준 5,939원 사이에 있어 유지합니다
2026-04-28 12:06:59,241 | INFO | account balance loaded from cache
2026-04-28 12:06:59,241 | INFO | market price loaded from cache
2026-04-28 12:06:59,241 | INFO | [HOLD] 005930 | 현재가 221,750원 | 기준가 224,500원 대비 돌파 기준 226,745원에 아직 도달하지 않아 관망합니다
2026-04-28 12:06:59,241 | INFO | market price loaded from cache
2026-04-28 12:06:59,241 | INFO | [HOLD] 001510 | 현재가 6,120원 | 보유 중이지만 익절 목표 6,150원과 손절 기준 5,939원 사이에 있어 유지합니다
2026-04-28 12:07:04,242 | INFO | account balance loaded from cache
2026-04-28 12:07:04,242 | INFO | market price loaded from cache
2026-04-28 12:07:04,242 | INFO | [HOLD] 005930 | 현재가 221,750원 | 기준가 224,500원 대비 돌파 기준 226,745원에 아직 도달하지 않아 관망합니다
2026-04-28 12:07:04,242 | INFO | market price loaded from cache
2026-04-28 12:07:04,242 | INFO | [HOLD] 001510 | 현재가 6,120원 | 보유 중이지만 익절 목표 6,150원과 손절 기준 5,939원 사이에 있어 유지합니다
2026-04-28 12:07:09,243 | INFO | account balance loaded from cache
2026-04-28 12:07:09,243 | INFO | market price loaded from cache
2026-04-28 12:07:09,244 | INFO | [HOLD] 005930 | 현재가 221,750원 | 기준가 224,500원 대비 돌파 기준 226,745원에 아직 도달하지 않아 관망합니다
2026-04-28 12:07:09,244 | INFO | market price loaded from cache
2026-04-28 12:07:09,244 | INFO | [HOLD] 001510 | 현재가 6,120원 | 보유 중이지만 익절 목표 6,150원과 손절 기준 5,939원 사이에 있어 유지합니다
2026-04-28 12:07:14,245 | INFO | account balance loaded from cache
2026-04-28 12:07:14,245 | INFO | market price loaded from cache
2026-04-28 12:07:14,245 | INFO | [HOLD] 005930 | 현재가 221,750원 | 기준가 224,500원 대비 돌파 기준 226,745원에 아직 도달하지 않아 관망합니다
2026-04-28 12:07:14,245 | INFO | market price loaded from cache
2026-04-28 12:07:14,245 | INFO | [HOLD] 001510 | 현재가 6,120원 | 보유 중이지만 익절 목표 6,150원과 손절 기준 5,939원 사이에 있어 유지합니다
2026-04-28 12:07:19,364 | INFO | account balance loaded from api
2026-04-28 12:07:19,364 | INFO | market price loaded from cache
2026-04-28 12:07:19,365 | INFO | [HOLD] 005930 | 현재가 221,750원 | 기준가 224,500원 대비 돌파 기준 226,745원에 아직 도달하지 않아 관망합니다
2026-04-28 12:07:19,365 | INFO | market price loaded from cache
2026-04-28 12:07:19,365 | INFO | [HOLD] 001510 | 현재가 6,120원 | 보유 중이지만 익절 목표 6,150원과 손절 기준 5,939원 사이에 있어 유지합니다
2026-04-28 12:07:24,366 | INFO | account balance loaded from cache
2026-04-28 12:07:24,366 | INFO | market price loaded from cache
2026-04-28 12:07:24,366 | INFO | [HOLD] 005930 | 현재가 221,750원 | 기준가 224,500원 대비 돌파 기준 226,745원에 아직 도달하지 않아 관망합니다
2026-04-28 12:07:24,366 | INFO | market price loaded from cache
2026-04-28 12:07:24,366 | INFO | [HOLD] 001510 | 현재가 6,120원 | 보유 중이지만 익절 목표 6,150원과 손절 기준 5,939원 사이에 있어 유지합니다
2026-04-28 12:07:29,367 | INFO | account balance loaded from cache
2026-04-28 12:07:29,367 | INFO | market price loaded from cache
2026-04-28 12:07:29,367 | INFO | [HOLD] 005930 | 현재가 221,750원 | 기준가 224,500원 대비 돌파 기준 226,745원에 아직 도달하지 않아 관망합니다
2026-04-28 12:07:29,367 | INFO | market price loaded from cache
2026-04-28 12:07:29,367 | INFO | [HOLD] 001510 | 현재가 6,120원 | 보유 중이지만 익절 목표 6,150원과 손절 기준 5,939원 사이에 있어 유지합니다
2026-04-28 12:07:34,368 | INFO | account balance loaded from cache
2026-04-28 12:07:34,368 | INFO | market price loaded from cache
2026-04-28 12:07:34,368 | INFO | [HOLD] 005930 | 현재가 221,750원 | 기준가 224,500원 대비 돌파 기준 226,745원에 아직 도달하지 않아 관망합니다
2026-04-28 12:07:34,368 | INFO | market price loaded from cache
2026-04-28 12:07:34,368 | INFO | [HOLD] 001510 | 현재가 6,120원 | 보유 중이지만 익절 목표 6,150원과 손절 기준 5,939원 사이에 있어 유지합니다
2026-04-28 12:07:39,369 | INFO | account balance loaded from cache
2026-04-28 12:07:39,369 | INFO | market price loaded from cache
2026-04-28 12:07:39,369 | INFO | [HOLD] 005930 | 현재가 221,750원 | 기준가 224,500원 대비 돌파 기준 226,745원에 아직 도달하지 않아 관망합니다
2026-04-28 12:07:39,369 | INFO | market price loaded from cache
2026-04-28 12:07:39,369 | INFO | [HOLD] 001510 | 현재가 6,120원 | 보유 중이지만 익절 목표 6,150원과 손절 기준 5,939원 사이에 있어 유지합니다
2026-04-28 12:07:44,370 | INFO | account balance loaded from cache
2026-04-28 12:07:44,370 | INFO | market price loaded from cache
2026-04-28 12:07:44,370 | INFO | [HOLD] 005930 | 현재가 221,750원 | 기준가 224,500원 대비 돌파 기준 226,745원에 아직 도달하지 않아 관망합니다
2026-04-28 12:07:44,371 | INFO | market price loaded from cache
2026-04-28 12:07:44,371 | INFO | [HOLD] 001510 | 현재가 6,120원 | 보유 중이지만 익절 목표 6,150원과 손절 기준 5,939원 사이에 있어 유지합니다
2026-04-28 12:07:49,371 | INFO | account balance loaded from cache
2026-04-28 12:07:49,371 | INFO | market price loaded from cache
2026-04-28 12:07:49,372 | INFO | [HOLD] 005930 | 현재가 221,750원 | 기준가 224,500원 대비 돌파 기준 226,745원에 아직 도달하지 않아 관망합니다
2026-04-28 12:07:49,372 | INFO | market price loaded from cache
2026-04-28 12:07:49,372 | INFO | [HOLD] 001510 | 현재가 6,120원 | 보유 중이지만 익절 목표 6,150원과 손절 기준 5,939원 사이에 있어 유지합니다
2026-04-28 12:07:54,373 | INFO | account balance loaded from cache
2026-04-28 12:07:54,373 | INFO | market price loaded from cache
2026-04-28 12:07:54,374 | INFO | [HOLD] 005930 | 현재가 221,750원 | 기준가 224,500원 대비 돌파 기준 226,745원에 아직 도달하지 않아 관망합니다
2026-04-28 12:07:54,374 | INFO | market price loaded from cache
2026-04-28 12:07:54,374 | INFO | [HOLD] 001510 | 현재가 6,120원 | 보유 중이지만 익절 목표 6,150원과 손절 기준 5,939원 사이에 있어 유지합니다
2026-04-28 12:07:59,374 | INFO | account balance loaded from cache
2026-04-28 12:07:59,375 | INFO | market price loaded from cache
2026-04-28 12:07:59,375 | INFO | [HOLD] 005930 | 현재가 221,750원 | 기준가 224,500원 대비 돌파 기준 226,745원에 아직 도달하지 않아 관망합니다
2026-04-28 12:07:59,375 | INFO | market price loaded from cache
2026-04-28 12:07:59,375 | INFO | [HOLD] 001510 | 현재가 6,120원 | 보유 중이지만 익절 목표 6,150원과 손절 기준 5,939원 사이에 있어 유지합니다
2026-04-28 12:08:04,376 | INFO | account balance loaded from cache
2026-04-28 12:08:04,376 | INFO | market price loaded from cache
2026-04-28 12:08:04,376 | INFO | [HOLD] 005930 | 현재가 221,750원 | 기준가 224,500원 대비 돌파 기준 226,745원에 아직 도달하지 않아 관망합니다
2026-04-28 12:08:04,376 | INFO | market price loaded from cache
2026-04-28 12:08:04,376 | INFO | [HOLD] 001510 | 현재가 6,120원 | 보유 중이지만 익절 목표 6,150원과 손절 기준 5,939원 사이에 있어 유지합니다
2026-04-28 12:08:09,377 | INFO | account balance loaded from cache
2026-04-28 12:08:09,377 | INFO | market price loaded from cache
2026-04-28 12:08:09,377 | INFO | [HOLD] 005930 | 현재가 221,750원 | 기준가 224,500원 대비 돌파 기준 226,745원에 아직 도달하지 않아 관망합니다
2026-04-28 12:08:09,377 | INFO | market price loaded from cache
2026-04-28 12:08:09,377 | INFO | [HOLD] 001510 | 현재가 6,120원 | 보유 중이지만 익절 목표 6,150원과 손절 기준 5,939원 사이에 있어 유지합니다
2026-04-28 12:08:14,378 | INFO | account balance loaded from cache
2026-04-28 12:08:14,378 | INFO | market price loaded from cache
2026-04-28 12:08:14,379 | INFO | [HOLD] 005930 | 현재가 221,750원 | 기준가 224,500원 대비 돌파 기준 226,745원에 아직 도달하지 않아 관망합니다
2026-04-28 12:08:14,379 | INFO | market price loaded from cache
2026-04-28 12:08:14,379 | INFO | [HOLD] 001510 | 현재가 6,120원 | 보유 중이지만 익절 목표 6,150원과 손절 기준 5,939원 사이에 있어 유지합니다
2026-04-28 12:08:19,380 | INFO | account balance loaded from cache
2026-04-28 12:08:19,380 | INFO | market price loaded from cache
2026-04-28 12:08:19,381 | INFO | [HOLD] 005930 | 현재가 221,750원 | 기준가 224,500원 대비 돌파 기준 226,745원에 아직 도달하지 않아 관망합니다
2026-04-28 12:08:19,381 | INFO | market price loaded from cache
2026-04-28 12:08:19,381 | INFO | [HOLD] 001510 | 현재가 6,120원 | 보유 중이지만 익절 목표 6,150원과 손절 기준 5,939원 사이에 있어 유지합니다
2026-04-28 12:08:24,384 | INFO | account balance loaded from cache
2026-04-28 12:08:24,384 | INFO | market price loaded from cache
2026-04-28 12:08:24,384 | INFO | [HOLD] 005930 | 현재가 221,750원 | 기준가 224,500원 대비 돌파 기준 226,745원에 아직 도달하지 않아 관망합니다
2026-04-28 12:08:24,384 | INFO | market price loaded from cache
2026-04-28 12:08:24,384 | INFO | [HOLD] 001510 | 현재가 6,120원 | 보유 중이지만 익절 목표 6,150원과 손절 기준 5,939원 사이에 있어 유지합니다
2026-04-28 12:08:29,385 | INFO | account balance loaded from cache
2026-04-28 12:08:29,385 | INFO | market price loaded from cache
2026-04-28 12:08:29,385 | INFO | [HOLD] 005930 | 현재가 221,750원 | 기준가 224,500원 대비 돌파 기준 226,745원에 아직 도달하지 않아 관망합니다
2026-04-28 12:08:29,385 | INFO | market price loaded from cache
2026-04-28 12:08:29,385 | INFO | [HOLD] 001510 | 현재가 6,120원 | 보유 중이지만 익절 목표 6,150원과 손절 기준 5,939원 사이에 있어 유지합니다
2026-04-28 12:08:34,386 | INFO | account balance loaded from cache
2026-04-28 12:08:34,386 | INFO | market price loaded from cache
2026-04-28 12:08:34,386 | INFO | [HOLD] 005930 | 현재가 221,750원 | 기준가 224,500원 대비 돌파 기준 226,745원에 아직 도달하지 않아 관망합니다
2026-04-28 12:08:34,387 | INFO | market price loaded from cache
2026-04-28 12:08:34,387 | INFO | [HOLD] 001510 | 현재가 6,120원 | 보유 중이지만 익절 목표 6,150원과 손절 기준 5,939원 사이에 있어 유지합니다
2026-04-28 12:08:39,387 | INFO | account balance loaded from cache
2026-04-28 12:08:39,387 | INFO | market price loaded from cache
2026-04-28 12:08:39,388 | INFO | [HOLD] 005930 | 현재가 221,750원 | 기준가 224,500원 대비 돌파 기준 226,745원에 아직 도달하지 않아 관망합니다
2026-04-28 12:08:39,388 | INFO | market price loaded from cache
2026-04-28 12:08:39,388 | INFO | [HOLD] 001510 | 현재가 6,120원 | 보유 중이지만 익절 목표 6,150원과 손절 기준 5,939원 사이에 있어 유지합니다
2026-04-28 12:08:44,388 | INFO | account balance loaded from cache
2026-04-28 12:08:44,389 | INFO | market price loaded from cache
2026-04-28 12:08:44,389 | INFO | [HOLD] 005930 | 현재가 221,750원 | 기준가 224,500원 대비 돌파 기준 226,745원에 아직 도달하지 않아 관망합니다
2026-04-28 12:08:44,389 | INFO | market price loaded from cache
2026-04-28 12:08:44,389 | INFO | [HOLD] 001510 | 현재가 6,120원 | 보유 중이지만 익절 목표 6,150원과 손절 기준 5,939원 사이에 있어 유지합니다
2026-04-28 12:08:49,390 | INFO | account balance loaded from cache
2026-04-28 12:08:49,390 | INFO | market price loaded from cache
2026-04-28 12:08:49,390 | INFO | [HOLD] 005930 | 현재가 221,750원 | 기준가 224,500원 대비 돌파 기준 226,745원에 아직 도달하지 않아 관망합니다
2026-04-28 12:08:49,391 | INFO | market price loaded from cache
2026-04-28 12:08:49,391 | INFO | [HOLD] 001510 | 현재가 6,120원 | 보유 중이지만 익절 목표 6,150원과 손절 기준 5,939원 사이에 있어 유지합니다
2026-04-28 12:08:54,393 | INFO | account balance loaded from cache
2026-04-28 12:08:54,393 | INFO | market price loaded from cache
2026-04-28 12:08:54,393 | INFO | [HOLD] 005930 | 현재가 221,750원 | 기준가 224,500원 대비 돌파 기준 226,745원에 아직 도달하지 않아 관망합니다
2026-04-28 12:08:54,393 | INFO | market price loaded from cache
2026-04-28 12:08:54,393 | INFO | [HOLD] 001510 | 현재가 6,120원 | 보유 중이지만 익절 목표 6,150원과 손절 기준 5,939원 사이에 있어 유지합니다
2026-04-28 12:08:59,394 | INFO | account balance loaded from cache
2026-04-28 12:08:59,394 | INFO | market price loaded from cache
2026-04-28 12:08:59,394 | INFO | [HOLD] 005930 | 현재가 221,750원 | 기준가 224,500원 대비 돌파 기준 226,745원에 아직 도달하지 않아 관망합니다
2026-04-28 12:08:59,394 | INFO | market price loaded from cache
2026-04-28 12:08:59,394 | INFO | [HOLD] 001510 | 현재가 6,120원 | 보유 중이지만 익절 목표 6,150원과 손절 기준 5,939원 사이에 있어 유지합니다
2026-04-28 12:09:04,395 | INFO | account balance loaded from cache
2026-04-28 12:09:04,395 | INFO | market price loaded from cache
2026-04-28 12:09:04,395 | INFO | [HOLD] 005930 | 현재가 221,750원 | 기준가 224,500원 대비 돌파 기준 226,745원에 아직 도달하지 않아 관망합니다
2026-04-28 12:09:04,395 | INFO | market price loaded from cache
2026-04-28 12:09:04,395 | INFO | [HOLD] 001510 | 현재가 6,120원 | 보유 중이지만 익절 목표 6,150원과 손절 기준 5,939원 사이에 있어 유지합니다
2026-04-28 12:09:09,396 | INFO | account balance loaded from cache
2026-04-28 12:09:09,397 | INFO | market price loaded from cache
2026-04-28 12:09:09,397 | INFO | [HOLD] 005930 | 현재가 221,750원 | 기준가 224,500원 대비 돌파 기준 226,745원에 아직 도달하지 않아 관망합니다
2026-04-28 12:09:09,397 | INFO | market price loaded from cache
2026-04-28 12:09:09,397 | INFO | [HOLD] 001510 | 현재가 6,120원 | 보유 중이지만 익절 목표 6,150원과 손절 기준 5,939원 사이에 있어 유지합니다
2026-04-28 12:09:14,397 | INFO | account balance loaded from cache
2026-04-28 12:09:14,398 | INFO | market price loaded from cache
2026-04-28 12:09:14,398 | INFO | [HOLD] 005930 | 현재가 221,750원 | 기준가 224,500원 대비 돌파 기준 226,745원에 아직 도달하지 않아 관망합니다
2026-04-28 12:09:14,398 | INFO | market price loaded from cache
2026-04-28 12:09:14,398 | INFO | [HOLD] 001510 | 현재가 6,120원 | 보유 중이지만 익절 목표 6,150원과 손절 기준 5,939원 사이에 있어 유지합니다
2026-04-28 12:09:19,399 | INFO | account balance loaded from cache
2026-04-28 12:09:19,399 | INFO | market price loaded from cache
2026-04-28 12:09:19,399 | INFO | [HOLD] 005930 | 현재가 221,750원 | 기준가 224,500원 대비 돌파 기준 226,745원에 아직 도달하지 않아 관망합니다
2026-04-28 12:09:19,399 | INFO | market price loaded from cache
2026-04-28 12:09:19,399 | INFO | [HOLD] 001510 | 현재가 6,120원 | 보유 중이지만 익절 목표 6,150원과 손절 기준 5,939원 사이에 있어 유지합니다
2026-04-28 12:09:24,400 | INFO | account balance loaded from cache
2026-04-28 12:09:24,400 | INFO | market price loaded from cache
2026-04-28 12:09:24,400 | INFO | [HOLD] 005930 | 현재가 221,750원 | 기준가 224,500원 대비 돌파 기준 226,745원에 아직 도달하지 않아 관망합니다
2026-04-28 12:09:24,400 | INFO | market price loaded from cache
2026-04-28 12:09:24,400 | INFO | [HOLD] 001510 | 현재가 6,120원 | 보유 중이지만 익절 목표 6,150원과 손절 기준 5,939원 사이에 있어 유지합니다
2026-04-28 12:09:29,401 | INFO | account balance loaded from cache
2026-04-28 12:09:29,401 | INFO | market price loaded from cache
2026-04-28 12:09:29,402 | INFO | [HOLD] 005930 | 현재가 221,750원 | 기준가 224,500원 대비 돌파 기준 226,745원에 아직 도달하지 않아 관망합니다
2026-04-28 12:09:29,402 | INFO | market price loaded from cache
2026-04-28 12:09:29,402 | INFO | [HOLD] 001510 | 현재가 6,120원 | 보유 중이지만 익절 목표 6,150원과 손절 기준 5,939원 사이에 있어 유지합니다
2026-04-28 12:09:34,403 | INFO | account balance loaded from cache
2026-04-28 12:09:34,403 | INFO | market price loaded from cache
2026-04-28 12:09:34,404 | INFO | [HOLD] 005930 | 현재가 221,750원 | 기준가 224,500원 대비 돌파 기준 226,745원에 아직 도달하지 않아 관망합니다
2026-04-28 12:09:34,404 | INFO | market price loaded from cache
2026-04-28 12:09:34,404 | INFO | [HOLD] 001510 | 현재가 6,120원 | 보유 중이지만 익절 목표 6,150원과 손절 기준 5,939원 사이에 있어 유지합니다
2026-04-28 12:09:39,408 | INFO | account balance loaded from cache
2026-04-28 12:09:39,409 | INFO | market price loaded from cache
2026-04-28 12:09:39,409 | INFO | [HOLD] 005930 | 현재가 221,750원 | 기준가 224,500원 대비 돌파 기준 226,745원에 아직 도달하지 않아 관망합니다
2026-04-28 12:09:39,409 | INFO | market price loaded from cache
2026-04-28 12:09:39,409 | INFO | [HOLD] 001510 | 현재가 6,120원 | 보유 중이지만 익절 목표 6,150원과 손절 기준 5,939원 사이에 있어 유지합니다
2026-04-28 12:09:44,410 | INFO | account balance loaded from cache
2026-04-28 12:09:44,410 | INFO | market price loaded from cache
2026-04-28 12:09:44,410 | INFO | [HOLD] 005930 | 현재가 221,750원 | 기준가 224,500원 대비 돌파 기준 226,745원에 아직 도달하지 않아 관망합니다
2026-04-28 12:09:44,410 | INFO | market price loaded from cache
2026-04-28 12:09:44,410 | INFO | [HOLD] 001510 | 현재가 6,120원 | 보유 중이지만 익절 목표 6,150원과 손절 기준 5,939원 사이에 있어 유지합니다
2026-04-28 12:09:49,411 | INFO | account balance loaded from cache
2026-04-28 12:09:49,411 | INFO | market price loaded from cache
2026-04-28 12:09:49,411 | INFO | [HOLD] 005930 | 현재가 221,750원 | 기준가 224,500원 대비 돌파 기준 226,745원에 아직 도달하지 않아 관망합니다
2026-04-28 12:09:49,411 | INFO | market price loaded from cache
2026-04-28 12:09:49,411 | INFO | [HOLD] 001510 | 현재가 6,120원 | 보유 중이지만 익절 목표 6,150원과 손절 기준 5,939원 사이에 있어 유지합니다
2026-04-28 12:09:54,412 | INFO | account balance loaded from cache
2026-04-28 12:09:54,412 | INFO | market price loaded from cache
2026-04-28 12:09:54,413 | INFO | [HOLD] 005930 | 현재가 221,750원 | 기준가 224,500원 대비 돌파 기준 226,745원에 아직 도달하지 않아 관망합니다
2026-04-28 12:09:54,413 | INFO | market price loaded from cache
2026-04-28 12:09:54,413 | INFO | [HOLD] 001510 | 현재가 6,120원 | 보유 중이지만 익절 목표 6,150원과 손절 기준 5,939원 사이에 있어 유지합니다
2026-04-28 12:09:59,414 | INFO | account balance loaded from cache
2026-04-28 12:09:59,414 | INFO | market price loaded from cache
2026-04-28 12:09:59,415 | INFO | [HOLD] 005930 | 현재가 221,750원 | 기준가 224,500원 대비 돌파 기준 226,745원에 아직 도달하지 않아 관망합니다
2026-04-28 12:09:59,415 | INFO | market price loaded from cache
2026-04-28 12:09:59,415 | INFO | [HOLD] 001510 | 현재가 6,120원 | 보유 중이지만 익절 목표 6,150원과 손절 기준 5,939원 사이에 있어 유지합니다
2026-04-28 12:10:04,418 | INFO | account balance loaded from cache
2026-04-28 12:10:04,418 | INFO | market price loaded from cache
2026-04-28 12:10:04,418 | INFO | [HOLD] 005930 | 현재가 221,750원 | 기준가 224,500원 대비 돌파 기준 226,745원에 아직 도달하지 않아 관망합니다
2026-04-28 12:10:04,418 | INFO | market price loaded from cache
2026-04-28 12:10:04,418 | INFO | [HOLD] 001510 | 현재가 6,120원 | 보유 중이지만 익절 목표 6,150원과 손절 기준 5,939원 사이에 있어 유지합니다
2026-04-28 12:10:09,419 | INFO | account balance loaded from cache
2026-04-28 12:10:09,419 | INFO | market price loaded from cache
2026-04-28 12:10:09,419 | INFO | [HOLD] 005930 | 현재가 221,750원 | 기준가 224,500원 대비 돌파 기준 226,745원에 아직 도달하지 않아 관망합니다
2026-04-28 12:10:09,419 | INFO | market price loaded from cache
2026-04-28 12:10:09,420 | INFO | [HOLD] 001510 | 현재가 6,120원 | 보유 중이지만 익절 목표 6,150원과 손절 기준 5,939원 사이에 있어 유지합니다
2026-04-28 12:10:14,420 | INFO | account balance loaded from cache
2026-04-28 12:10:14,420 | INFO | market price loaded from cache
2026-04-28 12:10:14,420 | INFO | [HOLD] 005930 | 현재가 221,750원 | 기준가 224,500원 대비 돌파 기준 226,745원에 아직 도달하지 않아 관망합니다
2026-04-28 12:10:14,421 | INFO | market price loaded from cache
2026-04-28 12:10:14,421 | INFO | [HOLD] 001510 | 현재가 6,120원 | 보유 중이지만 익절 목표 6,150원과 손절 기준 5,939원 사이에 있어 유지합니다
2026-04-28 12:10:19,497 | INFO | account balance loaded from api
2026-04-28 12:10:19,505 | INFO | market price loaded from api
2026-04-28 12:10:19,505 | INFO | [HOLD] 005930 | 현재가 222,250원 | 기준가 224,500원 대비 돌파 기준 226,745원에 아직 도달하지 않아 관망합니다
2026-04-28 12:10:19,525 | ERROR | unexpected error: kiwoom request failed: api_id=ka10001, http=429, body={'return_msg': '허용된 요청 개수를 초과하였습니다[1700:허용된 요청 개수를 초과하였습니다. API ID=ka10001]', 'return_code': 5}
Traceback (most recent call last):
  File "C:\Users\winn\Desktop\kiwoom-auto-trader-ver1\app\main.py", line 107, in main
    trading_service.run_once()
    ~~~~~~~~~~~~~~~~~~~~~~~~^^
  File "C:\Users\winn\Desktop\kiwoom-auto-trader-ver1\domain\service\trading_service.py", line 154, in run_once
    market_price = self._get_market_price_with_cache(symbol)
  File "C:\Users\winn\Desktop\kiwoom-auto-trader-ver1\domain\service\trading_service.py", line 114, in _get_market_price_with_cache
    market_price = self.broker.get_market_price(symbol)
  File "C:\Users\winn\Desktop\kiwoom-auto-trader-ver1\infra\broker\kiwoom_broker.py", line 126, in get_market_price
    api_response = self._post(
        endpoint="/api/dostk/stkinfo",
        api_id="ka10001",
        payload={"stk_cd": symbol},
    )
  File "C:\Users\winn\Desktop\kiwoom-auto-trader-ver1\infra\broker\kiwoom_broker.py", line 287, in _post
    raise RuntimeError(
        f"kiwoom request failed: api_id={api_id}, http={api_response.status_code}, body={api_response.body}"
    )
RuntimeError: kiwoom request failed: api_id=ka10001, http=429, body={'return_msg': '허용된 요청 개수를 초과하였습니다[1700:허용된 요청 개수를 초과하였습니다. API ID=ka10001]', 'return_code': 5}
2026-04-28 12:10:19,527 | WARNING | rate limit detected, backing off for 180 seconds
2026-04-28 12:13:19,613 | INFO | account balance loaded from api
2026-04-28 12:13:19,613 | INFO | market price loaded from cache
2026-04-28 12:13:19,613 | INFO | [HOLD] 005930 | 현재가 222,250원 | 기준가 224,500원 대비 돌파 기준 226,745원에 아직 도달하지 않아 관망합니다
2026-04-28 12:13:19,622 | INFO | market price loaded from api
2026-04-28 12:13:19,623 | INFO | [HOLD] 001510 | 현재가 6,065원 | 보유 중이지만 익절 목표 6,150원과 손절 기준 5,939원 사이에 있어 유지합니다
2026-04-28 12:13:24,624 | INFO | account balance loaded from cache
2026-04-28 12:13:24,624 | INFO | market price loaded from cache
2026-04-28 12:13:24,624 | INFO | [HOLD] 005930 | 현재가 222,250원 | 기준가 224,500원 대비 돌파 기준 226,745원에 아직 도달하지 않아 관망합니다
2026-04-28 12:13:24,624 | INFO | market price loaded from cache
2026-04-28 12:13:24,624 | INFO | [HOLD] 001510 | 현재가 6,065원 | 보유 중이지만 익절 목표 6,150원과 손절 기준 5,939원 사이에 있어 유지합니다
2026-04-28 12:13:29,625 | INFO | account balance loaded from cache
2026-04-28 12:13:29,625 | INFO | market price loaded from cache
2026-04-28 12:13:29,626 | INFO | [HOLD] 005930 | 현재가 222,250원 | 기준가 224,500원 대비 돌파 기준 226,745원에 아직 도달하지 않아 관망합니다
2026-04-28 12:13:29,626 | INFO | market price loaded from cache
2026-04-28 12:13:29,626 | INFO | [HOLD] 001510 | 현재가 6,065원 | 보유 중이지만 익절 목표 6,150원과 손절 기준 5,939원 사이에 있어 유지합니다
2026-04-28 12:13:34,626 | INFO | account balance loaded from cache
2026-04-28 12:13:34,626 | INFO | market price loaded from cache
2026-04-28 12:13:34,626 | INFO | [HOLD] 005930 | 현재가 222,250원 | 기준가 224,500원 대비 돌파 기준 226,745원에 아직 도달하지 않아 관망합니다
2026-04-28 12:13:34,627 | INFO | market price loaded from cache
2026-04-28 12:13:34,627 | INFO | [HOLD] 001510 | 현재가 6,065원 | 보유 중이지만 익절 목표 6,150원과 손절 기준 5,939원 사이에 있어 유지합니다
2026-04-28 12:13:39,627 | INFO | account balance loaded from cache
2026-04-28 12:13:39,628 | INFO | market price loaded from cache
2026-04-28 12:13:39,628 | INFO | [HOLD] 005930 | 현재가 222,250원 | 기준가 224,500원 대비 돌파 기준 226,745원에 아직 도달하지 않아 관망합니다
2026-04-28 12:13:39,628 | INFO | market price loaded from cache
2026-04-28 12:13:39,628 | INFO | [HOLD] 001510 | 현재가 6,065원 | 보유 중이지만 익절 목표 6,150원과 손절 기준 5,939원 사이에 있어 유지합니다
2026-04-28 12:13:44,629 | INFO | account balance loaded from cache
2026-04-28 12:13:44,629 | INFO | market price loaded from cache
2026-04-28 12:13:44,629 | INFO | [HOLD] 005930 | 현재가 222,250원 | 기준가 224,500원 대비 돌파 기준 226,745원에 아직 도달하지 않아 관망합니다
2026-04-28 12:13:44,629 | INFO | market price loaded from cache
2026-04-28 12:13:44,629 | INFO | [HOLD] 001510 | 현재가 6,065원 | 보유 중이지만 익절 목표 6,150원과 손절 기준 5,939원 사이에 있어 유지합니다
2026-04-28 12:13:49,630 | INFO | account balance loaded from cache
2026-04-28 12:13:49,630 | INFO | market price loaded from cache
2026-04-28 12:13:49,630 | INFO | [HOLD] 005930 | 현재가 222,250원 | 기준가 224,500원 대비 돌파 기준 226,745원에 아직 도달하지 않아 관망합니다
2026-04-28 12:13:49,630 | INFO | market price loaded from cache
2026-04-28 12:13:49,630 | INFO | [HOLD] 001510 | 현재가 6,065원 | 보유 중이지만 익절 목표 6,150원과 손절 기준 5,939원 사이에 있어 유지합니다
2026-04-28 12:13:54,631 | INFO | account balance loaded from cache
2026-04-28 12:13:54,631 | INFO | market price loaded from cache
2026-04-28 12:13:54,631 | INFO | [HOLD] 005930 | 현재가 222,250원 | 기준가 224,500원 대비 돌파 기준 226,745원에 아직 도달하지 않아 관망합니다
2026-04-28 12:13:54,631 | INFO | market price loaded from cache
2026-04-28 12:13:54,631 | INFO | [HOLD] 001510 | 현재가 6,065원 | 보유 중이지만 익절 목표 6,150원과 손절 기준 5,939원 사이에 있어 유지합니다
2026-04-28 12:13:59,632 | INFO | account balance loaded from cache
2026-04-28 12:13:59,632 | INFO | market price loaded from cache
2026-04-28 12:13:59,632 | INFO | [HOLD] 005930 | 현재가 222,250원 | 기준가 224,500원 대비 돌파 기준 226,745원에 아직 도달하지 않아 관망합니다
2026-04-28 12:13:59,632 | INFO | market price loaded from cache
2026-04-28 12:13:59,632 | INFO | [HOLD] 001510 | 현재가 6,065원 | 보유 중이지만 익절 목표 6,150원과 손절 기준 5,939원 사이에 있어 유지합니다
2026-04-28 12:14:04,634 | INFO | account balance loaded from cache
2026-04-28 12:14:04,634 | INFO | market price loaded from cache
2026-04-28 12:14:04,634 | INFO | [HOLD] 005930 | 현재가 222,250원 | 기준가 224,500원 대비 돌파 기준 226,745원에 아직 도달하지 않아 관망합니다
2026-04-28 12:14:04,634 | INFO | market price loaded from cache
2026-04-28 12:14:04,634 | INFO | [HOLD] 001510 | 현재가 6,065원 | 보유 중이지만 익절 목표 6,150원과 손절 기준 5,939원 사이에 있어 유지합니다
2026-04-28 12:14:09,635 | INFO | account balance loaded from cache
2026-04-28 12:14:09,635 | INFO | market price loaded from cache
2026-04-28 12:14:09,635 | INFO | [HOLD] 005930 | 현재가 222,250원 | 기준가 224,500원 대비 돌파 기준 226,745원에 아직 도달하지 않아 관망합니다
2026-04-28 12:14:09,635 | INFO | market price loaded from cache
2026-04-28 12:14:09,635 | INFO | [HOLD] 001510 | 현재가 6,065원 | 보유 중이지만 익절 목표 6,150원과 손절 기준 5,939원 사이에 있어 유지합니다
2026-04-28 12:14:14,636 | INFO | account balance loaded from cache
2026-04-28 12:14:14,636 | INFO | market price loaded from cache
2026-04-28 12:14:14,636 | INFO | [HOLD] 005930 | 현재가 222,250원 | 기준가 224,500원 대비 돌파 기준 226,745원에 아직 도달하지 않아 관망합니다
2026-04-28 12:14:14,636 | INFO | market price loaded from cache
2026-04-28 12:14:14,636 | INFO | [HOLD] 001510 | 현재가 6,065원 | 보유 중이지만 익절 목표 6,150원과 손절 기준 5,939원 사이에 있어 유지합니다
2026-04-28 12:14:19,638 | INFO | account balance loaded from cache
2026-04-28 12:14:19,638 | INFO | market price loaded from cache
2026-04-28 12:14:19,638 | INFO | [HOLD] 005930 | 현재가 222,250원 | 기준가 224,500원 대비 돌파 기준 226,745원에 아직 도달하지 않아 관망합니다
2026-04-28 12:14:19,638 | INFO | market price loaded from cache
2026-04-28 12:14:19,638 | INFO | [HOLD] 001510 | 현재가 6,065원 | 보유 중이지만 익절 목표 6,150원과 손절 기준 5,939원 사이에 있어 유지합니다
2026-04-28 12:14:24,639 | INFO | account balance loaded from cache
2026-04-28 12:14:24,639 | INFO | market price loaded from cache
2026-04-28 12:14:24,639 | INFO | [HOLD] 005930 | 현재가 222,250원 | 기준가 224,500원 대비 돌파 기준 226,745원에 아직 도달하지 않아 관망합니다
2026-04-28 12:14:24,640 | INFO | market price loaded from cache
2026-04-28 12:14:24,640 | INFO | [HOLD] 001510 | 현재가 6,065원 | 보유 중이지만 익절 목표 6,150원과 손절 기준 5,939원 사이에 있어 유지합니다
2026-04-28 12:14:29,645 | INFO | account balance loaded from cache
2026-04-28 12:14:29,645 | INFO | market price loaded from cache
2026-04-28 12:14:29,645 | INFO | [HOLD] 005930 | 현재가 222,250원 | 기준가 224,500원 대비 돌파 기준 226,745원에 아직 도달하지 않아 관망합니다
2026-04-28 12:14:29,645 | INFO | market price loaded from cache
2026-04-28 12:14:29,645 | INFO | [HOLD] 001510 | 현재가 6,065원 | 보유 중이지만 익절 목표 6,150원과 손절 기준 5,939원 사이에 있어 유지합니다
2026-04-28 12:14:34,646 | INFO | account balance loaded from cache
2026-04-28 12:14:34,646 | INFO | market price loaded from cache
2026-04-28 12:14:34,646 | INFO | [HOLD] 005930 | 현재가 222,250원 | 기준가 224,500원 대비 돌파 기준 226,745원에 아직 도달하지 않아 관망합니다
2026-04-28 12:14:34,646 | INFO | market price loaded from cache
2026-04-28 12:14:34,646 | INFO | [HOLD] 001510 | 현재가 6,065원 | 보유 중이지만 익절 목표 6,150원과 손절 기준 5,939원 사이에 있어 유지합니다
2026-04-28 12:14:39,647 | INFO | account balance loaded from cache
2026-04-28 12:14:39,647 | INFO | market price loaded from cache
2026-04-28 12:14:39,647 | INFO | [HOLD] 005930 | 현재가 222,250원 | 기준가 224,500원 대비 돌파 기준 226,745원에 아직 도달하지 않아 관망합니다
2026-04-28 12:14:39,647 | INFO | market price loaded from cache
2026-04-28 12:14:39,647 | INFO | [HOLD] 001510 | 현재가 6,065원 | 보유 중이지만 익절 목표 6,150원과 손절 기준 5,939원 사이에 있어 유지합니다
2026-04-28 12:14:44,648 | INFO | account balance loaded from cache
2026-04-28 12:14:44,649 | INFO | market price loaded from cache
2026-04-28 12:14:44,649 | INFO | [HOLD] 005930 | 현재가 222,250원 | 기준가 224,500원 대비 돌파 기준 226,745원에 아직 도달하지 않아 관망합니다
2026-04-28 12:14:44,649 | INFO | market price loaded from cache
2026-04-28 12:14:44,649 | INFO | [HOLD] 001510 | 현재가 6,065원 | 보유 중이지만 익절 목표 6,150원과 손절 기준 5,939원 사이에 있어 유지합니다
2026-04-28 12:14:49,649 | INFO | account balance loaded from cache
2026-04-28 12:14:49,650 | INFO | market price loaded from cache
2026-04-28 12:14:49,650 | INFO | [HOLD] 005930 | 현재가 222,250원 | 기준가 224,500원 대비 돌파 기준 226,745원에 아직 도달하지 않아 관망합니다
2026-04-28 12:14:49,650 | INFO | market price loaded from cache
2026-04-28 12:14:49,650 | INFO | [HOLD] 001510 | 현재가 6,065원 | 보유 중이지만 익절 목표 6,150원과 손절 기준 5,939원 사이에 있어 유지합니다
2026-04-28 12:14:54,650 | INFO | account balance loaded from cache
2026-04-28 12:14:54,651 | INFO | market price loaded from cache
2026-04-28 12:14:54,651 | INFO | [HOLD] 005930 | 현재가 222,250원 | 기준가 224,500원 대비 돌파 기준 226,745원에 아직 도달하지 않아 관망합니다
2026-04-28 12:14:54,651 | INFO | market price loaded from cache
2026-04-28 12:14:54,651 | INFO | [HOLD] 001510 | 현재가 6,065원 | 보유 중이지만 익절 목표 6,150원과 손절 기준 5,939원 사이에 있어 유지합니다
2026-04-28 12:14:59,652 | INFO | account balance loaded from cache
2026-04-28 12:14:59,652 | INFO | market price loaded from cache
2026-04-28 12:14:59,652 | INFO | [HOLD] 005930 | 현재가 222,250원 | 기준가 224,500원 대비 돌파 기준 226,745원에 아직 도달하지 않아 관망합니다
2026-04-28 12:14:59,652 | INFO | market price loaded from cache
2026-04-28 12:14:59,652 | INFO | [HOLD] 001510 | 현재가 6,065원 | 보유 중이지만 익절 목표 6,150원과 손절 기준 5,939원 사이에 있어 유지합니다
2026-04-28 12:15:04,653 | INFO | account balance loaded from cache
2026-04-28 12:15:04,653 | INFO | market price loaded from cache
2026-04-28 12:15:04,653 | INFO | [HOLD] 005930 | 현재가 222,250원 | 기준가 224,500원 대비 돌파 기준 226,745원에 아직 도달하지 않아 관망합니다
2026-04-28 12:15:04,653 | INFO | market price loaded from cache
2026-04-28 12:15:04,653 | INFO | [HOLD] 001510 | 현재가 6,065원 | 보유 중이지만 익절 목표 6,150원과 손절 기준 5,939원 사이에 있어 유지합니다
2026-04-28 12:15:09,654 | INFO | account balance loaded from cache
2026-04-28 12:15:09,654 | INFO | market price loaded from cache
2026-04-28 12:15:09,654 | INFO | [HOLD] 005930 | 현재가 222,250원 | 기준가 224,500원 대비 돌파 기준 226,745원에 아직 도달하지 않아 관망합니다
2026-04-28 12:15:09,654 | INFO | market price loaded from cache
2026-04-28 12:15:09,654 | INFO | [HOLD] 001510 | 현재가 6,065원 | 보유 중이지만 익절 목표 6,150원과 손절 기준 5,939원 사이에 있어 유지합니다
2026-04-28 12:15:14,655 | INFO | account balance loaded from cache
2026-04-28 12:15:14,655 | INFO | market price loaded from cache
2026-04-28 12:15:14,655 | INFO | [HOLD] 005930 | 현재가 222,250원 | 기준가 224,500원 대비 돌파 기준 226,745원에 아직 도달하지 않아 관망합니다
2026-04-28 12:15:14,655 | INFO | market price loaded from cache
2026-04-28 12:15:14,655 | INFO | [HOLD] 001510 | 현재가 6,065원 | 보유 중이지만 익절 목표 6,150원과 손절 기준 5,939원 사이에 있어 유지합니다
2026-04-28 12:15:19,656 | INFO | account balance loaded from cache
2026-04-28 12:15:19,706 | INFO | market price loaded from api
2026-04-28 12:15:19,706 | INFO | [HOLD] 005930 | 현재가 222,750원 | 기준가 224,500원 대비 돌파 기준 226,745원에 아직 도달하지 않아 관망합니다
2026-04-28 12:15:19,706 | INFO | market price loaded from cache
2026-04-28 12:15:19,706 | INFO | [HOLD] 001510 | 현재가 6,065원 | 보유 중이지만 익절 목표 6,150원과 손절 기준 5,939원 사이에 있어 유지합니다
2026-04-28 12:15:24,707 | INFO | account balance loaded from cache
2026-04-28 12:15:24,707 | INFO | market price loaded from cache
2026-04-28 12:15:24,707 | INFO | [HOLD] 005930 | 현재가 222,750원 | 기준가 224,500원 대비 돌파 기준 226,745원에 아직 도달하지 않아 관망합니다
2026-04-28 12:15:24,707 | INFO | market price loaded from cache
2026-04-28 12:15:24,707 | INFO | [HOLD] 001510 | 현재가 6,065원 | 보유 중이지만 익절 목표 6,150원과 손절 기준 5,939원 사이에 있어 유지합니다
2026-04-28 12:15:29,709 | INFO | account balance loaded from cache
2026-04-28 12:15:29,709 | INFO | market price loaded from cache
2026-04-28 12:15:29,709 | INFO | [HOLD] 005930 | 현재가 222,750원 | 기준가 224,500원 대비 돌파 기준 226,745원에 아직 도달하지 않아 관망합니다
2026-04-28 12:15:29,709 | INFO | market price loaded from cache
2026-04-28 12:15:29,709 | INFO | [HOLD] 001510 | 현재가 6,065원 | 보유 중이지만 익절 목표 6,150원과 손절 기준 5,939원 사이에 있어 유지합니다
2026-04-28 12:15:34,710 | INFO | account balance loaded from cache
2026-04-28 12:15:34,710 | INFO | market price loaded from cache
2026-04-28 12:15:34,710 | INFO | [HOLD] 005930 | 현재가 222,750원 | 기준가 224,500원 대비 돌파 기준 226,745원에 아직 도달하지 않아 관망합니다
2026-04-28 12:15:34,710 | INFO | market price loaded from cache
2026-04-28 12:15:34,710 | INFO | [HOLD] 001510 | 현재가 6,065원 | 보유 중이지만 익절 목표 6,150원과 손절 기준 5,939원 사이에 있어 유지합니다
2026-04-28 12:15:39,711 | INFO | account balance loaded from cache
2026-04-28 12:15:39,711 | INFO | market price loaded from cache
2026-04-28 12:15:39,711 | INFO | [HOLD] 005930 | 현재가 222,750원 | 기준가 224,500원 대비 돌파 기준 226,745원에 아직 도달하지 않아 관망합니다
2026-04-28 12:15:39,711 | INFO | market price loaded from cache
2026-04-28 12:15:39,711 | INFO | [HOLD] 001510 | 현재가 6,065원 | 보유 중이지만 익절 목표 6,150원과 손절 기준 5,939원 사이에 있어 유지합니다
2026-04-28 12:15:44,712 | INFO | account balance loaded from cache
2026-04-28 12:15:44,713 | INFO | market price loaded from cache
2026-04-28 12:15:44,713 | INFO | [HOLD] 005930 | 현재가 222,750원 | 기준가 224,500원 대비 돌파 기준 226,745원에 아직 도달하지 않아 관망합니다
2026-04-28 12:15:44,713 | INFO | market price loaded from cache
2026-04-28 12:15:44,713 | INFO | [HOLD] 001510 | 현재가 6,065원 | 보유 중이지만 익절 목표 6,150원과 손절 기준 5,939원 사이에 있어 유지합니다
2026-04-28 12:15:49,713 | INFO | account balance loaded from cache
2026-04-28 12:15:49,714 | INFO | market price loaded from cache
2026-04-28 12:15:49,714 | INFO | [HOLD] 005930 | 현재가 222,750원 | 기준가 224,500원 대비 돌파 기준 226,745원에 아직 도달하지 않아 관망합니다
2026-04-28 12:15:49,714 | INFO | market price loaded from cache
2026-04-28 12:15:49,714 | INFO | [HOLD] 001510 | 현재가 6,065원 | 보유 중이지만 익절 목표 6,150원과 손절 기준 5,939원 사이에 있어 유지합니다
2026-04-28 12:15:54,714 | INFO | account balance loaded from cache
2026-04-28 12:15:54,714 | INFO | market price loaded from cache
2026-04-28 12:15:54,715 | INFO | [HOLD] 005930 | 현재가 222,750원 | 기준가 224,500원 대비 돌파 기준 226,745원에 아직 도달하지 않아 관망합니다
2026-04-28 12:15:54,715 | INFO | market price loaded from cache
2026-04-28 12:15:54,715 | INFO | [HOLD] 001510 | 현재가 6,065원 | 보유 중이지만 익절 목표 6,150원과 손절 기준 5,939원 사이에 있어 유지합니다
2026-04-28 12:15:59,715 | INFO | account balance loaded from cache
2026-04-28 12:15:59,715 | INFO | market price loaded from cache
2026-04-28 12:15:59,716 | INFO | [HOLD] 005930 | 현재가 222,750원 | 기준가 224,500원 대비 돌파 기준 226,745원에 아직 도달하지 않아 관망합니다
2026-04-28 12:15:59,716 | INFO | market price loaded from cache
2026-04-28 12:15:59,716 | INFO | [HOLD] 001510 | 현재가 6,065원 | 보유 중이지만 익절 목표 6,150원과 손절 기준 5,939원 사이에 있어 유지합니다
2026-04-28 12:16:04,717 | INFO | account balance loaded from cache
2026-04-28 12:16:04,717 | INFO | market price loaded from cache
2026-04-28 12:16:04,717 | INFO | [HOLD] 005930 | 현재가 222,750원 | 기준가 224,500원 대비 돌파 기준 226,745원에 아직 도달하지 않아 관망합니다
2026-04-28 12:16:04,717 | INFO | market price loaded from cache
2026-04-28 12:16:04,717 | INFO | [HOLD] 001510 | 현재가 6,065원 | 보유 중이지만 익절 목표 6,150원과 손절 기준 5,939원 사이에 있어 유지합니다
2026-04-28 12:16:09,719 | INFO | account balance loaded from cache
2026-04-28 12:16:09,719 | INFO | market price loaded from cache
2026-04-28 12:16:09,719 | INFO | [HOLD] 005930 | 현재가 222,750원 | 기준가 224,500원 대비 돌파 기준 226,745원에 아직 도달하지 않아 관망합니다
2026-04-28 12:16:09,720 | INFO | market price loaded from cache
2026-04-28 12:16:09,720 | INFO | [HOLD] 001510 | 현재가 6,065원 | 보유 중이지만 익절 목표 6,150원과 손절 기준 5,939원 사이에 있어 유지합니다
2026-04-28 12:16:14,723 | INFO | account balance loaded from cache
2026-04-28 12:16:14,724 | INFO | market price loaded from cache
2026-04-28 12:16:14,724 | INFO | [HOLD] 005930 | 현재가 222,750원 | 기준가 224,500원 대비 돌파 기준 226,745원에 아직 도달하지 않아 관망합니다
2026-04-28 12:16:14,724 | INFO | market price loaded from cache
2026-04-28 12:16:14,724 | INFO | [HOLD] 001510 | 현재가 6,065원 | 보유 중이지만 익절 목표 6,150원과 손절 기준 5,939원 사이에 있어 유지합니다
2026-04-28 12:16:19,781 | INFO | account balance loaded from api
2026-04-28 12:16:19,781 | INFO | market price loaded from cache
2026-04-28 12:16:19,781 | INFO | [HOLD] 005930 | 현재가 222,750원 | 기준가 224,500원 대비 돌파 기준 226,745원에 아직 도달하지 않아 관망합니다
2026-04-28 12:16:19,781 | INFO | market price loaded from cache
2026-04-28 12:16:19,781 | INFO | [HOLD] 001510 | 현재가 6,065원 | 보유 중이지만 익절 목표 6,150원과 손절 기준 5,939원 사이에 있어 유지합니다
2026-04-28 12:16:24,782 | INFO | account balance loaded from cache
2026-04-28 12:16:24,782 | INFO | market price loaded from cache
2026-04-28 12:16:24,782 | INFO | [HOLD] 005930 | 현재가 222,750원 | 기준가 224,500원 대비 돌파 기준 226,745원에 아직 도달하지 않아 관망합니다
2026-04-28 12:16:24,782 | INFO | market price loaded from cache
2026-04-28 12:16:24,782 | INFO | [HOLD] 001510 | 현재가 6,065원 | 보유 중이지만 익절 목표 6,150원과 손절 기준 5,939원 사이에 있어 유지합니다
2026-04-28 12:16:29,783 | INFO | account balance loaded from cache
2026-04-28 12:16:29,783 | INFO | market price loaded from cache
2026-04-28 12:16:29,783 | INFO | [HOLD] 005930 | 현재가 222,750원 | 기준가 224,500원 대비 돌파 기준 226,745원에 아직 도달하지 않아 관망합니다
2026-04-28 12:16:29,783 | INFO | market price loaded from cache
2026-04-28 12:16:29,783 | INFO | [HOLD] 001510 | 현재가 6,065원 | 보유 중이지만 익절 목표 6,150원과 손절 기준 5,939원 사이에 있어 유지합니다
2026-04-28 12:16:34,784 | INFO | account balance loaded from cache
2026-04-28 12:16:34,785 | INFO | market price loaded from cache
2026-04-28 12:16:34,785 | INFO | [HOLD] 005930 | 현재가 222,750원 | 기준가 224,500원 대비 돌파 기준 226,745원에 아직 도달하지 않아 관망합니다
2026-04-28 12:16:34,785 | INFO | market price loaded from cache
2026-04-28 12:16:34,785 | INFO | [HOLD] 001510 | 현재가 6,065원 | 보유 중이지만 익절 목표 6,150원과 손절 기준 5,939원 사이에 있어 유지합니다
2026-04-28 12:16:39,786 | INFO | account balance loaded from cache
2026-04-28 12:16:39,786 | INFO | market price loaded from cache
2026-04-28 12:16:39,786 | INFO | [HOLD] 005930 | 현재가 222,750원 | 기준가 224,500원 대비 돌파 기준 226,745원에 아직 도달하지 않아 관망합니다
2026-04-28 12:16:39,786 | INFO | market price loaded from cache
2026-04-28 12:16:39,786 | INFO | [HOLD] 001510 | 현재가 6,065원 | 보유 중이지만 익절 목표 6,150원과 손절 기준 5,939원 사이에 있어 유지합니다
2026-04-28 12:16:44,787 | INFO | account balance loaded from cache
2026-04-28 12:16:44,787 | INFO | market price loaded from cache
2026-04-28 12:16:44,787 | INFO | [HOLD] 005930 | 현재가 222,750원 | 기준가 224,500원 대비 돌파 기준 226,745원에 아직 도달하지 않아 관망합니다
2026-04-28 12:16:44,787 | INFO | market price loaded from cache
2026-04-28 12:16:44,787 | INFO | [HOLD] 001510 | 현재가 6,065원 | 보유 중이지만 익절 목표 6,150원과 손절 기준 5,939원 사이에 있어 유지합니다
2026-04-28 12:16:49,788 | INFO | account balance loaded from cache
2026-04-28 12:16:49,788 | INFO | market price loaded from cache
2026-04-28 12:16:49,789 | INFO | [HOLD] 005930 | 현재가 222,750원 | 기준가 224,500원 대비 돌파 기준 226,745원에 아직 도달하지 않아 관망합니다
2026-04-28 12:16:49,789 | INFO | market price loaded from cache
2026-04-28 12:16:49,789 | INFO | [HOLD] 001510 | 현재가 6,065원 | 보유 중이지만 익절 목표 6,150원과 손절 기준 5,939원 사이에 있어 유지합니다
2026-04-28 12:16:54,790 | INFO | account balance loaded from cache
2026-04-28 12:16:54,791 | INFO | market price loaded from cache
2026-04-28 12:16:54,791 | INFO | [HOLD] 005930 | 현재가 222,750원 | 기준가 224,500원 대비 돌파 기준 226,745원에 아직 도달하지 않아 관망합니다
2026-04-28 12:16:54,791 | INFO | market price loaded from cache
2026-04-28 12:16:54,791 | INFO | [HOLD] 001510 | 현재가 6,065원 | 보유 중이지만 익절 목표 6,150원과 손절 기준 5,939원 사이에 있어 유지합니다
2026-04-28 12:16:59,792 | INFO | account balance loaded from cache
2026-04-28 12:16:59,793 | INFO | market price loaded from cache
2026-04-28 12:16:59,793 | INFO | [HOLD] 005930 | 현재가 222,750원 | 기준가 224,500원 대비 돌파 기준 226,745원에 아직 도달하지 않아 관망합니다
2026-04-28 12:16:59,793 | INFO | market price loaded from cache
2026-04-28 12:16:59,793 | INFO | [HOLD] 001510 | 현재가 6,065원 | 보유 중이지만 익절 목표 6,150원과 손절 기준 5,939원 사이에 있어 유지합니다
2026-04-28 12:17:04,794 | INFO | account balance loaded from cache
2026-04-28 12:17:04,795 | INFO | market price loaded from cache
2026-04-28 12:17:04,795 | INFO | [HOLD] 005930 | 현재가 222,750원 | 기준가 224,500원 대비 돌파 기준 226,745원에 아직 도달하지 않아 관망합니다
2026-04-28 12:17:04,795 | INFO | market price loaded from cache
2026-04-28 12:17:04,795 | INFO | [HOLD] 001510 | 현재가 6,065원 | 보유 중이지만 익절 목표 6,150원과 손절 기준 5,939원 사이에 있어 유지합니다
2026-04-28 12:17:09,796 | INFO | account balance loaded from cache
2026-04-28 12:17:09,797 | INFO | market price loaded from cache
2026-04-28 12:17:09,797 | INFO | [HOLD] 005930 | 현재가 222,750원 | 기준가 224,500원 대비 돌파 기준 226,745원에 아직 도달하지 않아 관망합니다
2026-04-28 12:17:09,797 | INFO | market price loaded from cache
2026-04-28 12:17:09,797 | INFO | [HOLD] 001510 | 현재가 6,065원 | 보유 중이지만 익절 목표 6,150원과 손절 기준 5,939원 사이에 있어 유지합니다
2026-04-28 12:17:14,800 | INFO | account balance loaded from cache
2026-04-28 12:17:14,800 | INFO | market price loaded from cache
2026-04-28 12:17:14,800 | INFO | [HOLD] 005930 | 현재가 222,750원 | 기준가 224,500원 대비 돌파 기준 226,745원에 아직 도달하지 않아 관망합니다
2026-04-28 12:17:14,800 | INFO | market price loaded from cache
2026-04-28 12:17:14,800 | INFO | [HOLD] 001510 | 현재가 6,065원 | 보유 중이지만 익절 목표 6,150원과 손절 기준 5,939원 사이에 있어 유지합니다
2026-04-28 12:17:19,801 | INFO | account balance loaded from cache
2026-04-28 12:17:19,801 | INFO | market price loaded from cache
2026-04-28 12:17:19,801 | INFO | [HOLD] 005930 | 현재가 222,750원 | 기준가 224,500원 대비 돌파 기준 226,745원에 아직 도달하지 않아 관망합니다
2026-04-28 12:17:19,801 | INFO | market price loaded from cache
2026-04-28 12:17:19,802 | INFO | [HOLD] 001510 | 현재가 6,065원 | 보유 중이지만 익절 목표 6,150원과 손절 기준 5,939원 사이에 있어 유지합니다
2026-04-28 12:17:24,802 | INFO | account balance loaded from cache
2026-04-28 12:17:24,802 | INFO | market price loaded from cache
2026-04-28 12:17:24,802 | INFO | [HOLD] 005930 | 현재가 222,750원 | 기준가 224,500원 대비 돌파 기준 226,745원에 아직 도달하지 않아 관망합니다
2026-04-28 12:17:24,802 | INFO | market price loaded from cache
2026-04-28 12:17:24,803 | INFO | [HOLD] 001510 | 현재가 6,065원 | 보유 중이지만 익절 목표 6,150원과 손절 기준 5,939원 사이에 있어 유지합니다
2026-04-28 12:17:29,803 | INFO | account balance loaded from cache
2026-04-28 12:17:29,803 | INFO | market price loaded from cache
2026-04-28 12:17:29,803 | INFO | [HOLD] 005930 | 현재가 222,750원 | 기준가 224,500원 대비 돌파 기준 226,745원에 아직 도달하지 않아 관망합니다
2026-04-28 12:17:29,804 | INFO | market price loaded from cache
2026-04-28 12:17:29,804 | INFO | [HOLD] 001510 | 현재가 6,065원 | 보유 중이지만 익절 목표 6,150원과 손절 기준 5,939원 사이에 있어 유지합니다
2026-04-28 12:17:34,804 | INFO | account balance loaded from cache
2026-04-28 12:17:34,804 | INFO | market price loaded from cache
2026-04-28 12:17:34,805 | INFO | [HOLD] 005930 | 현재가 222,750원 | 기준가 224,500원 대비 돌파 기준 226,745원에 아직 도달하지 않아 관망합니다
2026-04-28 12:17:34,805 | INFO | market price loaded from cache
2026-04-28 12:17:34,805 | INFO | [HOLD] 001510 | 현재가 6,065원 | 보유 중이지만 익절 목표 6,150원과 손절 기준 5,939원 사이에 있어 유지합니다
2026-04-28 12:17:39,805 | INFO | account balance loaded from cache
2026-04-28 12:17:39,805 | INFO | market price loaded from cache
2026-04-28 12:17:39,806 | INFO | [HOLD] 005930 | 현재가 222,750원 | 기준가 224,500원 대비 돌파 기준 226,745원에 아직 도달하지 않아 관망합니다
2026-04-28 12:17:39,806 | INFO | market price loaded from cache
2026-04-28 12:17:39,806 | INFO | [HOLD] 001510 | 현재가 6,065원 | 보유 중이지만 익절 목표 6,150원과 손절 기준 5,939원 사이에 있어 유지합니다
2026-04-28 12:17:44,807 | INFO | account balance loaded from cache
2026-04-28 12:17:44,807 | INFO | market price loaded from cache
2026-04-28 12:17:44,807 | INFO | [HOLD] 005930 | 현재가 222,750원 | 기준가 224,500원 대비 돌파 기준 226,745원에 아직 도달하지 않아 관망합니다
2026-04-28 12:17:44,807 | INFO | market price loaded from cache
2026-04-28 12:17:44,807 | INFO | [HOLD] 001510 | 현재가 6,065원 | 보유 중이지만 익절 목표 6,150원과 손절 기준 5,939원 사이에 있어 유지합니다
2026-04-28 12:17:49,808 | INFO | account balance loaded from cache
2026-04-28 12:17:49,808 | INFO | market price loaded from cache
2026-04-28 12:17:49,808 | INFO | [HOLD] 005930 | 현재가 222,750원 | 기준가 224,500원 대비 돌파 기준 226,745원에 아직 도달하지 않아 관망합니다
2026-04-28 12:17:49,808 | INFO | market price loaded from cache
2026-04-28 12:17:49,808 | INFO | [HOLD] 001510 | 현재가 6,065원 | 보유 중이지만 익절 목표 6,150원과 손절 기준 5,939원 사이에 있어 유지합니다
2026-04-28 12:17:54,809 | INFO | account balance loaded from cache
2026-04-28 12:17:54,809 | INFO | market price loaded from cache
2026-04-28 12:17:54,810 | INFO | [HOLD] 005930 | 현재가 222,750원 | 기준가 224,500원 대비 돌파 기준 226,745원에 아직 도달하지 않아 관망합니다
2026-04-28 12:17:54,810 | INFO | market price loaded from cache
2026-04-28 12:17:54,810 | INFO | [HOLD] 001510 | 현재가 6,065원 | 보유 중이지만 익절 목표 6,150원과 손절 기준 5,939원 사이에 있어 유지합니다
2026-04-28 12:17:59,810 | INFO | account balance loaded from cache
2026-04-28 12:17:59,811 | INFO | market price loaded from cache
2026-04-28 12:17:59,811 | INFO | [HOLD] 005930 | 현재가 222,750원 | 기준가 224,500원 대비 돌파 기준 226,745원에 아직 도달하지 않아 관망합니다
2026-04-28 12:17:59,811 | INFO | market price loaded from cache
2026-04-28 12:17:59,811 | INFO | [HOLD] 001510 | 현재가 6,065원 | 보유 중이지만 익절 목표 6,150원과 손절 기준 5,939원 사이에 있어 유지합니다
2026-04-28 12:18:04,812 | INFO | account balance loaded from cache
2026-04-28 12:18:04,812 | INFO | market price loaded from cache
2026-04-28 12:18:04,812 | INFO | [HOLD] 005930 | 현재가 222,750원 | 기준가 224,500원 대비 돌파 기준 226,745원에 아직 도달하지 않아 관망합니다
2026-04-28 12:18:04,812 | INFO | market price loaded from cache
2026-04-28 12:18:04,812 | INFO | [HOLD] 001510 | 현재가 6,065원 | 보유 중이지만 익절 목표 6,150원과 손절 기준 5,939원 사이에 있어 유지합니다
2026-04-28 12:18:09,813 | INFO | account balance loaded from cache
2026-04-28 12:18:09,813 | INFO | market price loaded from cache
2026-04-28 12:18:09,813 | INFO | [HOLD] 005930 | 현재가 222,750원 | 기준가 224,500원 대비 돌파 기준 226,745원에 아직 도달하지 않아 관망합니다
2026-04-28 12:18:09,813 | INFO | market price loaded from cache
2026-04-28 12:18:09,813 | INFO | [HOLD] 001510 | 현재가 6,065원 | 보유 중이지만 익절 목표 6,150원과 손절 기준 5,939원 사이에 있어 유지합니다
2026-04-28 12:18:14,814 | INFO | account balance loaded from cache
2026-04-28 12:18:14,814 | INFO | market price loaded from cache
2026-04-28 12:18:14,814 | INFO | [HOLD] 005930 | 현재가 222,750원 | 기준가 224,500원 대비 돌파 기준 226,745원에 아직 도달하지 않아 관망합니다
2026-04-28 12:18:14,814 | INFO | market price loaded from cache
2026-04-28 12:18:14,814 | INFO | [HOLD] 001510 | 현재가 6,065원 | 보유 중이지만 익절 목표 6,150원과 손절 기준 5,939원 사이에 있어 유지합니다
2026-04-28 12:18:19,815 | INFO | account balance loaded from cache
2026-04-28 12:18:19,815 | INFO | market price loaded from cache
2026-04-28 12:18:19,816 | INFO | [HOLD] 005930 | 현재가 222,750원 | 기준가 224,500원 대비 돌파 기준 226,745원에 아직 도달하지 않아 관망합니다
2026-04-28 12:18:19,862 | INFO | market price loaded from api
2026-04-28 12:18:19,862 | INFO | [HOLD] 001510 | 현재가 6,005원 | 보유 중이지만 익절 목표 6,150원과 손절 기준 5,939원 사이에 있어 유지합니다
2026-04-28 12:18:24,863 | INFO | account balance loaded from cache
2026-04-28 12:18:24,863 | INFO | market price loaded from cache
2026-04-28 12:18:24,863 | INFO | [HOLD] 005930 | 현재가 222,750원 | 기준가 224,500원 대비 돌파 기준 226,745원에 아직 도달하지 않아 관망합니다
2026-04-28 12:18:24,863 | INFO | market price loaded from cache
2026-04-28 12:18:24,863 | INFO | [HOLD] 001510 | 현재가 6,005원 | 보유 중이지만 익절 목표 6,150원과 손절 기준 5,939원 사이에 있어 유지합니다
2026-04-28 12:18:29,864 | INFO | account balance loaded from cache
2026-04-28 12:18:29,864 | INFO | market price loaded from cache
2026-04-28 12:18:29,864 | INFO | [HOLD] 005930 | 현재가 222,750원 | 기준가 224,500원 대비 돌파 기준 226,745원에 아직 도달하지 않아 관망합니다
2026-04-28 12:18:29,864 | INFO | market price loaded from cache
2026-04-28 12:18:29,864 | INFO | [HOLD] 001510 | 현재가 6,005원 | 보유 중이지만 익절 목표 6,150원과 손절 기준 5,939원 사이에 있어 유지합니다
2026-04-28 12:18:34,865 | INFO | account balance loaded from cache
2026-04-28 12:18:34,865 | INFO | market price loaded from cache
2026-04-28 12:18:34,865 | INFO | [HOLD] 005930 | 현재가 222,750원 | 기준가 224,500원 대비 돌파 기준 226,745원에 아직 도달하지 않아 관망합니다
2026-04-28 12:18:34,865 | INFO | market price loaded from cache
2026-04-28 12:18:34,865 | INFO | [HOLD] 001510 | 현재가 6,005원 | 보유 중이지만 익절 목표 6,150원과 손절 기준 5,939원 사이에 있어 유지합니다
2026-04-28 12:18:39,866 | INFO | account balance loaded from cache
2026-04-28 12:18:39,866 | INFO | market price loaded from cache
2026-04-28 12:18:39,866 | INFO | [HOLD] 005930 | 현재가 222,750원 | 기준가 224,500원 대비 돌파 기준 226,745원에 아직 도달하지 않아 관망합니다
2026-04-28 12:18:39,866 | INFO | market price loaded from cache
2026-04-28 12:18:39,866 | INFO | [HOLD] 001510 | 현재가 6,005원 | 보유 중이지만 익절 목표 6,150원과 손절 기준 5,939원 사이에 있어 유지합니다
2026-04-28 12:18:44,869 | INFO | account balance loaded from cache
2026-04-28 12:18:44,869 | INFO | market price loaded from cache
2026-04-28 12:18:44,869 | INFO | [HOLD] 005930 | 현재가 222,750원 | 기준가 224,500원 대비 돌파 기준 226,745원에 아직 도달하지 않아 관망합니다
2026-04-28 12:18:44,869 | INFO | market price loaded from cache
2026-04-28 12:18:44,869 | INFO | [HOLD] 001510 | 현재가 6,005원 | 보유 중이지만 익절 목표 6,150원과 손절 기준 5,939원 사이에 있어 유지합니다
2026-04-28 12:18:49,870 | INFO | account balance loaded from cache
2026-04-28 12:18:49,870 | INFO | market price loaded from cache
2026-04-28 12:18:49,870 | INFO | [HOLD] 005930 | 현재가 222,750원 | 기준가 224,500원 대비 돌파 기준 226,745원에 아직 도달하지 않아 관망합니다
2026-04-28 12:18:49,870 | INFO | market price loaded from cache
2026-04-28 12:18:49,871 | INFO | [HOLD] 001510 | 현재가 6,005원 | 보유 중이지만 익절 목표 6,150원과 손절 기준 5,939원 사이에 있어 유지합니다
2026-04-28 12:18:54,871 | INFO | account balance loaded from cache
2026-04-28 12:18:54,872 | INFO | market price loaded from cache
2026-04-28 12:18:54,872 | INFO | [HOLD] 005930 | 현재가 222,750원 | 기준가 224,500원 대비 돌파 기준 226,745원에 아직 도달하지 않아 관망합니다
2026-04-28 12:18:54,872 | INFO | market price loaded from cache
2026-04-28 12:18:54,872 | INFO | [HOLD] 001510 | 현재가 6,005원 | 보유 중이지만 익절 목표 6,150원과 손절 기준 5,939원 사이에 있어 유지합니다
2026-04-28 12:18:59,874 | INFO | account balance loaded from cache
2026-04-28 12:18:59,874 | INFO | market price loaded from cache
2026-04-28 12:18:59,874 | INFO | [HOLD] 005930 | 현재가 222,750원 | 기준가 224,500원 대비 돌파 기준 226,745원에 아직 도달하지 않아 관망합니다
2026-04-28 12:18:59,874 | INFO | market price loaded from cache
2026-04-28 12:18:59,875 | INFO | [HOLD] 001510 | 현재가 6,005원 | 보유 중이지만 익절 목표 6,150원과 손절 기준 5,939원 사이에 있어 유지합니다
2026-04-28 12:19:04,875 | INFO | account balance loaded from cache
2026-04-28 12:19:04,875 | INFO | market price loaded from cache
2026-04-28 12:19:04,875 | INFO | [HOLD] 005930 | 현재가 222,750원 | 기준가 224,500원 대비 돌파 기준 226,745원에 아직 도달하지 않아 관망합니다
2026-04-28 12:19:04,875 | INFO | market price loaded from cache
2026-04-28 12:19:04,876 | INFO | [HOLD] 001510 | 현재가 6,005원 | 보유 중이지만 익절 목표 6,150원과 손절 기준 5,939원 사이에 있어 유지합니다
2026-04-28 12:19:09,876 | INFO | account balance loaded from cache
2026-04-28 12:19:09,877 | INFO | market price loaded from cache
2026-04-28 12:19:09,877 | INFO | [HOLD] 005930 | 현재가 222,750원 | 기준가 224,500원 대비 돌파 기준 226,745원에 아직 도달하지 않아 관망합니다
2026-04-28 12:19:09,877 | INFO | market price loaded from cache
2026-04-28 12:19:09,877 | INFO | [HOLD] 001510 | 현재가 6,005원 | 보유 중이지만 익절 목표 6,150원과 손절 기준 5,939원 사이에 있어 유지합니다
2026-04-28 12:19:14,879 | INFO | account balance loaded from cache
2026-04-28 12:19:14,879 | INFO | market price loaded from cache
2026-04-28 12:19:14,879 | INFO | [HOLD] 005930 | 현재가 222,750원 | 기준가 224,500원 대비 돌파 기준 226,745원에 아직 도달하지 않아 관망합니다
2026-04-28 12:19:14,879 | INFO | market price loaded from cache
2026-04-28 12:19:14,879 | INFO | [HOLD] 001510 | 현재가 6,005원 | 보유 중이지만 익절 목표 6,150원과 손절 기준 5,939원 사이에 있어 유지합니다
2026-04-28 12:19:19,916 | INFO | account balance loaded from api
2026-04-28 12:19:19,916 | INFO | market price loaded from cache
2026-04-28 12:19:19,916 | INFO | [HOLD] 005930 | 현재가 222,750원 | 기준가 224,500원 대비 돌파 기준 226,745원에 아직 도달하지 않아 관망합니다
2026-04-28 12:19:19,916 | INFO | market price loaded from cache
2026-04-28 12:19:19,916 | INFO | [HOLD] 001510 | 현재가 6,005원 | 보유 중이지만 익절 목표 6,150원과 손절 기준 5,939원 사이에 있어 유지합니다
2026-04-28 12:19:24,917 | INFO | account balance loaded from cache
2026-04-28 12:19:24,917 | INFO | market price loaded from cache
2026-04-28 12:19:24,917 | INFO | [HOLD] 005930 | 현재가 222,750원 | 기준가 224,500원 대비 돌파 기준 226,745원에 아직 도달하지 않아 관망합니다
2026-04-28 12:19:24,917 | INFO | market price loaded from cache
2026-04-28 12:19:24,917 | INFO | [HOLD] 001510 | 현재가 6,005원 | 보유 중이지만 익절 목표 6,150원과 손절 기준 5,939원 사이에 있어 유지합니다
2026-04-28 12:19:29,918 | INFO | account balance loaded from cache
2026-04-28 12:19:29,918 | INFO | market price loaded from cache
2026-04-28 12:19:29,918 | INFO | [HOLD] 005930 | 현재가 222,750원 | 기준가 224,500원 대비 돌파 기준 226,745원에 아직 도달하지 않아 관망합니다
2026-04-28 12:19:29,918 | INFO | market price loaded from cache
2026-04-28 12:19:29,918 | INFO | [HOLD] 001510 | 현재가 6,005원 | 보유 중이지만 익절 목표 6,150원과 손절 기준 5,939원 사이에 있어 유지합니다
2026-04-28 12:19:34,920 | INFO | account balance loaded from cache
2026-04-28 12:19:34,920 | INFO | market price loaded from cache
2026-04-28 12:19:34,920 | INFO | [HOLD] 005930 | 현재가 222,750원 | 기준가 224,500원 대비 돌파 기준 226,745원에 아직 도달하지 않아 관망합니다
2026-04-28 12:19:34,920 | INFO | market price loaded from cache
2026-04-28 12:19:34,920 | INFO | [HOLD] 001510 | 현재가 6,005원 | 보유 중이지만 익절 목표 6,150원과 손절 기준 5,939원 사이에 있어 유지합니다
2026-04-28 12:19:39,921 | INFO | account balance loaded from cache
2026-04-28 12:19:39,921 | INFO | market price loaded from cache
2026-04-28 12:19:39,921 | INFO | [HOLD] 005930 | 현재가 222,750원 | 기준가 224,500원 대비 돌파 기준 226,745원에 아직 도달하지 않아 관망합니다
2026-04-28 12:19:39,921 | INFO | market price loaded from cache
2026-04-28 12:19:39,921 | INFO | [HOLD] 001510 | 현재가 6,005원 | 보유 중이지만 익절 목표 6,150원과 손절 기준 5,939원 사이에 있어 유지합니다
2026-04-28 12:19:44,922 | INFO | account balance loaded from cache
2026-04-28 12:19:44,922 | INFO | market price loaded from cache
2026-04-28 12:19:44,922 | INFO | [HOLD] 005930 | 현재가 222,750원 | 기준가 224,500원 대비 돌파 기준 226,745원에 아직 도달하지 않아 관망합니다
2026-04-28 12:19:44,922 | INFO | market price loaded from cache
2026-04-28 12:19:44,923 | INFO | [HOLD] 001510 | 현재가 6,005원 | 보유 중이지만 익절 목표 6,150원과 손절 기준 5,939원 사이에 있어 유지합니다
2026-04-28 12:19:49,923 | INFO | account balance loaded from cache
2026-04-28 12:19:49,923 | INFO | market price loaded from cache
2026-04-28 12:19:49,924 | INFO | [HOLD] 005930 | 현재가 222,750원 | 기준가 224,500원 대비 돌파 기준 226,745원에 아직 도달하지 않아 관망합니다
2026-04-28 12:19:49,924 | INFO | market price loaded from cache
2026-04-28 12:19:49,924 | INFO | [HOLD] 001510 | 현재가 6,005원 | 보유 중이지만 익절 목표 6,150원과 손절 기준 5,939원 사이에 있어 유지합니다
2026-04-28 12:19:54,924 | INFO | account balance loaded from cache
2026-04-28 12:19:54,924 | INFO | market price loaded from cache
2026-04-28 12:19:54,925 | INFO | [HOLD] 005930 | 현재가 222,750원 | 기준가 224,500원 대비 돌파 기준 226,745원에 아직 도달하지 않아 관망합니다
2026-04-28 12:19:54,925 | INFO | market price loaded from cache
2026-04-28 12:19:54,925 | INFO | [HOLD] 001510 | 현재가 6,005원 | 보유 중이지만 익절 목표 6,150원과 손절 기준 5,939원 사이에 있어 유지합니다
2026-04-28 12:19:59,926 | INFO | account balance loaded from cache
2026-04-28 12:19:59,926 | INFO | market price loaded from cache
2026-04-28 12:19:59,926 | INFO | [HOLD] 005930 | 현재가 222,750원 | 기준가 224,500원 대비 돌파 기준 226,745원에 아직 도달하지 않아 관망합니다
2026-04-28 12:19:59,926 | INFO | market price loaded from cache
2026-04-28 12:19:59,926 | INFO | [HOLD] 001510 | 현재가 6,005원 | 보유 중이지만 익절 목표 6,150원과 손절 기준 5,939원 사이에 있어 유지합니다
2026-04-28 12:20:04,927 | INFO | account balance loaded from cache
2026-04-28 12:20:04,927 | INFO | market price loaded from cache
2026-04-28 12:20:04,927 | INFO | [HOLD] 005930 | 현재가 222,750원 | 기준가 224,500원 대비 돌파 기준 226,745원에 아직 도달하지 않아 관망합니다
2026-04-28 12:20:04,927 | INFO | market price loaded from cache
2026-04-28 12:20:04,927 | INFO | [HOLD] 001510 | 현재가 6,005원 | 보유 중이지만 익절 목표 6,150원과 손절 기준 5,939원 사이에 있어 유지합니다
2026-04-28 12:20:09,928 | INFO | account balance loaded from cache
2026-04-28 12:20:09,928 | INFO | market price loaded from cache
2026-04-28 12:20:09,928 | INFO | [HOLD] 005930 | 현재가 222,750원 | 기준가 224,500원 대비 돌파 기준 226,745원에 아직 도달하지 않아 관망합니다
2026-04-28 12:20:09,928 | INFO | market price loaded from cache
2026-04-28 12:20:09,929 | INFO | [HOLD] 001510 | 현재가 6,005원 | 보유 중이지만 익절 목표 6,150원과 손절 기준 5,939원 사이에 있어 유지합니다
2026-04-28 12:20:14,929 | INFO | account balance loaded from cache
2026-04-28 12:20:14,930 | INFO | market price loaded from cache
2026-04-28 12:20:14,930 | INFO | [HOLD] 005930 | 현재가 222,750원 | 기준가 224,500원 대비 돌파 기준 226,745원에 아직 도달하지 않아 관망합니다
2026-04-28 12:20:14,930 | INFO | market price loaded from cache
2026-04-28 12:20:14,930 | INFO | [HOLD] 001510 | 현재가 6,005원 | 보유 중이지만 익절 목표 6,150원과 손절 기준 5,939원 사이에 있어 유지합니다
2026-04-28 12:20:19,932 | INFO | account balance loaded from cache
2026-04-28 12:20:19,943 | INFO | market price loaded from api
2026-04-28 12:20:19,943 | INFO | [HOLD] 005930 | 현재가 223,000원 | 기준가 224,500원 대비 돌파 기준 226,745원에 아직 도달하지 않아 관망합니다
2026-04-28 12:20:19,943 | INFO | market price loaded from cache
2026-04-28 12:20:19,943 | INFO | [HOLD] 001510 | 현재가 6,005원 | 보유 중이지만 익절 목표 6,150원과 손절 기준 5,939원 사이에 있어 유지합니다
2026-04-28 12:20:24,944 | INFO | account balance loaded from cache
2026-04-28 12:20:24,944 | INFO | market price loaded from cache
2026-04-28 12:20:24,944 | INFO | [HOLD] 005930 | 현재가 223,000원 | 기준가 224,500원 대비 돌파 기준 226,745원에 아직 도달하지 않아 관망합니다
2026-04-28 12:20:24,944 | INFO | market price loaded from cache
2026-04-28 12:20:24,944 | INFO | [HOLD] 001510 | 현재가 6,005원 | 보유 중이지만 익절 목표 6,150원과 손절 기준 5,939원 사이에 있어 유지합니다
2026-04-28 12:20:29,945 | INFO | account balance loaded from cache
2026-04-28 12:20:29,945 | INFO | market price loaded from cache
2026-04-28 12:20:29,945 | INFO | [HOLD] 005930 | 현재가 223,000원 | 기준가 224,500원 대비 돌파 기준 226,745원에 아직 도달하지 않아 관망합니다
2026-04-28 12:20:29,945 | INFO | market price loaded from cache
2026-04-28 12:20:29,945 | INFO | [HOLD] 001510 | 현재가 6,005원 | 보유 중이지만 익절 목표 6,150원과 손절 기준 5,939원 사이에 있어 유지합니다
2026-04-28 12:20:34,946 | INFO | account balance loaded from cache
2026-04-28 12:20:34,947 | INFO | market price loaded from cache
2026-04-28 12:20:34,947 | INFO | [HOLD] 005930 | 현재가 223,000원 | 기준가 224,500원 대비 돌파 기준 226,745원에 아직 도달하지 않아 관망합니다
2026-04-28 12:20:34,947 | INFO | market price loaded from cache
2026-04-28 12:20:34,947 | INFO | [HOLD] 001510 | 현재가 6,005원 | 보유 중이지만 익절 목표 6,150원과 손절 기준 5,939원 사이에 있어 유지합니다
2026-04-28 12:20:39,947 | INFO | account balance loaded from cache
2026-04-28 12:20:39,948 | INFO | market price loaded from cache
2026-04-28 12:20:39,948 | INFO | [HOLD] 005930 | 현재가 223,000원 | 기준가 224,500원 대비 돌파 기준 226,745원에 아직 도달하지 않아 관망합니다
2026-04-28 12:20:39,948 | INFO | market price loaded from cache
2026-04-28 12:20:39,948 | INFO | [HOLD] 001510 | 현재가 6,005원 | 보유 중이지만 익절 목표 6,150원과 손절 기준 5,939원 사이에 있어 유지합니다
2026-04-28 12:20:44,949 | INFO | account balance loaded from cache
2026-04-28 12:20:44,949 | INFO | market price loaded from cache
2026-04-28 12:20:44,949 | INFO | [HOLD] 005930 | 현재가 223,000원 | 기준가 224,500원 대비 돌파 기준 226,745원에 아직 도달하지 않아 관망합니다
2026-04-28 12:20:44,949 | INFO | market price loaded from cache
2026-04-28 12:20:44,949 | INFO | [HOLD] 001510 | 현재가 6,005원 | 보유 중이지만 익절 목표 6,150원과 손절 기준 5,939원 사이에 있어 유지합니다
2026-04-28 12:20:49,950 | INFO | account balance loaded from cache
2026-04-28 12:20:49,951 | INFO | market price loaded from cache
2026-04-28 12:20:49,951 | INFO | [HOLD] 005930 | 현재가 223,000원 | 기준가 224,500원 대비 돌파 기준 226,745원에 아직 도달하지 않아 관망합니다
2026-04-28 12:20:49,951 | INFO | market price loaded from cache
2026-04-28 12:20:49,951 | INFO | [HOLD] 001510 | 현재가 6,005원 | 보유 중이지만 익절 목표 6,150원과 손절 기준 5,939원 사이에 있어 유지합니다
2026-04-28 12:20:54,953 | INFO | account balance loaded from cache
2026-04-28 12:20:54,953 | INFO | market price loaded from cache
2026-04-28 12:20:54,953 | INFO | [HOLD] 005930 | 현재가 223,000원 | 기준가 224,500원 대비 돌파 기준 226,745원에 아직 도달하지 않아 관망합니다
2026-04-28 12:20:54,953 | INFO | market price loaded from cache
2026-04-28 12:20:54,953 | INFO | [HOLD] 001510 | 현재가 6,005원 | 보유 중이지만 익절 목표 6,150원과 손절 기준 5,939원 사이에 있어 유지합니다
2026-04-28 12:20:59,954 | INFO | account balance loaded from cache
2026-04-28 12:20:59,954 | INFO | market price loaded from cache
2026-04-28 12:20:59,954 | INFO | [HOLD] 005930 | 현재가 223,000원 | 기준가 224,500원 대비 돌파 기준 226,745원에 아직 도달하지 않아 관망합니다
2026-04-28 12:20:59,954 | INFO | market price loaded from cache
2026-04-28 12:20:59,954 | INFO | [HOLD] 001510 | 현재가 6,005원 | 보유 중이지만 익절 목표 6,150원과 손절 기준 5,939원 사이에 있어 유지합니다
2026-04-28 12:21:04,955 | INFO | account balance loaded from cache
2026-04-28 12:21:04,955 | INFO | market price loaded from cache
2026-04-28 12:21:04,955 | INFO | [HOLD] 005930 | 현재가 223,000원 | 기준가 224,500원 대비 돌파 기준 226,745원에 아직 도달하지 않아 관망합니다
2026-04-28 12:21:04,955 | INFO | market price loaded from cache
2026-04-28 12:21:04,955 | INFO | [HOLD] 001510 | 현재가 6,005원 | 보유 중이지만 익절 목표 6,150원과 손절 기준 5,939원 사이에 있어 유지합니다
2026-04-28 12:21:09,956 | INFO | account balance loaded from cache
2026-04-28 12:21:09,956 | INFO | market price loaded from cache
2026-04-28 12:21:09,956 | INFO | [HOLD] 005930 | 현재가 223,000원 | 기준가 224,500원 대비 돌파 기준 226,745원에 아직 도달하지 않아 관망합니다
2026-04-28 12:21:09,957 | INFO | market price loaded from cache
2026-04-28 12:21:09,957 | INFO | [HOLD] 001510 | 현재가 6,005원 | 보유 중이지만 익절 목표 6,150원과 손절 기준 5,939원 사이에 있어 유지합니다
2026-04-28 12:21:14,958 | INFO | account balance loaded from cache
2026-04-28 12:21:14,958 | INFO | market price loaded from cache
2026-04-28 12:21:14,959 | INFO | [HOLD] 005930 | 현재가 223,000원 | 기준가 224,500원 대비 돌파 기준 226,745원에 아직 도달하지 않아 관망합니다
2026-04-28 12:21:14,959 | INFO | market price loaded from cache
2026-04-28 12:21:14,959 | INFO | [HOLD] 001510 | 현재가 6,005원 | 보유 중이지만 익절 목표 6,150원과 손절 기준 5,939원 사이에 있어 유지합니다
2026-04-28 12:21:19,960 | INFO | account balance loaded from cache
2026-04-28 12:21:19,960 | INFO | market price loaded from cache
2026-04-28 12:21:19,960 | INFO | [HOLD] 005930 | 현재가 223,000원 | 기준가 224,500원 대비 돌파 기준 226,745원에 아직 도달하지 않아 관망합니다
2026-04-28 12:21:19,961 | INFO | market price loaded from cache
2026-04-28 12:21:19,961 | INFO | [HOLD] 001510 | 현재가 6,005원 | 보유 중이지만 익절 목표 6,150원과 손절 기준 5,939원 사이에 있어 유지합니다
2026-04-28 12:21:24,963 | INFO | account balance loaded from cache
2026-04-28 12:21:24,963 | INFO | market price loaded from cache
2026-04-28 12:21:24,963 | INFO | [HOLD] 005930 | 현재가 223,000원 | 기준가 224,500원 대비 돌파 기준 226,745원에 아직 도달하지 않아 관망합니다
2026-04-28 12:21:24,963 | INFO | market price loaded from cache
2026-04-28 12:21:24,963 | INFO | [HOLD] 001510 | 현재가 6,005원 | 보유 중이지만 익절 목표 6,150원과 손절 기준 5,939원 사이에 있어 유지합니다
2026-04-28 12:21:29,965 | INFO | account balance loaded from cache
2026-04-28 12:21:29,965 | INFO | market price loaded from cache
2026-04-28 12:21:29,965 | INFO | [HOLD] 005930 | 현재가 223,000원 | 기준가 224,500원 대비 돌파 기준 226,745원에 아직 도달하지 않아 관망합니다
2026-04-28 12:21:29,965 | INFO | market price loaded from cache
2026-04-28 12:21:29,965 | INFO | [HOLD] 001510 | 현재가 6,005원 | 보유 중이지만 익절 목표 6,150원과 손절 기준 5,939원 사이에 있어 유지합니다
2026-04-28 12:21:34,966 | INFO | account balance loaded from cache
2026-04-28 12:21:34,966 | INFO | market price loaded from cache
2026-04-28 12:21:34,966 | INFO | [HOLD] 005930 | 현재가 223,000원 | 기준가 224,500원 대비 돌파 기준 226,745원에 아직 도달하지 않아 관망합니다
2026-04-28 12:21:34,966 | INFO | market price loaded from cache
2026-04-28 12:21:34,966 | INFO | [HOLD] 001510 | 현재가 6,005원 | 보유 중이지만 익절 목표 6,150원과 손절 기준 5,939원 사이에 있어 유지합니다
2026-04-28 12:21:39,967 | INFO | account balance loaded from cache
2026-04-28 12:21:39,967 | INFO | market price loaded from cache
2026-04-28 12:21:39,967 | INFO | [HOLD] 005930 | 현재가 223,000원 | 기준가 224,500원 대비 돌파 기준 226,745원에 아직 도달하지 않아 관망합니다
2026-04-28 12:21:39,968 | INFO | market price loaded from cache
2026-04-28 12:21:39,968 | INFO | [HOLD] 001510 | 현재가 6,005원 | 보유 중이지만 익절 목표 6,150원과 손절 기준 5,939원 사이에 있어 유지합니다
2026-04-28 12:21:44,970 | INFO | account balance loaded from cache
2026-04-28 12:21:44,970 | INFO | market price loaded from cache
2026-04-28 12:21:44,970 | INFO | [HOLD] 005930 | 현재가 223,000원 | 기준가 224,500원 대비 돌파 기준 226,745원에 아직 도달하지 않아 관망합니다
2026-04-28 12:21:44,970 | INFO | market price loaded from cache
2026-04-28 12:21:44,970 | INFO | [HOLD] 001510 | 현재가 6,005원 | 보유 중이지만 익절 목표 6,150원과 손절 기준 5,939원 사이에 있어 유지합니다
2026-04-28 12:21:49,971 | INFO | account balance loaded from cache
2026-04-28 12:21:49,971 | INFO | market price loaded from cache
2026-04-28 12:21:49,971 | INFO | [HOLD] 005930 | 현재가 223,000원 | 기준가 224,500원 대비 돌파 기준 226,745원에 아직 도달하지 않아 관망합니다
2026-04-28 12:21:49,971 | INFO | market price loaded from cache
2026-04-28 12:21:49,971 | INFO | [HOLD] 001510 | 현재가 6,005원 | 보유 중이지만 익절 목표 6,150원과 손절 기준 5,939원 사이에 있어 유지합니다
2026-04-28 12:21:54,972 | INFO | account balance loaded from cache
2026-04-28 12:21:54,973 | INFO | market price loaded from cache
2026-04-28 12:21:54,973 | INFO | [HOLD] 005930 | 현재가 223,000원 | 기준가 224,500원 대비 돌파 기준 226,745원에 아직 도달하지 않아 관망합니다
2026-04-28 12:21:54,973 | INFO | market price loaded from cache
2026-04-28 12:21:54,973 | INFO | [HOLD] 001510 | 현재가 6,005원 | 보유 중이지만 익절 목표 6,150원과 손절 기준 5,939원 사이에 있어 유지합니다
2026-04-28 12:21:59,976 | INFO | account balance loaded from cache
2026-04-28 12:21:59,976 | INFO | market price loaded from cache
2026-04-28 12:21:59,976 | INFO | [HOLD] 005930 | 현재가 223,000원 | 기준가 224,500원 대비 돌파 기준 226,745원에 아직 도달하지 않아 관망합니다
2026-04-28 12:21:59,976 | INFO | market price loaded from cache
2026-04-28 12:21:59,976 | INFO | [HOLD] 001510 | 현재가 6,005원 | 보유 중이지만 익절 목표 6,150원과 손절 기준 5,939원 사이에 있어 유지합니다
2026-04-28 12:22:04,977 | INFO | account balance loaded from cache
2026-04-28 12:22:04,977 | INFO | market price loaded from cache
2026-04-28 12:22:04,977 | INFO | [HOLD] 005930 | 현재가 223,000원 | 기준가 224,500원 대비 돌파 기준 226,745원에 아직 도달하지 않아 관망합니다
2026-04-28 12:22:04,977 | INFO | market price loaded from cache
2026-04-28 12:22:04,977 | INFO | [HOLD] 001510 | 현재가 6,005원 | 보유 중이지만 익절 목표 6,150원과 손절 기준 5,939원 사이에 있어 유지합니다
2026-04-28 12:22:09,979 | INFO | account balance loaded from cache
2026-04-28 12:22:09,979 | INFO | market price loaded from cache
2026-04-28 12:22:09,979 | INFO | [HOLD] 005930 | 현재가 223,000원 | 기준가 224,500원 대비 돌파 기준 226,745원에 아직 도달하지 않아 관망합니다
2026-04-28 12:22:09,979 | INFO | market price loaded from cache
2026-04-28 12:22:09,980 | INFO | [HOLD] 001510 | 현재가 6,005원 | 보유 중이지만 익절 목표 6,150원과 손절 기준 5,939원 사이에 있어 유지합니다
2026-04-28 12:22:14,982 | INFO | account balance loaded from cache
2026-04-28 12:22:14,982 | INFO | market price loaded from cache
2026-04-28 12:22:14,982 | INFO | [HOLD] 005930 | 현재가 223,000원 | 기준가 224,500원 대비 돌파 기준 226,745원에 아직 도달하지 않아 관망합니다
2026-04-28 12:22:14,982 | INFO | market price loaded from cache
2026-04-28 12:22:14,982 | INFO | [HOLD] 001510 | 현재가 6,005원 | 보유 중이지만 익절 목표 6,150원과 손절 기준 5,939원 사이에 있어 유지합니다
2026-04-28 12:22:20,072 | INFO | account balance loaded from api
2026-04-28 12:22:20,072 | INFO | market price loaded from cache
2026-04-28 12:22:20,072 | INFO | [HOLD] 005930 | 현재가 223,000원 | 기준가 224,500원 대비 돌파 기준 226,745원에 아직 도달하지 않아 관망합니다
2026-04-28 12:22:20,072 | INFO | market price loaded from cache
2026-04-28 12:22:20,072 | INFO | [HOLD] 001510 | 현재가 6,005원 | 보유 중이지만 익절 목표 6,150원과 손절 기준 5,939원 사이에 있어 유지합니다
2026-04-28 12:22:25,073 | INFO | account balance loaded from cache
2026-04-28 12:22:25,073 | INFO | market price loaded from cache
2026-04-28 12:22:25,073 | INFO | [HOLD] 005930 | 현재가 223,000원 | 기준가 224,500원 대비 돌파 기준 226,745원에 아직 도달하지 않아 관망합니다
2026-04-28 12:22:25,073 | INFO | market price loaded from cache
2026-04-28 12:22:25,073 | INFO | [HOLD] 001510 | 현재가 6,005원 | 보유 중이지만 익절 목표 6,150원과 손절 기준 5,939원 사이에 있어 유지합니다
2026-04-28 12:22:30,074 | INFO | account balance loaded from cache
2026-04-28 12:22:30,074 | INFO | market price loaded from cache
2026-04-28 12:22:30,074 | INFO | [HOLD] 005930 | 현재가 223,000원 | 기준가 224,500원 대비 돌파 기준 226,745원에 아직 도달하지 않아 관망합니다
2026-04-28 12:22:30,074 | INFO | market price loaded from cache
2026-04-28 12:22:30,074 | INFO | [HOLD] 001510 | 현재가 6,005원 | 보유 중이지만 익절 목표 6,150원과 손절 기준 5,939원 사이에 있어 유지합니다
2026-04-28 12:22:35,075 | INFO | account balance loaded from cache
2026-04-28 12:22:35,075 | INFO | market price loaded from cache
2026-04-28 12:22:35,075 | INFO | [HOLD] 005930 | 현재가 223,000원 | 기준가 224,500원 대비 돌파 기준 226,745원에 아직 도달하지 않아 관망합니다
2026-04-28 12:22:35,075 | INFO | market price loaded from cache
2026-04-28 12:22:35,075 | INFO | [HOLD] 001510 | 현재가 6,005원 | 보유 중이지만 익절 목표 6,150원과 손절 기준 5,939원 사이에 있어 유지합니다
2026-04-28 12:22:40,077 | INFO | account balance loaded from cache
2026-04-28 12:22:40,077 | INFO | market price loaded from cache
2026-04-28 12:22:40,077 | INFO | [HOLD] 005930 | 현재가 223,000원 | 기준가 224,500원 대비 돌파 기준 226,745원에 아직 도달하지 않아 관망합니다
2026-04-28 12:22:40,077 | INFO | market price loaded from cache
2026-04-28 12:22:40,077 | INFO | [HOLD] 001510 | 현재가 6,005원 | 보유 중이지만 익절 목표 6,150원과 손절 기준 5,939원 사이에 있어 유지합니다
2026-04-28 12:22:45,078 | INFO | account balance loaded from cache
2026-04-28 12:22:45,078 | INFO | market price loaded from cache
2026-04-28 12:22:45,078 | INFO | [HOLD] 005930 | 현재가 223,000원 | 기준가 224,500원 대비 돌파 기준 226,745원에 아직 도달하지 않아 관망합니다
2026-04-28 12:22:45,078 | INFO | market price loaded from cache
2026-04-28 12:22:45,078 | INFO | [HOLD] 001510 | 현재가 6,005원 | 보유 중이지만 익절 목표 6,150원과 손절 기준 5,939원 사이에 있어 유지합니다
2026-04-28 12:22:50,079 | INFO | account balance loaded from cache
2026-04-28 12:22:50,079 | INFO | market price loaded from cache
2026-04-28 12:22:50,080 | INFO | [HOLD] 005930 | 현재가 223,000원 | 기준가 224,500원 대비 돌파 기준 226,745원에 아직 도달하지 않아 관망합니다
2026-04-28 12:22:50,080 | INFO | market price loaded from cache
2026-04-28 12:22:50,080 | INFO | [HOLD] 001510 | 현재가 6,005원 | 보유 중이지만 익절 목표 6,150원과 손절 기준 5,939원 사이에 있어 유지합니다
2026-04-28 12:22:55,081 | INFO | account balance loaded from cache
2026-04-28 12:22:55,081 | INFO | market price loaded from cache
2026-04-28 12:22:55,081 | INFO | [HOLD] 005930 | 현재가 223,000원 | 기준가 224,500원 대비 돌파 기준 226,745원에 아직 도달하지 않아 관망합니다
2026-04-28 12:22:55,081 | INFO | market price loaded from cache
2026-04-28 12:22:55,081 | INFO | [HOLD] 001510 | 현재가 6,005원 | 보유 중이지만 익절 목표 6,150원과 손절 기준 5,939원 사이에 있어 유지합니다
2026-04-28 12:23:00,082 | INFO | account balance loaded from cache
2026-04-28 12:23:00,082 | INFO | market price loaded from cache
2026-04-28 12:23:00,082 | INFO | [HOLD] 005930 | 현재가 223,000원 | 기준가 224,500원 대비 돌파 기준 226,745원에 아직 도달하지 않아 관망합니다
2026-04-28 12:23:00,082 | INFO | market price loaded from cache
2026-04-28 12:23:00,082 | INFO | [HOLD] 001510 | 현재가 6,005원 | 보유 중이지만 익절 목표 6,150원과 손절 기준 5,939원 사이에 있어 유지합니다
2026-04-28 12:23:05,083 | INFO | account balance loaded from cache
2026-04-28 12:23:05,083 | INFO | market price loaded from cache
2026-04-28 12:23:05,083 | INFO | [HOLD] 005930 | 현재가 223,000원 | 기준가 224,500원 대비 돌파 기준 226,745원에 아직 도달하지 않아 관망합니다
2026-04-28 12:23:05,083 | INFO | market price loaded from cache
2026-04-28 12:23:05,083 | INFO | [HOLD] 001510 | 현재가 6,005원 | 보유 중이지만 익절 목표 6,150원과 손절 기준 5,939원 사이에 있어 유지합니다
2026-04-28 12:23:10,084 | INFO | account balance loaded from cache
2026-04-28 12:23:10,085 | INFO | market price loaded from cache
2026-04-28 12:23:10,085 | INFO | [HOLD] 005930 | 현재가 223,000원 | 기준가 224,500원 대비 돌파 기준 226,745원에 아직 도달하지 않아 관망합니다
2026-04-28 12:23:10,085 | INFO | market price loaded from cache
2026-04-28 12:23:10,085 | INFO | [HOLD] 001510 | 현재가 6,005원 | 보유 중이지만 익절 목표 6,150원과 손절 기준 5,939원 사이에 있어 유지합니다
2026-04-28 12:23:15,086 | INFO | account balance loaded from cache
2026-04-28 12:23:15,086 | INFO | market price loaded from cache
2026-04-28 12:23:15,086 | INFO | [HOLD] 005930 | 현재가 223,000원 | 기준가 224,500원 대비 돌파 기준 226,745원에 아직 도달하지 않아 관망합니다
2026-04-28 12:23:15,086 | INFO | market price loaded from cache
2026-04-28 12:23:15,086 | INFO | [HOLD] 001510 | 현재가 6,005원 | 보유 중이지만 익절 목표 6,150원과 손절 기준 5,939원 사이에 있어 유지합니다
2026-04-28 12:23:20,087 | INFO | account balance loaded from cache
2026-04-28 12:23:20,087 | INFO | market price loaded from cache
2026-04-28 12:23:20,087 | INFO | [HOLD] 005930 | 현재가 223,000원 | 기준가 224,500원 대비 돌파 기준 226,745원에 아직 도달하지 않아 관망합니다
2026-04-28 12:23:20,099 | INFO | market price loaded from api
2026-04-28 12:23:20,099 | INFO | [HOLD] 001510 | 현재가 5,970원 | 보유 중이지만 익절 목표 6,150원과 손절 기준 5,939원 사이에 있어 유지합니다
2026-04-28 12:23:25,100 | INFO | account balance loaded from cache
2026-04-28 12:23:25,100 | INFO | market price loaded from cache
2026-04-28 12:23:25,101 | INFO | [HOLD] 005930 | 현재가 223,000원 | 기준가 224,500원 대비 돌파 기준 226,745원에 아직 도달하지 않아 관망합니다
2026-04-28 12:23:25,101 | INFO | market price loaded from cache
2026-04-28 12:23:25,101 | INFO | [HOLD] 001510 | 현재가 5,970원 | 보유 중이지만 익절 목표 6,150원과 손절 기준 5,939원 사이에 있어 유지합니다
2026-04-28 12:23:30,101 | INFO | account balance loaded from cache
2026-04-28 12:23:30,102 | INFO | market price loaded from cache
2026-04-28 12:23:30,102 | INFO | [HOLD] 005930 | 현재가 223,000원 | 기준가 224,500원 대비 돌파 기준 226,745원에 아직 도달하지 않아 관망합니다
2026-04-28 12:23:30,102 | INFO | market price loaded from cache
2026-04-28 12:23:30,102 | INFO | [HOLD] 001510 | 현재가 5,970원 | 보유 중이지만 익절 목표 6,150원과 손절 기준 5,939원 사이에 있어 유지합니다
2026-04-28 12:23:35,103 | INFO | account balance loaded from cache
2026-04-28 12:23:35,103 | INFO | market price loaded from cache
2026-04-28 12:23:35,103 | INFO | [HOLD] 005930 | 현재가 223,000원 | 기준가 224,500원 대비 돌파 기준 226,745원에 아직 도달하지 않아 관망합니다
2026-04-28 12:23:35,104 | INFO | market price loaded from cache
2026-04-28 12:23:35,104 | INFO | [HOLD] 001510 | 현재가 5,970원 | 보유 중이지만 익절 목표 6,150원과 손절 기준 5,939원 사이에 있어 유지합니다
2026-04-28 12:23:40,105 | INFO | account balance loaded from cache
2026-04-28 12:23:40,105 | INFO | market price loaded from cache
2026-04-28 12:23:40,105 | INFO | [HOLD] 005930 | 현재가 223,000원 | 기준가 224,500원 대비 돌파 기준 226,745원에 아직 도달하지 않아 관망합니다
2026-04-28 12:23:40,105 | INFO | market price loaded from cache
2026-04-28 12:23:40,106 | INFO | [HOLD] 001510 | 현재가 5,970원 | 보유 중이지만 익절 목표 6,150원과 손절 기준 5,939원 사이에 있어 유지합니다
2026-04-28 12:23:45,107 | INFO | account balance loaded from cache
2026-04-28 12:23:45,107 | INFO | market price loaded from cache
2026-04-28 12:23:45,107 | INFO | [HOLD] 005930 | 현재가 223,000원 | 기준가 224,500원 대비 돌파 기준 226,745원에 아직 도달하지 않아 관망합니다
2026-04-28 12:23:45,107 | INFO | market price loaded from cache
2026-04-28 12:23:45,107 | INFO | [HOLD] 001510 | 현재가 5,970원 | 보유 중이지만 익절 목표 6,150원과 손절 기준 5,939원 사이에 있어 유지합니다
2026-04-28 12:23:50,109 | INFO | account balance loaded from cache
2026-04-28 12:23:50,109 | INFO | market price loaded from cache
2026-04-28 12:23:50,110 | INFO | [HOLD] 005930 | 현재가 223,000원 | 기준가 224,500원 대비 돌파 기준 226,745원에 아직 도달하지 않아 관망합니다
2026-04-28 12:23:50,110 | INFO | market price loaded from cache
2026-04-28 12:23:50,110 | INFO | [HOLD] 001510 | 현재가 5,970원 | 보유 중이지만 익절 목표 6,150원과 손절 기준 5,939원 사이에 있어 유지합니다
2026-04-28 12:23:55,111 | INFO | account balance loaded from cache
2026-04-28 12:23:55,111 | INFO | market price loaded from cache
2026-04-28 12:23:55,111 | INFO | [HOLD] 005930 | 현재가 223,000원 | 기준가 224,500원 대비 돌파 기준 226,745원에 아직 도달하지 않아 관망합니다
2026-04-28 12:23:55,111 | INFO | market price loaded from cache
2026-04-28 12:23:55,111 | INFO | [HOLD] 001510 | 현재가 5,970원 | 보유 중이지만 익절 목표 6,150원과 손절 기준 5,939원 사이에 있어 유지합니다
2026-04-28 12:24:00,113 | INFO | account balance loaded from cache
2026-04-28 12:24:00,113 | INFO | market price loaded from cache
2026-04-28 12:24:00,113 | INFO | [HOLD] 005930 | 현재가 223,000원 | 기준가 224,500원 대비 돌파 기준 226,745원에 아직 도달하지 않아 관망합니다
2026-04-28 12:24:00,113 | INFO | market price loaded from cache
2026-04-28 12:24:00,113 | INFO | [HOLD] 001510 | 현재가 5,970원 | 보유 중이지만 익절 목표 6,150원과 손절 기준 5,939원 사이에 있어 유지합니다
2026-04-28 12:24:05,114 | INFO | account balance loaded from cache
2026-04-28 12:24:05,114 | INFO | market price loaded from cache
2026-04-28 12:24:05,114 | INFO | [HOLD] 005930 | 현재가 223,000원 | 기준가 224,500원 대비 돌파 기준 226,745원에 아직 도달하지 않아 관망합니다
2026-04-28 12:24:05,114 | INFO | market price loaded from cache
2026-04-28 12:24:05,114 | INFO | [HOLD] 001510 | 현재가 5,970원 | 보유 중이지만 익절 목표 6,150원과 손절 기준 5,939원 사이에 있어 유지합니다
2026-04-28 12:24:10,115 | INFO | account balance loaded from cache
2026-04-28 12:24:10,115 | INFO | market price loaded from cache
2026-04-28 12:24:10,115 | INFO | [HOLD] 005930 | 현재가 223,000원 | 기준가 224,500원 대비 돌파 기준 226,745원에 아직 도달하지 않아 관망합니다
2026-04-28 12:24:10,115 | INFO | market price loaded from cache
2026-04-28 12:24:10,115 | INFO | [HOLD] 001510 | 현재가 5,970원 | 보유 중이지만 익절 목표 6,150원과 손절 기준 5,939원 사이에 있어 유지합니다
2026-04-28 12:24:15,116 | INFO | account balance loaded from cache
2026-04-28 12:24:15,116 | INFO | market price loaded from cache
2026-04-28 12:24:15,116 | INFO | [HOLD] 005930 | 현재가 223,000원 | 기준가 224,500원 대비 돌파 기준 226,745원에 아직 도달하지 않아 관망합니다
2026-04-28 12:24:15,116 | INFO | market price loaded from cache
2026-04-28 12:24:15,116 | INFO | [HOLD] 001510 | 현재가 5,970원 | 보유 중이지만 익절 목표 6,150원과 손절 기준 5,939원 사이에 있어 유지합니다
2026-04-28 12:24:20,117 | INFO | account balance loaded from cache
2026-04-28 12:24:20,118 | INFO | market price loaded from cache
2026-04-28 12:24:20,118 | INFO | [HOLD] 005930 | 현재가 223,000원 | 기준가 224,500원 대비 돌파 기준 226,745원에 아직 도달하지 않아 관망합니다
2026-04-28 12:24:20,118 | INFO | market price loaded from cache
2026-04-28 12:24:20,118 | INFO | [HOLD] 001510 | 현재가 5,970원 | 보유 중이지만 익절 목표 6,150원과 손절 기준 5,939원 사이에 있어 유지합니다
2026-04-28 12:24:25,118 | INFO | account balance loaded from cache
2026-04-28 12:24:25,119 | INFO | market price loaded from cache
2026-04-28 12:24:25,119 | INFO | [HOLD] 005930 | 현재가 223,000원 | 기준가 224,500원 대비 돌파 기준 226,745원에 아직 도달하지 않아 관망합니다
2026-04-28 12:24:25,119 | INFO | market price loaded from cache
2026-04-28 12:24:25,119 | INFO | [HOLD] 001510 | 현재가 5,970원 | 보유 중이지만 익절 목표 6,150원과 손절 기준 5,939원 사이에 있어 유지합니다
2026-04-28 12:24:30,120 | INFO | account balance loaded from cache
2026-04-28 12:24:30,120 | INFO | market price loaded from cache
2026-04-28 12:24:30,120 | INFO | [HOLD] 005930 | 현재가 223,000원 | 기준가 224,500원 대비 돌파 기준 226,745원에 아직 도달하지 않아 관망합니다
2026-04-28 12:24:30,120 | INFO | market price loaded from cache
2026-04-28 12:24:30,120 | INFO | [HOLD] 001510 | 현재가 5,970원 | 보유 중이지만 익절 목표 6,150원과 손절 기준 5,939원 사이에 있어 유지합니다
2026-04-28 12:24:35,121 | INFO | account balance loaded from cache
2026-04-28 12:24:35,121 | INFO | market price loaded from cache
2026-04-28 12:24:35,121 | INFO | [HOLD] 005930 | 현재가 223,000원 | 기준가 224,500원 대비 돌파 기준 226,745원에 아직 도달하지 않아 관망합니다
2026-04-28 12:24:35,121 | INFO | market price loaded from cache
2026-04-28 12:24:35,121 | INFO | [HOLD] 001510 | 현재가 5,970원 | 보유 중이지만 익절 목표 6,150원과 손절 기준 5,939원 사이에 있어 유지합니다
2026-04-28 12:24:40,122 | INFO | account balance loaded from cache
2026-04-28 12:24:40,122 | INFO | market price loaded from cache
2026-04-28 12:24:40,122 | INFO | [HOLD] 005930 | 현재가 223,000원 | 기준가 224,500원 대비 돌파 기준 226,745원에 아직 도달하지 않아 관망합니다
2026-04-28 12:24:40,122 | INFO | market price loaded from cache
2026-04-28 12:24:40,122 | INFO | [HOLD] 001510 | 현재가 5,970원 | 보유 중이지만 익절 목표 6,150원과 손절 기준 5,939원 사이에 있어 유지합니다
2026-04-28 12:24:45,123 | INFO | account balance loaded from cache
2026-04-28 12:24:45,123 | INFO | market price loaded from cache
2026-04-28 12:24:45,123 | INFO | [HOLD] 005930 | 현재가 223,000원 | 기준가 224,500원 대비 돌파 기준 226,745원에 아직 도달하지 않아 관망합니다
2026-04-28 12:24:45,123 | INFO | market price loaded from cache
2026-04-28 12:24:45,123 | INFO | [HOLD] 001510 | 현재가 5,970원 | 보유 중이지만 익절 목표 6,150원과 손절 기준 5,939원 사이에 있어 유지합니다
2026-04-28 12:24:50,124 | INFO | account balance loaded from cache
2026-04-28 12:24:50,124 | INFO | market price loaded from cache
2026-04-28 12:24:50,124 | INFO | [HOLD] 005930 | 현재가 223,000원 | 기준가 224,500원 대비 돌파 기준 226,745원에 아직 도달하지 않아 관망합니다
2026-04-28 12:24:50,124 | INFO | market price loaded from cache
2026-04-28 12:24:50,125 | INFO | [HOLD] 001510 | 현재가 5,970원 | 보유 중이지만 익절 목표 6,150원과 손절 기준 5,939원 사이에 있어 유지합니다
2026-04-28 12:24:55,126 | INFO | account balance loaded from cache
2026-04-28 12:24:55,126 | INFO | market price loaded from cache
2026-04-28 12:24:55,126 | INFO | [HOLD] 005930 | 현재가 223,000원 | 기준가 224,500원 대비 돌파 기준 226,745원에 아직 도달하지 않아 관망합니다
2026-04-28 12:24:55,126 | INFO | market price loaded from cache
2026-04-28 12:24:55,126 | INFO | [HOLD] 001510 | 현재가 5,970원 | 보유 중이지만 익절 목표 6,150원과 손절 기준 5,939원 사이에 있어 유지합니다
2026-04-28 12:25:00,127 | INFO | account balance loaded from cache
2026-04-28 12:25:00,127 | INFO | market price loaded from cache
2026-04-28 12:25:00,127 | INFO | [HOLD] 005930 | 현재가 223,000원 | 기준가 224,500원 대비 돌파 기준 226,745원에 아직 도달하지 않아 관망합니다
2026-04-28 12:25:00,127 | INFO | market price loaded from cache
2026-04-28 12:25:00,128 | INFO | [HOLD] 001510 | 현재가 5,970원 | 보유 중이지만 익절 목표 6,150원과 손절 기준 5,939원 사이에 있어 유지합니다
2026-04-28 12:25:05,129 | INFO | account balance loaded from cache
2026-04-28 12:25:05,129 | INFO | market price loaded from cache
2026-04-28 12:25:05,129 | INFO | [HOLD] 005930 | 현재가 223,000원 | 기준가 224,500원 대비 돌파 기준 226,745원에 아직 도달하지 않아 관망합니다
2026-04-28 12:25:05,129 | INFO | market price loaded from cache
2026-04-28 12:25:05,129 | INFO | [HOLD] 001510 | 현재가 5,970원 | 보유 중이지만 익절 목표 6,150원과 손절 기준 5,939원 사이에 있어 유지합니다
2026-04-28 12:25:10,130 | INFO | account balance loaded from cache
2026-04-28 12:25:10,130 | INFO | market price loaded from cache
2026-04-28 12:25:10,130 | INFO | [HOLD] 005930 | 현재가 223,000원 | 기준가 224,500원 대비 돌파 기준 226,745원에 아직 도달하지 않아 관망합니다
2026-04-28 12:25:10,130 | INFO | market price loaded from cache
2026-04-28 12:25:10,130 | INFO | [HOLD] 001510 | 현재가 5,970원 | 보유 중이지만 익절 목표 6,150원과 손절 기준 5,939원 사이에 있어 유지합니다
2026-04-28 12:25:15,131 | INFO | account balance loaded from cache
2026-04-28 12:25:15,131 | INFO | market price loaded from cache
2026-04-28 12:25:15,131 | INFO | [HOLD] 005930 | 현재가 223,000원 | 기준가 224,500원 대비 돌파 기준 226,745원에 아직 도달하지 않아 관망합니다
2026-04-28 12:25:15,131 | INFO | market price loaded from cache
2026-04-28 12:25:15,131 | INFO | [HOLD] 001510 | 현재가 5,970원 | 보유 중이지만 익절 목표 6,150원과 손절 기준 5,939원 사이에 있어 유지합니다
2026-04-28 12:25:20,205 | INFO | account balance loaded from api
2026-04-28 12:25:20,215 | INFO | market price loaded from api
2026-04-28 12:25:20,215 | INFO | [HOLD] 005930 | 현재가 222,500원 | 기준가 224,500원 대비 돌파 기준 226,745원에 아직 도달하지 않아 관망합니다
2026-04-28 12:25:20,215 | INFO | market price loaded from cache
2026-04-28 12:25:20,215 | INFO | [HOLD] 001510 | 현재가 5,970원 | 보유 중이지만 익절 목표 6,150원과 손절 기준 5,939원 사이에 있어 유지합니다
2026-04-28 12:25:25,216 | INFO | account balance loaded from cache
2026-04-28 12:25:25,216 | INFO | market price loaded from cache
2026-04-28 12:25:25,216 | INFO | [HOLD] 005930 | 현재가 222,500원 | 기준가 224,500원 대비 돌파 기준 226,745원에 아직 도달하지 않아 관망합니다
2026-04-28 12:25:25,216 | INFO | market price loaded from cache
2026-04-28 12:25:25,216 | INFO | [HOLD] 001510 | 현재가 5,970원 | 보유 중이지만 익절 목표 6,150원과 손절 기준 5,939원 사이에 있어 유지합니다
2026-04-28 12:25:30,217 | INFO | account balance loaded from cache
2026-04-28 12:25:30,217 | INFO | market price loaded from cache
2026-04-28 12:25:30,217 | INFO | [HOLD] 005930 | 현재가 222,500원 | 기준가 224,500원 대비 돌파 기준 226,745원에 아직 도달하지 않아 관망합니다
2026-04-28 12:25:30,217 | INFO | market price loaded from cache
2026-04-28 12:25:30,217 | INFO | [HOLD] 001510 | 현재가 5,970원 | 보유 중이지만 익절 목표 6,150원과 손절 기준 5,939원 사이에 있어 유지합니다
2026-04-28 12:25:35,218 | INFO | account balance loaded from cache
2026-04-28 12:25:35,218 | INFO | market price loaded from cache
2026-04-28 12:25:35,218 | INFO | [HOLD] 005930 | 현재가 222,500원 | 기준가 224,500원 대비 돌파 기준 226,745원에 아직 도달하지 않아 관망합니다
2026-04-28 12:25:35,218 | INFO | market price loaded from cache
2026-04-28 12:25:35,218 | INFO | [HOLD] 001510 | 현재가 5,970원 | 보유 중이지만 익절 목표 6,150원과 손절 기준 5,939원 사이에 있어 유지합니다
2026-04-28 12:25:40,219 | INFO | account balance loaded from cache
2026-04-28 12:25:40,219 | INFO | market price loaded from cache
2026-04-28 12:25:40,219 | INFO | [HOLD] 005930 | 현재가 222,500원 | 기준가 224,500원 대비 돌파 기준 226,745원에 아직 도달하지 않아 관망합니다
2026-04-28 12:25:40,219 | INFO | market price loaded from cache
2026-04-28 12:25:40,219 | INFO | [HOLD] 001510 | 현재가 5,970원 | 보유 중이지만 익절 목표 6,150원과 손절 기준 5,939원 사이에 있어 유지합니다
2026-04-28 12:25:45,220 | INFO | account balance loaded from cache
2026-04-28 12:25:45,220 | INFO | market price loaded from cache
2026-04-28 12:25:45,220 | INFO | [HOLD] 005930 | 현재가 222,500원 | 기준가 224,500원 대비 돌파 기준 226,745원에 아직 도달하지 않아 관망합니다
2026-04-28 12:25:45,220 | INFO | market price loaded from cache
2026-04-28 12:25:45,220 | INFO | [HOLD] 001510 | 현재가 5,970원 | 보유 중이지만 익절 목표 6,150원과 손절 기준 5,939원 사이에 있어 유지합니다
2026-04-28 12:25:50,222 | INFO | account balance loaded from cache
2026-04-28 12:25:50,222 | INFO | market price loaded from cache
2026-04-28 12:25:50,222 | INFO | [HOLD] 005930 | 현재가 222,500원 | 기준가 224,500원 대비 돌파 기준 226,745원에 아직 도달하지 않아 관망합니다
2026-04-28 12:25:50,222 | INFO | market price loaded from cache
2026-04-28 12:25:50,222 | INFO | [HOLD] 001510 | 현재가 5,970원 | 보유 중이지만 익절 목표 6,150원과 손절 기준 5,939원 사이에 있어 유지합니다
2026-04-28 12:25:55,223 | INFO | account balance loaded from cache
2026-04-28 12:25:55,223 | INFO | market price loaded from cache
2026-04-28 12:25:55,223 | INFO | [HOLD] 005930 | 현재가 222,500원 | 기준가 224,500원 대비 돌파 기준 226,745원에 아직 도달하지 않아 관망합니다
2026-04-28 12:25:55,223 | INFO | market price loaded from cache
2026-04-28 12:25:55,223 | INFO | [HOLD] 001510 | 현재가 5,970원 | 보유 중이지만 익절 목표 6,150원과 손절 기준 5,939원 사이에 있어 유지합니다
2026-04-28 12:26:00,224 | INFO | account balance loaded from cache
2026-04-28 12:26:00,224 | INFO | market price loaded from cache
2026-04-28 12:26:00,224 | INFO | [HOLD] 005930 | 현재가 222,500원 | 기준가 224,500원 대비 돌파 기준 226,745원에 아직 도달하지 않아 관망합니다
2026-04-28 12:26:00,224 | INFO | market price loaded from cache
2026-04-28 12:26:00,224 | INFO | [HOLD] 001510 | 현재가 5,970원 | 보유 중이지만 익절 목표 6,150원과 손절 기준 5,939원 사이에 있어 유지합니다
2026-04-28 12:26:05,225 | INFO | account balance loaded from cache
2026-04-28 12:26:05,226 | INFO | market price loaded from cache
2026-04-28 12:26:05,226 | INFO | [HOLD] 005930 | 현재가 222,500원 | 기준가 224,500원 대비 돌파 기준 226,745원에 아직 도달하지 않아 관망합니다
2026-04-28 12:26:05,226 | INFO | market price loaded from cache
2026-04-28 12:26:05,226 | INFO | [HOLD] 001510 | 현재가 5,970원 | 보유 중이지만 익절 목표 6,150원과 손절 기준 5,939원 사이에 있어 유지합니다
2026-04-28 12:26:10,227 | INFO | account balance loaded from cache
2026-04-28 12:26:10,227 | INFO | market price loaded from cache
2026-04-28 12:26:10,227 | INFO | [HOLD] 005930 | 현재가 222,500원 | 기준가 224,500원 대비 돌파 기준 226,745원에 아직 도달하지 않아 관망합니다
2026-04-28 12:26:10,227 | INFO | market price loaded from cache
2026-04-28 12:26:10,227 | INFO | [HOLD] 001510 | 현재가 5,970원 | 보유 중이지만 익절 목표 6,150원과 손절 기준 5,939원 사이에 있어 유지합니다
2026-04-28 12:26:15,228 | INFO | account balance loaded from cache
2026-04-28 12:26:15,228 | INFO | market price loaded from cache
2026-04-28 12:26:15,228 | INFO | [HOLD] 005930 | 현재가 222,500원 | 기준가 224,500원 대비 돌파 기준 226,745원에 아직 도달하지 않아 관망합니다
2026-04-28 12:26:15,228 | INFO | market price loaded from cache
2026-04-28 12:26:15,228 | INFO | [HOLD] 001510 | 현재가 5,970원 | 보유 중이지만 익절 목표 6,150원과 손절 기준 5,939원 사이에 있어 유지합니다
2026-04-28 12:26:20,229 | INFO | account balance loaded from cache
2026-04-28 12:26:20,229 | INFO | market price loaded from cache
2026-04-28 12:26:20,230 | INFO | [HOLD] 005930 | 현재가 222,500원 | 기준가 224,500원 대비 돌파 기준 226,745원에 아직 도달하지 않아 관망합니다
2026-04-28 12:26:20,230 | INFO | market price loaded from cache
2026-04-28 12:26:20,230 | INFO | [HOLD] 001510 | 현재가 5,970원 | 보유 중이지만 익절 목표 6,150원과 손절 기준 5,939원 사이에 있어 유지합니다
2026-04-28 12:26:25,230 | INFO | account balance loaded from cache
2026-04-28 12:26:25,231 | INFO | market price loaded from cache
2026-04-28 12:26:25,231 | INFO | [HOLD] 005930 | 현재가 222,500원 | 기준가 224,500원 대비 돌파 기준 226,745원에 아직 도달하지 않아 관망합니다
2026-04-28 12:26:25,231 | INFO | market price loaded from cache
2026-04-28 12:26:25,231 | INFO | [HOLD] 001510 | 현재가 5,970원 | 보유 중이지만 익절 목표 6,150원과 손절 기준 5,939원 사이에 있어 유지합니다
2026-04-28 12:26:30,232 | INFO | account balance loaded from cache
2026-04-28 12:26:30,232 | INFO | market price loaded from cache
2026-04-28 12:26:30,232 | INFO | [HOLD] 005930 | 현재가 222,500원 | 기준가 224,500원 대비 돌파 기준 226,745원에 아직 도달하지 않아 관망합니다
2026-04-28 12:26:30,232 | INFO | market price loaded from cache
2026-04-28 12:26:30,232 | INFO | [HOLD] 001510 | 현재가 5,970원 | 보유 중이지만 익절 목표 6,150원과 손절 기준 5,939원 사이에 있어 유지합니다
2026-04-28 12:26:35,233 | INFO | account balance loaded from cache
2026-04-28 12:26:35,233 | INFO | market price loaded from cache
2026-04-28 12:26:35,233 | INFO | [HOLD] 005930 | 현재가 222,500원 | 기준가 224,500원 대비 돌파 기준 226,745원에 아직 도달하지 않아 관망합니다
2026-04-28 12:26:35,233 | INFO | market price loaded from cache
2026-04-28 12:26:35,233 | INFO | [HOLD] 001510 | 현재가 5,970원 | 보유 중이지만 익절 목표 6,150원과 손절 기준 5,939원 사이에 있어 유지합니다
2026-04-28 12:26:40,234 | INFO | account balance loaded from cache
2026-04-28 12:26:40,235 | INFO | market price loaded from cache
2026-04-28 12:26:40,235 | INFO | [HOLD] 005930 | 현재가 222,500원 | 기준가 224,500원 대비 돌파 기준 226,745원에 아직 도달하지 않아 관망합니다
2026-04-28 12:26:40,235 | INFO | market price loaded from cache
2026-04-28 12:26:40,235 | INFO | [HOLD] 001510 | 현재가 5,970원 | 보유 중이지만 익절 목표 6,150원과 손절 기준 5,939원 사이에 있어 유지합니다
2026-04-28 12:26:45,236 | INFO | account balance loaded from cache
2026-04-28 12:26:45,236 | INFO | market price loaded from cache
2026-04-28 12:26:45,236 | INFO | [HOLD] 005930 | 현재가 222,500원 | 기준가 224,500원 대비 돌파 기준 226,745원에 아직 도달하지 않아 관망합니다
2026-04-28 12:26:45,236 | INFO | market price loaded from cache
2026-04-28 12:26:45,236 | INFO | [HOLD] 001510 | 현재가 5,970원 | 보유 중이지만 익절 목표 6,150원과 손절 기준 5,939원 사이에 있어 유지합니다
2026-04-28 12:26:50,237 | INFO | account balance loaded from cache
2026-04-28 12:26:50,237 | INFO | market price loaded from cache
2026-04-28 12:26:50,237 | INFO | [HOLD] 005930 | 현재가 222,500원 | 기준가 224,500원 대비 돌파 기준 226,745원에 아직 도달하지 않아 관망합니다
2026-04-28 12:26:50,237 | INFO | market price loaded from cache
2026-04-28 12:26:50,237 | INFO | [HOLD] 001510 | 현재가 5,970원 | 보유 중이지만 익절 목표 6,150원과 손절 기준 5,939원 사이에 있어 유지합니다
2026-04-28 12:26:55,238 | INFO | account balance loaded from cache
2026-04-28 12:26:55,238 | INFO | market price loaded from cache
2026-04-28 12:26:55,239 | INFO | [HOLD] 005930 | 현재가 222,500원 | 기준가 224,500원 대비 돌파 기준 226,745원에 아직 도달하지 않아 관망합니다
2026-04-28 12:26:55,239 | INFO | market price loaded from cache
2026-04-28 12:26:55,239 | INFO | [HOLD] 001510 | 현재가 5,970원 | 보유 중이지만 익절 목표 6,150원과 손절 기준 5,939원 사이에 있어 유지합니다
2026-04-28 12:27:00,240 | INFO | account balance loaded from cache
2026-04-28 12:27:00,240 | INFO | market price loaded from cache
2026-04-28 12:27:00,241 | INFO | [HOLD] 005930 | 현재가 222,500원 | 기준가 224,500원 대비 돌파 기준 226,745원에 아직 도달하지 않아 관망합니다
2026-04-28 12:27:00,241 | INFO | market price loaded from cache
2026-04-28 12:27:00,241 | INFO | [HOLD] 001510 | 현재가 5,970원 | 보유 중이지만 익절 목표 6,150원과 손절 기준 5,939원 사이에 있어 유지합니다
2026-04-28 12:27:05,242 | INFO | account balance loaded from cache
2026-04-28 12:27:05,243 | INFO | market price loaded from cache
2026-04-28 12:27:05,243 | INFO | [HOLD] 005930 | 현재가 222,500원 | 기준가 224,500원 대비 돌파 기준 226,745원에 아직 도달하지 않아 관망합니다
2026-04-28 12:27:05,243 | INFO | market price loaded from cache
2026-04-28 12:27:05,243 | INFO | [HOLD] 001510 | 현재가 5,970원 | 보유 중이지만 익절 목표 6,150원과 손절 기준 5,939원 사이에 있어 유지합니다
2026-04-28 12:27:10,244 | INFO | account balance loaded from cache
2026-04-28 12:27:10,244 | INFO | market price loaded from cache
2026-04-28 12:27:10,244 | INFO | [HOLD] 005930 | 현재가 222,500원 | 기준가 224,500원 대비 돌파 기준 226,745원에 아직 도달하지 않아 관망합니다
2026-04-28 12:27:10,244 | INFO | market price loaded from cache
2026-04-28 12:27:10,244 | INFO | [HOLD] 001510 | 현재가 5,970원 | 보유 중이지만 익절 목표 6,150원과 손절 기준 5,939원 사이에 있어 유지합니다
2026-04-28 12:27:15,245 | INFO | account balance loaded from cache
2026-04-28 12:27:15,246 | INFO | market price loaded from cache
2026-04-28 12:27:15,246 | INFO | [HOLD] 005930 | 현재가 222,500원 | 기준가 224,500원 대비 돌파 기준 226,745원에 아직 도달하지 않아 관망합니다
2026-04-28 12:27:15,246 | INFO | market price loaded from cache
2026-04-28 12:27:15,246 | INFO | [HOLD] 001510 | 현재가 5,970원 | 보유 중이지만 익절 목표 6,150원과 손절 기준 5,939원 사이에 있어 유지합니다
2026-04-28 12:27:20,249 | INFO | account balance loaded from cache
2026-04-28 12:27:20,249 | INFO | market price loaded from cache
2026-04-28 12:27:20,249 | INFO | [HOLD] 005930 | 현재가 222,500원 | 기준가 224,500원 대비 돌파 기준 226,745원에 아직 도달하지 않아 관망합니다
2026-04-28 12:27:20,249 | INFO | market price loaded from cache
2026-04-28 12:27:20,249 | INFO | [HOLD] 001510 | 현재가 5,970원 | 보유 중이지만 익절 목표 6,150원과 손절 기준 5,939원 사이에 있어 유지합니다
2026-04-28 12:27:25,250 | INFO | account balance loaded from cache
2026-04-28 12:27:25,250 | INFO | market price loaded from cache
2026-04-28 12:27:25,250 | INFO | [HOLD] 005930 | 현재가 222,500원 | 기준가 224,500원 대비 돌파 기준 226,745원에 아직 도달하지 않아 관망합니다
2026-04-28 12:27:25,250 | INFO | market price loaded from cache
2026-04-28 12:27:25,250 | INFO | [HOLD] 001510 | 현재가 5,970원 | 보유 중이지만 익절 목표 6,150원과 손절 기준 5,939원 사이에 있어 유지합니다
2026-04-28 12:27:30,251 | INFO | account balance loaded from cache
2026-04-28 12:27:30,252 | INFO | market price loaded from cache
2026-04-28 12:27:30,252 | INFO | [HOLD] 005930 | 현재가 222,500원 | 기준가 224,500원 대비 돌파 기준 226,745원에 아직 도달하지 않아 관망합니다
2026-04-28 12:27:30,252 | INFO | market price loaded from cache
2026-04-28 12:27:30,252 | INFO | [HOLD] 001510 | 현재가 5,970원 | 보유 중이지만 익절 목표 6,150원과 손절 기준 5,939원 사이에 있어 유지합니다
2026-04-28 12:27:35,253 | INFO | account balance loaded from cache
2026-04-28 12:27:35,253 | INFO | market price loaded from cache
2026-04-28 12:27:35,253 | INFO | [HOLD] 005930 | 현재가 222,500원 | 기준가 224,500원 대비 돌파 기준 226,745원에 아직 도달하지 않아 관망합니다
2026-04-28 12:27:35,253 | INFO | market price loaded from cache
2026-04-28 12:27:35,253 | INFO | [HOLD] 001510 | 현재가 5,970원 | 보유 중이지만 익절 목표 6,150원과 손절 기준 5,939원 사이에 있어 유지합니다
2026-04-28 12:27:40,254 | INFO | account balance loaded from cache
2026-04-28 12:27:40,254 | INFO | market price loaded from cache
2026-04-28 12:27:40,254 | INFO | [HOLD] 005930 | 현재가 222,500원 | 기준가 224,500원 대비 돌파 기준 226,745원에 아직 도달하지 않아 관망합니다
2026-04-28 12:27:40,254 | INFO | market price loaded from cache
2026-04-28 12:27:40,254 | INFO | [HOLD] 001510 | 현재가 5,970원 | 보유 중이지만 익절 목표 6,150원과 손절 기준 5,939원 사이에 있어 유지합니다
2026-04-28 12:27:45,255 | INFO | account balance loaded from cache
2026-04-28 12:27:45,255 | INFO | market price loaded from cache
2026-04-28 12:27:45,255 | INFO | [HOLD] 005930 | 현재가 222,500원 | 기준가 224,500원 대비 돌파 기준 226,745원에 아직 도달하지 않아 관망합니다
2026-04-28 12:27:45,255 | INFO | market price loaded from cache
2026-04-28 12:27:45,255 | INFO | [HOLD] 001510 | 현재가 5,970원 | 보유 중이지만 익절 목표 6,150원과 손절 기준 5,939원 사이에 있어 유지합니다
2026-04-28 12:27:50,257 | INFO | account balance loaded from cache
2026-04-28 12:27:50,257 | INFO | market price loaded from cache
2026-04-28 12:27:50,257 | INFO | [HOLD] 005930 | 현재가 222,500원 | 기준가 224,500원 대비 돌파 기준 226,745원에 아직 도달하지 않아 관망합니다
2026-04-28 12:27:50,257 | INFO | market price loaded from cache
2026-04-28 12:27:50,257 | INFO | [HOLD] 001510 | 현재가 5,970원 | 보유 중이지만 익절 목표 6,150원과 손절 기준 5,939원 사이에 있어 유지합니다
2026-04-28 12:27:55,258 | INFO | account balance loaded from cache
2026-04-28 12:27:55,258 | INFO | market price loaded from cache
2026-04-28 12:27:55,258 | INFO | [HOLD] 005930 | 현재가 222,500원 | 기준가 224,500원 대비 돌파 기준 226,745원에 아직 도달하지 않아 관망합니다
2026-04-28 12:27:55,258 | INFO | market price loaded from cache
2026-04-28 12:27:55,258 | INFO | [HOLD] 001510 | 현재가 5,970원 | 보유 중이지만 익절 목표 6,150원과 손절 기준 5,939원 사이에 있어 유지합니다
2026-04-28 12:28:00,259 | INFO | account balance loaded from cache
2026-04-28 12:28:00,259 | INFO | market price loaded from cache
2026-04-28 12:28:00,259 | INFO | [HOLD] 005930 | 현재가 222,500원 | 기준가 224,500원 대비 돌파 기준 226,745원에 아직 도달하지 않아 관망합니다
2026-04-28 12:28:00,259 | INFO | market price loaded from cache
2026-04-28 12:28:00,260 | INFO | [HOLD] 001510 | 현재가 5,970원 | 보유 중이지만 익절 목표 6,150원과 손절 기준 5,939원 사이에 있어 유지합니다
2026-04-28 12:28:05,260 | INFO | account balance loaded from cache
2026-04-28 12:28:05,261 | INFO | market price loaded from cache
2026-04-28 12:28:05,261 | INFO | [HOLD] 005930 | 현재가 222,500원 | 기준가 224,500원 대비 돌파 기준 226,745원에 아직 도달하지 않아 관망합니다
2026-04-28 12:28:05,261 | INFO | market price loaded from cache
2026-04-28 12:28:05,261 | INFO | [HOLD] 001510 | 현재가 5,970원 | 보유 중이지만 익절 목표 6,150원과 손절 기준 5,939원 사이에 있어 유지합니다
2026-04-28 12:28:10,263 | INFO | account balance loaded from cache
2026-04-28 12:28:10,263 | INFO | market price loaded from cache
2026-04-28 12:28:10,263 | INFO | [HOLD] 005930 | 현재가 222,500원 | 기준가 224,500원 대비 돌파 기준 226,745원에 아직 도달하지 않아 관망합니다
2026-04-28 12:28:10,264 | INFO | market price loaded from cache
2026-04-28 12:28:10,264 | INFO | [HOLD] 001510 | 현재가 5,970원 | 보유 중이지만 익절 목표 6,150원과 손절 기준 5,939원 사이에 있어 유지합니다
2026-04-28 12:28:15,265 | INFO | account balance loaded from cache
2026-04-28 12:28:15,265 | INFO | market price loaded from cache
2026-04-28 12:28:15,265 | INFO | [HOLD] 005930 | 현재가 222,500원 | 기준가 224,500원 대비 돌파 기준 226,745원에 아직 도달하지 않아 관망합니다
2026-04-28 12:28:15,265 | INFO | market price loaded from cache
2026-04-28 12:28:15,265 | INFO | [HOLD] 001510 | 현재가 5,970원 | 보유 중이지만 익절 목표 6,150원과 손절 기준 5,939원 사이에 있어 유지합니다
2026-04-28 12:28:20,422 | INFO | account balance loaded from api
2026-04-28 12:28:20,422 | INFO | market price loaded from cache
2026-04-28 12:28:20,422 | INFO | [HOLD] 005930 | 현재가 222,500원 | 기준가 224,500원 대비 돌파 기준 226,745원에 아직 도달하지 않아 관망합니다
2026-04-28 12:28:20,431 | INFO | market price loaded from api
2026-04-28 12:28:20,431 | INFO | [HOLD] 001510 | 현재가 5,950원 | 보유 중이지만 익절 목표 6,150원과 손절 기준 5,939원 사이에 있어 유지합니다
2026-04-28 12:28:25,432 | INFO | account balance loaded from cache
2026-04-28 12:28:25,432 | INFO | market price loaded from cache
2026-04-28 12:28:25,432 | INFO | [HOLD] 005930 | 현재가 222,500원 | 기준가 224,500원 대비 돌파 기준 226,745원에 아직 도달하지 않아 관망합니다
2026-04-28 12:28:25,432 | INFO | market price loaded from cache
2026-04-28 12:28:25,432 | INFO | [HOLD] 001510 | 현재가 5,950원 | 보유 중이지만 익절 목표 6,150원과 손절 기준 5,939원 사이에 있어 유지합니다
2026-04-28 12:28:30,433 | INFO | account balance loaded from cache
2026-04-28 12:28:30,433 | INFO | market price loaded from cache
2026-04-28 12:28:30,433 | INFO | [HOLD] 005930 | 현재가 222,500원 | 기준가 224,500원 대비 돌파 기준 226,745원에 아직 도달하지 않아 관망합니다
2026-04-28 12:28:30,433 | INFO | market price loaded from cache
2026-04-28 12:28:30,433 | INFO | [HOLD] 001510 | 현재가 5,950원 | 보유 중이지만 익절 목표 6,150원과 손절 기준 5,939원 사이에 있어 유지합니다
2026-04-28 12:28:35,435 | INFO | account balance loaded from cache
2026-04-28 12:28:35,435 | INFO | market price loaded from cache
2026-04-28 12:28:35,435 | INFO | [HOLD] 005930 | 현재가 222,500원 | 기준가 224,500원 대비 돌파 기준 226,745원에 아직 도달하지 않아 관망합니다
2026-04-28 12:28:35,435 | INFO | market price loaded from cache
2026-04-28 12:28:35,435 | INFO | [HOLD] 001510 | 현재가 5,950원 | 보유 중이지만 익절 목표 6,150원과 손절 기준 5,939원 사이에 있어 유지합니다
2026-04-28 12:28:40,436 | INFO | account balance loaded from cache
2026-04-28 12:28:40,436 | INFO | market price loaded from cache
2026-04-28 12:28:40,436 | INFO | [HOLD] 005930 | 현재가 222,500원 | 기준가 224,500원 대비 돌파 기준 226,745원에 아직 도달하지 않아 관망합니다
2026-04-28 12:28:40,436 | INFO | market price loaded from cache
2026-04-28 12:28:40,436 | INFO | [HOLD] 001510 | 현재가 5,950원 | 보유 중이지만 익절 목표 6,150원과 손절 기준 5,939원 사이에 있어 유지합니다
2026-04-28 12:28:45,437 | INFO | account balance loaded from cache
2026-04-28 12:28:45,437 | INFO | market price loaded from cache
2026-04-28 12:28:45,437 | INFO | [HOLD] 005930 | 현재가 222,500원 | 기준가 224,500원 대비 돌파 기준 226,745원에 아직 도달하지 않아 관망합니다
2026-04-28 12:28:45,437 | INFO | market price loaded from cache
2026-04-28 12:28:45,437 | INFO | [HOLD] 001510 | 현재가 5,950원 | 보유 중이지만 익절 목표 6,150원과 손절 기준 5,939원 사이에 있어 유지합니다
2026-04-28 12:28:50,438 | INFO | account balance loaded from cache
2026-04-28 12:28:50,438 | INFO | market price loaded from cache
2026-04-28 12:28:50,438 | INFO | [HOLD] 005930 | 현재가 222,500원 | 기준가 224,500원 대비 돌파 기준 226,745원에 아직 도달하지 않아 관망합니다
2026-04-28 12:28:50,438 | INFO | market price loaded from cache
2026-04-28 12:28:50,439 | INFO | [HOLD] 001510 | 현재가 5,950원 | 보유 중이지만 익절 목표 6,150원과 손절 기준 5,939원 사이에 있어 유지합니다
2026-04-28 12:28:55,441 | INFO | account balance loaded from cache
2026-04-28 12:28:55,441 | INFO | market price loaded from cache
2026-04-28 12:28:55,441 | INFO | [HOLD] 005930 | 현재가 222,500원 | 기준가 224,500원 대비 돌파 기준 226,745원에 아직 도달하지 않아 관망합니다
2026-04-28 12:28:55,442 | INFO | market price loaded from cache
2026-04-28 12:28:55,442 | INFO | [HOLD] 001510 | 현재가 5,950원 | 보유 중이지만 익절 목표 6,150원과 손절 기준 5,939원 사이에 있어 유지합니다
2026-04-28 12:29:00,443 | INFO | account balance loaded from cache
2026-04-28 12:29:00,443 | INFO | market price loaded from cache
2026-04-28 12:29:00,443 | INFO | [HOLD] 005930 | 현재가 222,500원 | 기준가 224,500원 대비 돌파 기준 226,745원에 아직 도달하지 않아 관망합니다
2026-04-28 12:29:00,443 | INFO | market price loaded from cache
2026-04-28 12:29:00,443 | INFO | [HOLD] 001510 | 현재가 5,950원 | 보유 중이지만 익절 목표 6,150원과 손절 기준 5,939원 사이에 있어 유지합니다
2026-04-28 12:29:05,444 | INFO | account balance loaded from cache
2026-04-28 12:29:05,444 | INFO | market price loaded from cache
2026-04-28 12:29:05,444 | INFO | [HOLD] 005930 | 현재가 222,500원 | 기준가 224,500원 대비 돌파 기준 226,745원에 아직 도달하지 않아 관망합니다
2026-04-28 12:29:05,444 | INFO | market price loaded from cache
2026-04-28 12:29:05,444 | INFO | [HOLD] 001510 | 현재가 5,950원 | 보유 중이지만 익절 목표 6,150원과 손절 기준 5,939원 사이에 있어 유지합니다
2026-04-28 12:29:10,445 | INFO | account balance loaded from cache
2026-04-28 12:29:10,445 | INFO | market price loaded from cache
2026-04-28 12:29:10,446 | INFO | [HOLD] 005930 | 현재가 222,500원 | 기준가 224,500원 대비 돌파 기준 226,745원에 아직 도달하지 않아 관망합니다
2026-04-28 12:29:10,446 | INFO | market price loaded from cache
2026-04-28 12:29:10,446 | INFO | [HOLD] 001510 | 현재가 5,950원 | 보유 중이지만 익절 목표 6,150원과 손절 기준 5,939원 사이에 있어 유지합니다
2026-04-28 12:29:15,449 | INFO | account balance loaded from cache
2026-04-28 12:29:15,449 | INFO | market price loaded from cache
2026-04-28 12:29:15,449 | INFO | [HOLD] 005930 | 현재가 222,500원 | 기준가 224,500원 대비 돌파 기준 226,745원에 아직 도달하지 않아 관망합니다
2026-04-28 12:29:15,449 | INFO | market price loaded from cache
2026-04-28 12:29:15,449 | INFO | [HOLD] 001510 | 현재가 5,950원 | 보유 중이지만 익절 목표 6,150원과 손절 기준 5,939원 사이에 있어 유지합니다
2026-04-28 12:29:20,450 | INFO | account balance loaded from cache
2026-04-28 12:29:20,450 | INFO | market price loaded from cache
2026-04-28 12:29:20,451 | INFO | [HOLD] 005930 | 현재가 222,500원 | 기준가 224,500원 대비 돌파 기준 226,745원에 아직 도달하지 않아 관망합니다
2026-04-28 12:29:20,451 | INFO | market price loaded from cache
2026-04-28 12:29:20,451 | INFO | [HOLD] 001510 | 현재가 5,950원 | 보유 중이지만 익절 목표 6,150원과 손절 기준 5,939원 사이에 있어 유지합니다
2026-04-28 12:29:25,454 | INFO | account balance loaded from cache
2026-04-28 12:29:25,454 | INFO | market price loaded from cache
2026-04-28 12:29:25,454 | INFO | [HOLD] 005930 | 현재가 222,500원 | 기준가 224,500원 대비 돌파 기준 226,745원에 아직 도달하지 않아 관망합니다
2026-04-28 12:29:25,454 | INFO | market price loaded from cache
2026-04-28 12:29:25,454 | INFO | [HOLD] 001510 | 현재가 5,950원 | 보유 중이지만 익절 목표 6,150원과 손절 기준 5,939원 사이에 있어 유지합니다
2026-04-28 12:29:30,455 | INFO | account balance loaded from cache
2026-04-28 12:29:30,455 | INFO | market price loaded from cache
2026-04-28 12:29:30,456 | INFO | [HOLD] 005930 | 현재가 222,500원 | 기준가 224,500원 대비 돌파 기준 226,745원에 아직 도달하지 않아 관망합니다
2026-04-28 12:29:30,456 | INFO | market price loaded from cache
2026-04-28 12:29:30,456 | INFO | [HOLD] 001510 | 현재가 5,950원 | 보유 중이지만 익절 목표 6,150원과 손절 기준 5,939원 사이에 있어 유지합니다
2026-04-28 12:29:35,457 | INFO | account balance loaded from cache
2026-04-28 12:29:35,457 | INFO | market price loaded from cache
2026-04-28 12:29:35,457 | INFO | [HOLD] 005930 | 현재가 222,500원 | 기준가 224,500원 대비 돌파 기준 226,745원에 아직 도달하지 않아 관망합니다
2026-04-28 12:29:35,457 | INFO | market price loaded from cache
2026-04-28 12:29:35,457 | INFO | [HOLD] 001510 | 현재가 5,950원 | 보유 중이지만 익절 목표 6,150원과 손절 기준 5,939원 사이에 있어 유지합니다
2026-04-28 12:29:40,458 | INFO | account balance loaded from cache
2026-04-28 12:29:40,458 | INFO | market price loaded from cache
2026-04-28 12:29:40,458 | INFO | [HOLD] 005930 | 현재가 222,500원 | 기준가 224,500원 대비 돌파 기준 226,745원에 아직 도달하지 않아 관망합니다
2026-04-28 12:29:40,458 | INFO | market price loaded from cache
2026-04-28 12:29:40,458 | INFO | [HOLD] 001510 | 현재가 5,950원 | 보유 중이지만 익절 목표 6,150원과 손절 기준 5,939원 사이에 있어 유지합니다
2026-04-28 12:29:45,459 | INFO | account balance loaded from cache
2026-04-28 12:29:45,459 | INFO | market price loaded from cache
2026-04-28 12:29:45,459 | INFO | [HOLD] 005930 | 현재가 222,500원 | 기준가 224,500원 대비 돌파 기준 226,745원에 아직 도달하지 않아 관망합니다
2026-04-28 12:29:45,459 | INFO | market price loaded from cache
2026-04-28 12:29:45,459 | INFO | [HOLD] 001510 | 현재가 5,950원 | 보유 중이지만 익절 목표 6,150원과 손절 기준 5,939원 사이에 있어 유지합니다
2026-04-28 12:29:50,460 | INFO | account balance loaded from cache
2026-04-28 12:29:50,460 | INFO | market price loaded from cache
2026-04-28 12:29:50,460 | INFO | [HOLD] 005930 | 현재가 222,500원 | 기준가 224,500원 대비 돌파 기준 226,745원에 아직 도달하지 않아 관망합니다
2026-04-28 12:29:50,460 | INFO | market price loaded from cache
2026-04-28 12:29:50,461 | INFO | [HOLD] 001510 | 현재가 5,950원 | 보유 중이지만 익절 목표 6,150원과 손절 기준 5,939원 사이에 있어 유지합니다
2026-04-28 12:29:55,461 | INFO | account balance loaded from cache
2026-04-28 12:29:55,461 | INFO | market price loaded from cache
2026-04-28 12:29:55,461 | INFO | [HOLD] 005930 | 현재가 222,500원 | 기준가 224,500원 대비 돌파 기준 226,745원에 아직 도달하지 않아 관망합니다
2026-04-28 12:29:55,461 | INFO | market price loaded from cache
2026-04-28 12:29:55,462 | INFO | [HOLD] 001510 | 현재가 5,950원 | 보유 중이지만 익절 목표 6,150원과 손절 기준 5,939원 사이에 있어 유지합니다
2026-04-28 12:30:00,462 | INFO | account balance loaded from cache
2026-04-28 12:30:00,462 | INFO | market price loaded from cache
2026-04-28 12:30:00,462 | INFO | [HOLD] 005930 | 현재가 222,500원 | 기준가 224,500원 대비 돌파 기준 226,745원에 아직 도달하지 않아 관망합니다
2026-04-28 12:30:00,463 | INFO | market price loaded from cache
2026-04-28 12:30:00,463 | INFO | [HOLD] 001510 | 현재가 5,950원 | 보유 중이지만 익절 목표 6,150원과 손절 기준 5,939원 사이에 있어 유지합니다
2026-04-28 12:30:05,464 | INFO | account balance loaded from cache
2026-04-28 12:30:05,464 | INFO | market price loaded from cache
2026-04-28 12:30:05,464 | INFO | [HOLD] 005930 | 현재가 222,500원 | 기준가 224,500원 대비 돌파 기준 226,745원에 아직 도달하지 않아 관망합니다
2026-04-28 12:30:05,464 | INFO | market price loaded from cache
2026-04-28 12:30:05,464 | INFO | [HOLD] 001510 | 현재가 5,950원 | 보유 중이지만 익절 목표 6,150원과 손절 기준 5,939원 사이에 있어 유지합니다
2026-04-28 12:30:10,466 | INFO | account balance loaded from cache
2026-04-28 12:30:10,466 | INFO | market price loaded from cache
2026-04-28 12:30:10,466 | INFO | [HOLD] 005930 | 현재가 222,500원 | 기준가 224,500원 대비 돌파 기준 226,745원에 아직 도달하지 않아 관망합니다
2026-04-28 12:30:10,466 | INFO | market price loaded from cache
2026-04-28 12:30:10,466 | INFO | [HOLD] 001510 | 현재가 5,950원 | 보유 중이지만 익절 목표 6,150원과 손절 기준 5,939원 사이에 있어 유지합니다
2026-04-28 12:30:15,467 | INFO | account balance loaded from cache
2026-04-28 12:30:15,467 | INFO | market price loaded from cache
2026-04-28 12:30:15,467 | INFO | [HOLD] 005930 | 현재가 222,500원 | 기준가 224,500원 대비 돌파 기준 226,745원에 아직 도달하지 않아 관망합니다
2026-04-28 12:30:15,467 | INFO | market price loaded from cache
2026-04-28 12:30:15,468 | INFO | [HOLD] 001510 | 현재가 5,950원 | 보유 중이지만 익절 목표 6,150원과 손절 기준 5,939원 사이에 있어 유지합니다
2026-04-28 12:30:20,469 | INFO | account balance loaded from cache
2026-04-28 12:30:20,541 | INFO | market price loaded from api
2026-04-28 12:30:20,541 | INFO | [HOLD] 005930 | 현재가 222,750원 | 기준가 224,500원 대비 돌파 기준 226,745원에 아직 도달하지 않아 관망합니다
2026-04-28 12:30:20,541 | INFO | market price loaded from cache
2026-04-28 12:30:20,541 | INFO | [HOLD] 001510 | 현재가 5,950원 | 보유 중이지만 익절 목표 6,150원과 손절 기준 5,939원 사이에 있어 유지합니다
2026-04-28 12:30:25,543 | INFO | account balance loaded from cache
2026-04-28 12:30:25,543 | INFO | market price loaded from cache
2026-04-28 12:30:25,543 | INFO | [HOLD] 005930 | 현재가 222,750원 | 기준가 224,500원 대비 돌파 기준 226,745원에 아직 도달하지 않아 관망합니다
2026-04-28 12:30:25,543 | INFO | market price loaded from cache
2026-04-28 12:30:25,543 | INFO | [HOLD] 001510 | 현재가 5,950원 | 보유 중이지만 익절 목표 6,150원과 손절 기준 5,939원 사이에 있어 유지합니다
2026-04-28 12:30:30,544 | INFO | account balance loaded from cache
2026-04-28 12:30:30,544 | INFO | market price loaded from cache
2026-04-28 12:30:30,545 | INFO | [HOLD] 005930 | 현재가 222,750원 | 기준가 224,500원 대비 돌파 기준 226,745원에 아직 도달하지 않아 관망합니다
2026-04-28 12:30:30,545 | INFO | market price loaded from cache
2026-04-28 12:30:30,545 | INFO | [HOLD] 001510 | 현재가 5,950원 | 보유 중이지만 익절 목표 6,150원과 손절 기준 5,939원 사이에 있어 유지합니다
2026-04-28 12:30:35,546 | INFO | account balance loaded from cache
2026-04-28 12:30:35,546 | INFO | market price loaded from cache
2026-04-28 12:30:35,546 | INFO | [HOLD] 005930 | 현재가 222,750원 | 기준가 224,500원 대비 돌파 기준 226,745원에 아직 도달하지 않아 관망합니다
2026-04-28 12:30:35,546 | INFO | market price loaded from cache
2026-04-28 12:30:35,546 | INFO | [HOLD] 001510 | 현재가 5,950원 | 보유 중이지만 익절 목표 6,150원과 손절 기준 5,939원 사이에 있어 유지합니다
2026-04-28 12:30:40,547 | INFO | account balance loaded from cache
2026-04-28 12:30:40,547 | INFO | market price loaded from cache
2026-04-28 12:30:40,547 | INFO | [HOLD] 005930 | 현재가 222,750원 | 기준가 224,500원 대비 돌파 기준 226,745원에 아직 도달하지 않아 관망합니다
2026-04-28 12:30:40,547 | INFO | market price loaded from cache
2026-04-28 12:30:40,547 | INFO | [HOLD] 001510 | 현재가 5,950원 | 보유 중이지만 익절 목표 6,150원과 손절 기준 5,939원 사이에 있어 유지합니다
2026-04-28 12:30:45,548 | INFO | account balance loaded from cache
2026-04-28 12:30:45,548 | INFO | market price loaded from cache
2026-04-28 12:30:45,548 | INFO | [HOLD] 005930 | 현재가 222,750원 | 기준가 224,500원 대비 돌파 기준 226,745원에 아직 도달하지 않아 관망합니다
2026-04-28 12:30:45,548 | INFO | market price loaded from cache
2026-04-28 12:30:45,549 | INFO | [HOLD] 001510 | 현재가 5,950원 | 보유 중이지만 익절 목표 6,150원과 손절 기준 5,939원 사이에 있어 유지합니다
2026-04-28 12:30:50,549 | INFO | account balance loaded from cache
2026-04-28 12:30:50,549 | INFO | market price loaded from cache
2026-04-28 12:30:50,550 | INFO | [HOLD] 005930 | 현재가 222,750원 | 기준가 224,500원 대비 돌파 기준 226,745원에 아직 도달하지 않아 관망합니다
2026-04-28 12:30:50,550 | INFO | market price loaded from cache
2026-04-28 12:30:50,550 | INFO | [HOLD] 001510 | 현재가 5,950원 | 보유 중이지만 익절 목표 6,150원과 손절 기준 5,939원 사이에 있어 유지합니다
2026-04-28 12:30:55,551 | INFO | account balance loaded from cache
2026-04-28 12:30:55,551 | INFO | market price loaded from cache
2026-04-28 12:30:55,552 | INFO | [HOLD] 005930 | 현재가 222,750원 | 기준가 224,500원 대비 돌파 기준 226,745원에 아직 도달하지 않아 관망합니다
2026-04-28 12:30:55,552 | INFO | market price loaded from cache
2026-04-28 12:30:55,552 | INFO | [HOLD] 001510 | 현재가 5,950원 | 보유 중이지만 익절 목표 6,150원과 손절 기준 5,939원 사이에 있어 유지합니다
2026-04-28 12:31:00,554 | INFO | account balance loaded from cache
2026-04-28 12:31:00,554 | INFO | market price loaded from cache
2026-04-28 12:31:00,554 | INFO | [HOLD] 005930 | 현재가 222,750원 | 기준가 224,500원 대비 돌파 기준 226,745원에 아직 도달하지 않아 관망합니다
2026-04-28 12:31:00,554 | INFO | market price loaded from cache
2026-04-28 12:31:00,554 | INFO | [HOLD] 001510 | 현재가 5,950원 | 보유 중이지만 익절 목표 6,150원과 손절 기준 5,939원 사이에 있어 유지합니다
2026-04-28 12:31:05,555 | INFO | account balance loaded from cache
2026-04-28 12:31:05,555 | INFO | market price loaded from cache
2026-04-28 12:31:05,555 | INFO | [HOLD] 005930 | 현재가 222,750원 | 기준가 224,500원 대비 돌파 기준 226,745원에 아직 도달하지 않아 관망합니다
2026-04-28 12:31:05,556 | INFO | market price loaded from cache
2026-04-28 12:31:05,556 | INFO | [HOLD] 001510 | 현재가 5,950원 | 보유 중이지만 익절 목표 6,150원과 손절 기준 5,939원 사이에 있어 유지합니다
2026-04-28 12:31:10,556 | INFO | account balance loaded from cache
2026-04-28 12:31:10,556 | INFO | market price loaded from cache
2026-04-28 12:31:10,557 | INFO | [HOLD] 005930 | 현재가 222,750원 | 기준가 224,500원 대비 돌파 기준 226,745원에 아직 도달하지 않아 관망합니다
2026-04-28 12:31:10,557 | INFO | market price loaded from cache
2026-04-28 12:31:10,557 | INFO | [HOLD] 001510 | 현재가 5,950원 | 보유 중이지만 익절 목표 6,150원과 손절 기준 5,939원 사이에 있어 유지합니다
2026-04-28 12:31:15,558 | INFO | account balance loaded from cache
2026-04-28 12:31:15,558 | INFO | market price loaded from cache
2026-04-28 12:31:15,558 | INFO | [HOLD] 005930 | 현재가 222,750원 | 기준가 224,500원 대비 돌파 기준 226,745원에 아직 도달하지 않아 관망합니다
2026-04-28 12:31:15,558 | INFO | market price loaded from cache
2026-04-28 12:31:15,558 | INFO | [HOLD] 001510 | 현재가 5,950원 | 보유 중이지만 익절 목표 6,150원과 손절 기준 5,939원 사이에 있어 유지합니다
2026-04-28 12:31:20,636 | INFO | account balance loaded from api
2026-04-28 12:31:20,636 | INFO | market price loaded from cache
2026-04-28 12:31:20,636 | INFO | [HOLD] 005930 | 현재가 222,750원 | 기준가 224,500원 대비 돌파 기준 226,745원에 아직 도달하지 않아 관망합니다
2026-04-28 12:31:20,636 | INFO | market price loaded from cache
2026-04-28 12:31:20,636 | INFO | [HOLD] 001510 | 현재가 5,950원 | 보유 중이지만 익절 목표 6,150원과 손절 기준 5,939원 사이에 있어 유지합니다
2026-04-28 12:31:25,637 | INFO | account balance loaded from cache
2026-04-28 12:31:25,637 | INFO | market price loaded from cache
2026-04-28 12:31:25,637 | INFO | [HOLD] 005930 | 현재가 222,750원 | 기준가 224,500원 대비 돌파 기준 226,745원에 아직 도달하지 않아 관망합니다
2026-04-28 12:31:25,637 | INFO | market price loaded from cache
2026-04-28 12:31:25,637 | INFO | [HOLD] 001510 | 현재가 5,950원 | 보유 중이지만 익절 목표 6,150원과 손절 기준 5,939원 사이에 있어 유지합니다
2026-04-28 12:31:30,639 | INFO | account balance loaded from cache
2026-04-28 12:31:30,639 | INFO | market price loaded from cache
2026-04-28 12:31:30,639 | INFO | [HOLD] 005930 | 현재가 222,750원 | 기준가 224,500원 대비 돌파 기준 226,745원에 아직 도달하지 않아 관망합니다
2026-04-28 12:31:30,639 | INFO | market price loaded from cache
2026-04-28 12:31:30,639 | INFO | [HOLD] 001510 | 현재가 5,950원 | 보유 중이지만 익절 목표 6,150원과 손절 기준 5,939원 사이에 있어 유지합니다
2026-04-28 12:31:35,640 | INFO | account balance loaded from cache
2026-04-28 12:31:35,640 | INFO | market price loaded from cache
2026-04-28 12:31:35,640 | INFO | [HOLD] 005930 | 현재가 222,750원 | 기준가 224,500원 대비 돌파 기준 226,745원에 아직 도달하지 않아 관망합니다
2026-04-28 12:31:35,640 | INFO | market price loaded from cache
2026-04-28 12:31:35,640 | INFO | [HOLD] 001510 | 현재가 5,950원 | 보유 중이지만 익절 목표 6,150원과 손절 기준 5,939원 사이에 있어 유지합니다
2026-04-28 12:31:40,642 | INFO | account balance loaded from cache
2026-04-28 12:31:40,642 | INFO | market price loaded from cache
2026-04-28 12:31:40,642 | INFO | [HOLD] 005930 | 현재가 222,750원 | 기준가 224,500원 대비 돌파 기준 226,745원에 아직 도달하지 않아 관망합니다
2026-04-28 12:31:40,642 | INFO | market price loaded from cache
2026-04-28 12:31:40,642 | INFO | [HOLD] 001510 | 현재가 5,950원 | 보유 중이지만 익절 목표 6,150원과 손절 기준 5,939원 사이에 있어 유지합니다
2026-04-28 12:31:45,643 | INFO | account balance loaded from cache
2026-04-28 12:31:45,643 | INFO | market price loaded from cache
2026-04-28 12:31:45,643 | INFO | [HOLD] 005930 | 현재가 222,750원 | 기준가 224,500원 대비 돌파 기준 226,745원에 아직 도달하지 않아 관망합니다
2026-04-28 12:31:45,643 | INFO | market price loaded from cache
2026-04-28 12:31:45,643 | INFO | [HOLD] 001510 | 현재가 5,950원 | 보유 중이지만 익절 목표 6,150원과 손절 기준 5,939원 사이에 있어 유지합니다
2026-04-28 12:31:50,644 | INFO | account balance loaded from cache
2026-04-28 12:31:50,644 | INFO | market price loaded from cache
2026-04-28 12:31:50,644 | INFO | [HOLD] 005930 | 현재가 222,750원 | 기준가 224,500원 대비 돌파 기준 226,745원에 아직 도달하지 않아 관망합니다
2026-04-28 12:31:50,645 | INFO | market price loaded from cache
2026-04-28 12:31:50,645 | INFO | [HOLD] 001510 | 현재가 5,950원 | 보유 중이지만 익절 목표 6,150원과 손절 기준 5,939원 사이에 있어 유지합니다
2026-04-28 12:31:55,646 | INFO | account balance loaded from cache
2026-04-28 12:31:55,646 | INFO | market price loaded from cache
2026-04-28 12:31:55,646 | INFO | [HOLD] 005930 | 현재가 222,750원 | 기준가 224,500원 대비 돌파 기준 226,745원에 아직 도달하지 않아 관망합니다
2026-04-28 12:31:55,646 | INFO | market price loaded from cache
2026-04-28 12:31:55,646 | INFO | [HOLD] 001510 | 현재가 5,950원 | 보유 중이지만 익절 목표 6,150원과 손절 기준 5,939원 사이에 있어 유지합니다
2026-04-28 12:32:00,647 | INFO | account balance loaded from cache
2026-04-28 12:32:00,647 | INFO | market price loaded from cache
2026-04-28 12:32:00,647 | INFO | [HOLD] 005930 | 현재가 222,750원 | 기준가 224,500원 대비 돌파 기준 226,745원에 아직 도달하지 않아 관망합니다
2026-04-28 12:32:00,647 | INFO | market price loaded from cache
2026-04-28 12:32:00,647 | INFO | [HOLD] 001510 | 현재가 5,950원 | 보유 중이지만 익절 목표 6,150원과 손절 기준 5,939원 사이에 있어 유지합니다
2026-04-28 12:32:05,648 | INFO | account balance loaded from cache
2026-04-28 12:32:05,648 | INFO | market price loaded from cache
2026-04-28 12:32:05,648 | INFO | [HOLD] 005930 | 현재가 222,750원 | 기준가 224,500원 대비 돌파 기준 226,745원에 아직 도달하지 않아 관망합니다
2026-04-28 12:32:05,648 | INFO | market price loaded from cache
2026-04-28 12:32:05,648 | INFO | [HOLD] 001510 | 현재가 5,950원 | 보유 중이지만 익절 목표 6,150원과 손절 기준 5,939원 사이에 있어 유지합니다
2026-04-28 12:32:10,649 | INFO | account balance loaded from cache
2026-04-28 12:32:10,649 | INFO | market price loaded from cache
2026-04-28 12:32:10,649 | INFO | [HOLD] 005930 | 현재가 222,750원 | 기준가 224,500원 대비 돌파 기준 226,745원에 아직 도달하지 않아 관망합니다
2026-04-28 12:32:10,650 | INFO | market price loaded from cache
2026-04-28 12:32:10,650 | INFO | [HOLD] 001510 | 현재가 5,950원 | 보유 중이지만 익절 목표 6,150원과 손절 기준 5,939원 사이에 있어 유지합니다
2026-04-28 12:32:15,651 | INFO | account balance loaded from cache
2026-04-28 12:32:15,651 | INFO | market price loaded from cache
2026-04-28 12:32:15,651 | INFO | [HOLD] 005930 | 현재가 222,750원 | 기준가 224,500원 대비 돌파 기준 226,745원에 아직 도달하지 않아 관망합니다
2026-04-28 12:32:15,652 | INFO | market price loaded from cache
2026-04-28 12:32:15,652 | INFO | [HOLD] 001510 | 현재가 5,950원 | 보유 중이지만 익절 목표 6,150원과 손절 기준 5,939원 사이에 있어 유지합니다
2026-04-28 12:32:20,653 | INFO | account balance loaded from cache
2026-04-28 12:32:20,653 | INFO | market price loaded from cache
2026-04-28 12:32:20,653 | INFO | [HOLD] 005930 | 현재가 222,750원 | 기준가 224,500원 대비 돌파 기준 226,745원에 아직 도달하지 않아 관망합니다
2026-04-28 12:32:20,653 | INFO | market price loaded from cache
2026-04-28 12:32:20,653 | INFO | [HOLD] 001510 | 현재가 5,950원 | 보유 중이지만 익절 목표 6,150원과 손절 기준 5,939원 사이에 있어 유지합니다
2026-04-28 12:32:25,654 | INFO | account balance loaded from cache
2026-04-28 12:32:25,654 | INFO | market price loaded from cache
2026-04-28 12:32:25,654 | INFO | [HOLD] 005930 | 현재가 222,750원 | 기준가 224,500원 대비 돌파 기준 226,745원에 아직 도달하지 않아 관망합니다
2026-04-28 12:32:25,654 | INFO | market price loaded from cache
2026-04-28 12:32:25,654 | INFO | [HOLD] 001510 | 현재가 5,950원 | 보유 중이지만 익절 목표 6,150원과 손절 기준 5,939원 사이에 있어 유지합니다
2026-04-28 12:32:30,655 | INFO | account balance loaded from cache
2026-04-28 12:32:30,655 | INFO | market price loaded from cache
2026-04-28 12:32:30,655 | INFO | [HOLD] 005930 | 현재가 222,750원 | 기준가 224,500원 대비 돌파 기준 226,745원에 아직 도달하지 않아 관망합니다
2026-04-28 12:32:30,655 | INFO | market price loaded from cache
2026-04-28 12:32:30,655 | INFO | [HOLD] 001510 | 현재가 5,950원 | 보유 중이지만 익절 목표 6,150원과 손절 기준 5,939원 사이에 있어 유지합니다
2026-04-28 12:32:35,657 | INFO | account balance loaded from cache
2026-04-28 12:32:35,657 | INFO | market price loaded from cache
2026-04-28 12:32:35,658 | INFO | [HOLD] 005930 | 현재가 222,750원 | 기준가 224,500원 대비 돌파 기준 226,745원에 아직 도달하지 않아 관망합니다
2026-04-28 12:32:35,658 | INFO | market price loaded from cache
2026-04-28 12:32:35,658 | INFO | [HOLD] 001510 | 현재가 5,950원 | 보유 중이지만 익절 목표 6,150원과 손절 기준 5,939원 사이에 있어 유지합니다
2026-04-28 12:32:40,661 | INFO | account balance loaded from cache
2026-04-28 12:32:40,661 | INFO | market price loaded from cache
2026-04-28 12:32:40,661 | INFO | [HOLD] 005930 | 현재가 222,750원 | 기준가 224,500원 대비 돌파 기준 226,745원에 아직 도달하지 않아 관망합니다
2026-04-28 12:32:40,661 | INFO | market price loaded from cache
2026-04-28 12:32:40,661 | INFO | [HOLD] 001510 | 현재가 5,950원 | 보유 중이지만 익절 목표 6,150원과 손절 기준 5,939원 사이에 있어 유지합니다
2026-04-28 12:32:45,663 | INFO | account balance loaded from cache
2026-04-28 12:32:45,663 | INFO | market price loaded from cache
2026-04-28 12:32:45,663 | INFO | [HOLD] 005930 | 현재가 222,750원 | 기준가 224,500원 대비 돌파 기준 226,745원에 아직 도달하지 않아 관망합니다
2026-04-28 12:32:45,663 | INFO | market price loaded from cache
2026-04-28 12:32:45,663 | INFO | [HOLD] 001510 | 현재가 5,950원 | 보유 중이지만 익절 목표 6,150원과 손절 기준 5,939원 사이에 있어 유지합니다
2026-04-28 12:32:50,665 | INFO | account balance loaded from cache
2026-04-28 12:32:50,666 | INFO | market price loaded from cache
2026-04-28 12:32:50,666 | INFO | [HOLD] 005930 | 현재가 222,750원 | 기준가 224,500원 대비 돌파 기준 226,745원에 아직 도달하지 않아 관망합니다
2026-04-28 12:32:50,666 | INFO | market price loaded from cache
2026-04-28 12:32:50,666 | INFO | [HOLD] 001510 | 현재가 5,950원 | 보유 중이지만 익절 목표 6,150원과 손절 기준 5,939원 사이에 있어 유지합니다
2026-04-28 12:32:55,667 | INFO | account balance loaded from cache
2026-04-28 12:32:55,667 | INFO | market price loaded from cache
2026-04-28 12:32:55,668 | INFO | [HOLD] 005930 | 현재가 222,750원 | 기준가 224,500원 대비 돌파 기준 226,745원에 아직 도달하지 않아 관망합니다
2026-04-28 12:32:55,668 | INFO | market price loaded from cache
2026-04-28 12:32:55,668 | INFO | [HOLD] 001510 | 현재가 5,950원 | 보유 중이지만 익절 목표 6,150원과 손절 기준 5,939원 사이에 있어 유지합니다
2026-04-28 12:33:00,668 | INFO | account balance loaded from cache
2026-04-28 12:33:00,668 | INFO | market price loaded from cache
2026-04-28 12:33:00,669 | INFO | [HOLD] 005930 | 현재가 222,750원 | 기준가 224,500원 대비 돌파 기준 226,745원에 아직 도달하지 않아 관망합니다
2026-04-28 12:33:00,669 | INFO | market price loaded from cache
2026-04-28 12:33:00,669 | INFO | [HOLD] 001510 | 현재가 5,950원 | 보유 중이지만 익절 목표 6,150원과 손절 기준 5,939원 사이에 있어 유지합니다
2026-04-28 12:33:05,670 | INFO | account balance loaded from cache
2026-04-28 12:33:05,670 | INFO | market price loaded from cache
2026-04-28 12:33:05,670 | INFO | [HOLD] 005930 | 현재가 222,750원 | 기준가 224,500원 대비 돌파 기준 226,745원에 아직 도달하지 않아 관망합니다
2026-04-28 12:33:05,670 | INFO | market price loaded from cache
2026-04-28 12:33:05,670 | INFO | [HOLD] 001510 | 현재가 5,950원 | 보유 중이지만 익절 목표 6,150원과 손절 기준 5,939원 사이에 있어 유지합니다
2026-04-28 12:33:10,671 | INFO | account balance loaded from cache
2026-04-28 12:33:10,671 | INFO | market price loaded from cache
2026-04-28 12:33:10,671 | INFO | [HOLD] 005930 | 현재가 222,750원 | 기준가 224,500원 대비 돌파 기준 226,745원에 아직 도달하지 않아 관망합니다
2026-04-28 12:33:10,671 | INFO | market price loaded from cache
2026-04-28 12:33:10,671 | INFO | [HOLD] 001510 | 현재가 5,950원 | 보유 중이지만 익절 목표 6,150원과 손절 기준 5,939원 사이에 있어 유지합니다
2026-04-28 12:33:15,673 | INFO | account balance loaded from cache
2026-04-28 12:33:15,673 | INFO | market price loaded from cache
2026-04-28 12:33:15,673 | INFO | [HOLD] 005930 | 현재가 222,750원 | 기준가 224,500원 대비 돌파 기준 226,745원에 아직 도달하지 않아 관망합니다
2026-04-28 12:33:15,673 | INFO | market price loaded from cache
2026-04-28 12:33:15,673 | INFO | [HOLD] 001510 | 현재가 5,950원 | 보유 중이지만 익절 목표 6,150원과 손절 기준 5,939원 사이에 있어 유지합니다
2026-04-28 12:33:20,674 | INFO | account balance loaded from cache
2026-04-28 12:33:20,674 | INFO | market price loaded from cache
2026-04-28 12:33:20,674 | INFO | [HOLD] 005930 | 현재가 222,750원 | 기준가 224,500원 대비 돌파 기준 226,745원에 아직 도달하지 않아 관망합니다
2026-04-28 12:33:20,726 | INFO | market price loaded from api
2026-04-28 12:33:20,726 | INFO | [SELL] 001510 | 현재가 5,930원 | 평균단가 6,030원 대비 손절 기준 5,939원 아래로 내려왔습니다
2026-04-28 12:33:20,739 | INFO | [ORDER] 001510 | 매도 주문 접수 완료 | 수량 33주 | 주문번호 0119602
2026-04-28 12:33:25,772 | INFO | account balance loaded from api
2026-04-28 12:33:25,772 | INFO | market price loaded from cache
2026-04-28 12:33:25,772 | INFO | [HOLD] 005930 | 현재가 222,750원 | 기준가 224,500원 대비 돌파 기준 226,745원에 아직 도달하지 않아 관망합니다
2026-04-28 12:33:25,772 | INFO | market price loaded from cache
2026-04-28 12:33:25,772 | INFO | [BUY ] 001510 | 현재가 5,930원 | 기준가 4,845원 대비 1.0% 돌파 조건을 충족했습니다
2026-04-28 12:33:25,803 | INFO | [ORDER] 001510 | 매수 주문 접수 완료 | 수량 33주 | 주문번호 0119624
2026-04-28 12:33:30,884 | INFO | account balance loaded from api
2026-04-28 12:33:30,885 | INFO | market price loaded from cache
2026-04-28 12:33:30,885 | INFO | [HOLD] 005930 | 현재가 222,750원 | 기준가 224,500원 대비 돌파 기준 226,745원에 아직 도달하지 않아 관망합니다
2026-04-28 12:33:30,885 | INFO | market price loaded from cache
2026-04-28 12:33:30,885 | INFO | [HOLD] 001510 | 현재가 5,930원 | 보유 중이지만 익절 목표 6,048원과 손절 기준 5,841원 사이에 있어 유지합니다
2026-04-28 12:33:35,886 | INFO | account balance loaded from cache
2026-04-28 12:33:35,886 | INFO | market price loaded from cache
2026-04-28 12:33:35,887 | INFO | [HOLD] 005930 | 현재가 222,750원 | 기준가 224,500원 대비 돌파 기준 226,745원에 아직 도달하지 않아 관망합니다
2026-04-28 12:33:35,887 | INFO | market price loaded from cache
2026-04-28 12:33:35,887 | INFO | [HOLD] 001510 | 현재가 5,930원 | 보유 중이지만 익절 목표 6,048원과 손절 기준 5,841원 사이에 있어 유지합니다
2026-04-28 12:33:40,890 | INFO | account balance loaded from cache
2026-04-28 12:33:40,890 | INFO | market price loaded from cache
2026-04-28 12:33:40,890 | INFO | [HOLD] 005930 | 현재가 222,750원 | 기준가 224,500원 대비 돌파 기준 226,745원에 아직 도달하지 않아 관망합니다
2026-04-28 12:33:40,890 | INFO | market price loaded from cache
2026-04-28 12:33:40,890 | INFO | [HOLD] 001510 | 현재가 5,930원 | 보유 중이지만 익절 목표 6,048원과 손절 기준 5,841원 사이에 있어 유지합니다
2026-04-28 12:33:45,892 | INFO | account balance loaded from cache
2026-04-28 12:33:45,892 | INFO | market price loaded from cache
2026-04-28 12:33:45,892 | INFO | [HOLD] 005930 | 현재가 222,750원 | 기준가 224,500원 대비 돌파 기준 226,745원에 아직 도달하지 않아 관망합니다
2026-04-28 12:33:45,892 | INFO | market price loaded from cache
2026-04-28 12:33:45,892 | INFO | [HOLD] 001510 | 현재가 5,930원 | 보유 중이지만 익절 목표 6,048원과 손절 기준 5,841원 사이에 있어 유지합니다
2026-04-28 12:33:50,893 | INFO | account balance loaded from cache
2026-04-28 12:33:50,893 | INFO | market price loaded from cache
2026-04-28 12:33:50,893 | INFO | [HOLD] 005930 | 현재가 222,750원 | 기준가 224,500원 대비 돌파 기준 226,745원에 아직 도달하지 않아 관망합니다
2026-04-28 12:33:50,893 | INFO | market price loaded from cache
2026-04-28 12:33:50,893 | INFO | [HOLD] 001510 | 현재가 5,930원 | 보유 중이지만 익절 목표 6,048원과 손절 기준 5,841원 사이에 있어 유지합니다
2026-04-28 12:33:55,895 | INFO | account balance loaded from cache
2026-04-28 12:33:55,895 | INFO | market price loaded from cache
2026-04-28 12:33:55,895 | INFO | [HOLD] 005930 | 현재가 222,750원 | 기준가 224,500원 대비 돌파 기준 226,745원에 아직 도달하지 않아 관망합니다
2026-04-28 12:33:55,895 | INFO | market price loaded from cache
2026-04-28 12:33:55,895 | INFO | [HOLD] 001510 | 현재가 5,930원 | 보유 중이지만 익절 목표 6,048원과 손절 기준 5,841원 사이에 있어 유지합니다
2026-04-28 12:34:00,896 | INFO | account balance loaded from cache
2026-04-28 12:34:00,896 | INFO | market price loaded from cache
2026-04-28 12:34:00,896 | INFO | [HOLD] 005930 | 현재가 222,750원 | 기준가 224,500원 대비 돌파 기준 226,745원에 아직 도달하지 않아 관망합니다
2026-04-28 12:34:00,896 | INFO | market price loaded from cache
2026-04-28 12:34:00,896 | INFO | [HOLD] 001510 | 현재가 5,930원 | 보유 중이지만 익절 목표 6,048원과 손절 기준 5,841원 사이에 있어 유지합니다
2026-04-28 12:34:05,898 | INFO | account balance loaded from cache
2026-04-28 12:34:05,898 | INFO | market price loaded from cache
2026-04-28 12:34:05,898 | INFO | [HOLD] 005930 | 현재가 222,750원 | 기준가 224,500원 대비 돌파 기준 226,745원에 아직 도달하지 않아 관망합니다
2026-04-28 12:34:05,898 | INFO | market price loaded from cache
2026-04-28 12:34:05,898 | INFO | [HOLD] 001510 | 현재가 5,930원 | 보유 중이지만 익절 목표 6,048원과 손절 기준 5,841원 사이에 있어 유지합니다
2026-04-28 12:34:10,899 | INFO | account balance loaded from cache
2026-04-28 12:34:10,899 | INFO | market price loaded from cache
2026-04-28 12:34:10,899 | INFO | [HOLD] 005930 | 현재가 222,750원 | 기준가 224,500원 대비 돌파 기준 226,745원에 아직 도달하지 않아 관망합니다
2026-04-28 12:34:10,899 | INFO | market price loaded from cache
2026-04-28 12:34:10,899 | INFO | [HOLD] 001510 | 현재가 5,930원 | 보유 중이지만 익절 목표 6,048원과 손절 기준 5,841원 사이에 있어 유지합니다
2026-04-28 12:34:15,900 | INFO | account balance loaded from cache
2026-04-28 12:34:15,901 | INFO | market price loaded from cache
2026-04-28 12:34:15,901 | INFO | [HOLD] 005930 | 현재가 222,750원 | 기준가 224,500원 대비 돌파 기준 226,745원에 아직 도달하지 않아 관망합니다
2026-04-28 12:34:15,901 | INFO | market price loaded from cache
2026-04-28 12:34:15,901 | INFO | [HOLD] 001510 | 현재가 5,930원 | 보유 중이지만 익절 목표 6,048원과 손절 기준 5,841원 사이에 있어 유지합니다
2026-04-28 12:34:20,904 | INFO | account balance loaded from cache
2026-04-28 12:34:20,904 | INFO | market price loaded from cache
2026-04-28 12:34:20,904 | INFO | [HOLD] 005930 | 현재가 222,750원 | 기준가 224,500원 대비 돌파 기준 226,745원에 아직 도달하지 않아 관망합니다
2026-04-28 12:34:20,905 | INFO | market price loaded from cache
2026-04-28 12:34:20,905 | INFO | [HOLD] 001510 | 현재가 5,930원 | 보유 중이지만 익절 목표 6,048원과 손절 기준 5,841원 사이에 있어 유지합니다
2026-04-28 12:34:25,905 | INFO | account balance loaded from cache
2026-04-28 12:34:25,905 | INFO | market price loaded from cache
2026-04-28 12:34:25,905 | INFO | [HOLD] 005930 | 현재가 222,750원 | 기준가 224,500원 대비 돌파 기준 226,745원에 아직 도달하지 않아 관망합니다
2026-04-28 12:34:25,905 | INFO | market price loaded from cache
2026-04-28 12:34:25,905 | INFO | [HOLD] 001510 | 현재가 5,930원 | 보유 중이지만 익절 목표 6,048원과 손절 기준 5,841원 사이에 있어 유지합니다
2026-04-28 12:34:30,906 | INFO | account balance loaded from cache
2026-04-28 12:34:30,907 | INFO | market price loaded from cache
2026-04-28 12:34:30,907 | INFO | [HOLD] 005930 | 현재가 222,750원 | 기준가 224,500원 대비 돌파 기준 226,745원에 아직 도달하지 않아 관망합니다
2026-04-28 12:34:30,907 | INFO | market price loaded from cache
2026-04-28 12:34:30,907 | INFO | [HOLD] 001510 | 현재가 5,930원 | 보유 중이지만 익절 목표 6,048원과 손절 기준 5,841원 사이에 있어 유지합니다
2026-04-28 12:34:35,910 | INFO | account balance loaded from cache
2026-04-28 12:34:35,910 | INFO | market price loaded from cache
2026-04-28 12:34:35,910 | INFO | [HOLD] 005930 | 현재가 222,750원 | 기준가 224,500원 대비 돌파 기준 226,745원에 아직 도달하지 않아 관망합니다
2026-04-28 12:34:35,910 | INFO | market price loaded from cache
2026-04-28 12:34:35,910 | INFO | [HOLD] 001510 | 현재가 5,930원 | 보유 중이지만 익절 목표 6,048원과 손절 기준 5,841원 사이에 있어 유지합니다
2026-04-28 12:34:40,911 | INFO | account balance loaded from cache
2026-04-28 12:34:40,911 | INFO | market price loaded from cache
2026-04-28 12:34:40,911 | INFO | [HOLD] 005930 | 현재가 222,750원 | 기준가 224,500원 대비 돌파 기준 226,745원에 아직 도달하지 않아 관망합니다
2026-04-28 12:34:40,911 | INFO | market price loaded from cache
2026-04-28 12:34:40,911 | INFO | [HOLD] 001510 | 현재가 5,930원 | 보유 중이지만 익절 목표 6,048원과 손절 기준 5,841원 사이에 있어 유지합니다
2026-04-28 12:34:45,912 | INFO | account balance loaded from cache
2026-04-28 12:34:45,912 | INFO | market price loaded from cache
2026-04-28 12:34:45,912 | INFO | [HOLD] 005930 | 현재가 222,750원 | 기준가 224,500원 대비 돌파 기준 226,745원에 아직 도달하지 않아 관망합니다
2026-04-28 12:34:45,912 | INFO | market price loaded from cache
2026-04-28 12:34:45,912 | INFO | [HOLD] 001510 | 현재가 5,930원 | 보유 중이지만 익절 목표 6,048원과 손절 기준 5,841원 사이에 있어 유지합니다
2026-04-28 12:34:48,113 | INFO | application stopped by user
2026-04-28 12:37:14,984 | INFO | application started
2026-04-28 12:37:15,113 | INFO | account balance loaded from api
2026-04-28 12:37:15,123 | INFO | market price loaded from api
2026-04-28 12:37:15,123 | INFO | [HOLD] 005930 | 현재가 223,000원 | 기준가 224,500원 대비 돌파 기준 226,745원에 아직 도달하지 않아 관망합니다
2026-04-28 12:37:15,132 | ERROR | unexpected error: kiwoom request failed: api_id=ka10001, http=429, body={'return_msg': '허용된 요청 개수를 초과하였습니다[1700:허용된 요청 개수를 초과하였습니다. API ID=ka10001]', 'return_code': 5}
Traceback (most recent call last):
  File "C:\Users\winn\Desktop\kiwoom-auto-trader-ver1\app\main.py", line 107, in main
    trading_service.run_once()
    ~~~~~~~~~~~~~~~~~~~~~~~~^^
  File "C:\Users\winn\Desktop\kiwoom-auto-trader-ver1\domain\service\trading_service.py", line 172, in run_once
    market_price = self._get_market_price_with_cache(symbol)
  File "C:\Users\winn\Desktop\kiwoom-auto-trader-ver1\domain\service\trading_service.py", line 104, in _get_market_price_with_cache
    market_price = self.broker.get_market_price(symbol)
  File "C:\Users\winn\Desktop\kiwoom-auto-trader-ver1\infra\broker\kiwoom_broker.py", line 126, in get_market_price
    api_response = self._post(
        endpoint="/api/dostk/stkinfo",
        api_id="ka10001",
        payload={"stk_cd": symbol},
    )
  File "C:\Users\winn\Desktop\kiwoom-auto-trader-ver1\infra\broker\kiwoom_broker.py", line 287, in _post
    raise RuntimeError(
        f"kiwoom request failed: api_id={api_id}, http={api_response.status_code}, body={api_response.body}"
    )
RuntimeError: kiwoom request failed: api_id=ka10001, http=429, body={'return_msg': '허용된 요청 개수를 초과하였습니다[1700:허용된 요청 개수를 초과하였습니다. API ID=ka10001]', 'return_code': 5}
2026-04-28 12:37:15,135 | WARNING | rate limit detected, backing off for 180 seconds
2026-04-28 12:40:15,253 | INFO | account balance loaded from api
2026-04-28 12:40:15,253 | INFO | market price loaded from cache
2026-04-28 12:40:15,253 | INFO | [HOLD] 005930 | 현재가 223,000원 | 기준가 224,500원 대비 돌파 기준 226,745원에 아직 도달하지 않아 관망합니다
2026-04-28 12:40:15,261 | INFO | market price loaded from api
2026-04-28 12:40:15,261 | INFO | [HOLD] 001510 | 현재가 5,970원 | 보유 중이지만 익절 목표 6,048원과 손절 기준 5,841원 사이에 있어 유지합니다
2026-04-28 12:40:20,263 | INFO | account balance loaded from cache
2026-04-28 12:40:20,263 | INFO | market price loaded from cache
2026-04-28 12:40:20,263 | INFO | market price loaded from cache
2026-04-28 12:40:25,264 | INFO | account balance loaded from cache
2026-04-28 12:40:25,264 | INFO | market price loaded from cache
2026-04-28 12:40:25,264 | INFO | market price loaded from cache
2026-04-28 12:40:30,265 | INFO | account balance loaded from cache
2026-04-28 12:40:30,265 | INFO | market price loaded from cache
2026-04-28 12:40:30,265 | INFO | market price loaded from cache
2026-04-28 12:40:35,266 | INFO | account balance loaded from cache
2026-04-28 12:40:35,266 | INFO | market price loaded from cache
2026-04-28 12:40:35,266 | INFO | market price loaded from cache
2026-04-28 12:40:40,267 | INFO | account balance loaded from cache
2026-04-28 12:40:40,267 | INFO | market price loaded from cache
2026-04-28 12:40:40,267 | INFO | market price loaded from cache
2026-04-28 12:40:45,268 | INFO | account balance loaded from cache
2026-04-28 12:40:45,268 | INFO | market price loaded from cache
2026-04-28 12:40:45,268 | INFO | [HOLD] 005930 | 현재가 223,000원 | 기준가 224,500원 대비 돌파 기준 226,745원에 아직 도달하지 않아 관망합니다
2026-04-28 12:40:45,268 | INFO | market price loaded from cache
2026-04-28 12:40:45,268 | INFO | [HOLD] 001510 | 현재가 5,970원 | 보유 중이지만 익절 목표 6,048원과 손절 기준 5,841원 사이에 있어 유지합니다
2026-04-28 12:40:50,269 | INFO | account balance loaded from cache
2026-04-28 12:40:50,269 | INFO | market price loaded from cache
2026-04-28 12:40:50,269 | INFO | market price loaded from cache
2026-04-28 12:40:55,270 | INFO | account balance loaded from cache
2026-04-28 12:40:55,270 | INFO | market price loaded from cache
2026-04-28 12:40:55,270 | INFO | market price loaded from cache
2026-04-28 12:41:00,271 | INFO | account balance loaded from cache
2026-04-28 12:41:00,271 | INFO | market price loaded from cache
2026-04-28 12:41:00,271 | INFO | market price loaded from cache
2026-04-28 12:41:05,272 | INFO | account balance loaded from cache
2026-04-28 12:41:05,272 | INFO | market price loaded from cache
2026-04-28 12:41:05,273 | INFO | market price loaded from cache
2026-04-28 12:41:10,274 | INFO | account balance loaded from cache
2026-04-28 12:41:10,275 | INFO | market price loaded from cache
2026-04-28 12:41:10,275 | INFO | market price loaded from cache
2026-04-28 12:41:15,277 | INFO | account balance loaded from cache
2026-04-28 12:41:15,277 | INFO | market price loaded from cache
2026-04-28 12:41:15,277 | INFO | [HOLD] 005930 | 현재가 223,000원 | 기준가 224,500원 대비 돌파 기준 226,745원에 아직 도달하지 않아 관망합니다
2026-04-28 12:41:15,277 | INFO | market price loaded from cache
2026-04-28 12:41:15,277 | INFO | [HOLD] 001510 | 현재가 5,970원 | 보유 중이지만 익절 목표 6,048원과 손절 기준 5,841원 사이에 있어 유지합니다
2026-04-28 12:41:20,278 | INFO | account balance loaded from cache
2026-04-28 12:41:20,278 | INFO | market price loaded from cache
2026-04-28 12:41:20,278 | INFO | market price loaded from cache
2026-04-28 12:41:25,279 | INFO | account balance loaded from cache
2026-04-28 12:41:25,279 | INFO | market price loaded from cache
2026-04-28 12:41:25,280 | INFO | market price loaded from cache
2026-04-28 12:41:30,280 | INFO | account balance loaded from cache
2026-04-28 12:41:30,280 | INFO | market price loaded from cache
2026-04-28 12:41:30,281 | INFO | market price loaded from cache
2026-04-28 12:41:35,282 | INFO | account balance loaded from cache
2026-04-28 12:41:35,282 | INFO | market price loaded from cache
2026-04-28 12:41:35,282 | INFO | market price loaded from cache
2026-04-28 12:41:40,283 | INFO | account balance loaded from cache
2026-04-28 12:41:40,283 | INFO | market price loaded from cache
2026-04-28 12:41:40,283 | INFO | market price loaded from cache
2026-04-28 12:41:45,284 | INFO | account balance loaded from cache
2026-04-28 12:41:45,284 | INFO | market price loaded from cache
2026-04-28 12:41:45,284 | INFO | [HOLD] 005930 | 현재가 223,000원 | 기준가 224,500원 대비 돌파 기준 226,745원에 아직 도달하지 않아 관망합니다
2026-04-28 12:41:45,284 | INFO | market price loaded from cache
2026-04-28 12:41:45,284 | INFO | [HOLD] 001510 | 현재가 5,970원 | 보유 중이지만 익절 목표 6,048원과 손절 기준 5,841원 사이에 있어 유지합니다
2026-04-28 12:41:50,285 | INFO | account balance loaded from cache
2026-04-28 12:41:50,286 | INFO | market price loaded from cache
2026-04-28 12:41:50,286 | INFO | market price loaded from cache
2026-04-28 12:41:55,289 | INFO | account balance loaded from cache
2026-04-28 12:41:55,289 | INFO | market price loaded from cache
2026-04-28 12:41:55,289 | INFO | market price loaded from cache
2026-04-28 12:42:00,290 | INFO | account balance loaded from cache
2026-04-28 12:42:00,290 | INFO | market price loaded from cache
2026-04-28 12:42:00,291 | INFO | market price loaded from cache
2026-04-28 12:42:05,294 | INFO | account balance loaded from cache
2026-04-28 12:42:05,294 | INFO | market price loaded from cache
2026-04-28 12:42:05,295 | INFO | market price loaded from cache
2026-04-28 12:42:10,295 | INFO | account balance loaded from cache
2026-04-28 12:42:10,296 | INFO | market price loaded from cache
2026-04-28 12:42:10,296 | INFO | market price loaded from cache
2026-04-28 12:42:15,297 | INFO | account balance loaded from cache
2026-04-28 12:42:15,356 | INFO | market price loaded from api
2026-04-28 12:42:15,356 | INFO | [HOLD] 005930 | 현재가 223,750원 | 기준가 224,500원 대비 돌파 기준 226,745원에 아직 도달하지 않아 관망합니다
2026-04-28 12:42:15,356 | INFO | market price loaded from cache
2026-04-28 12:42:15,356 | INFO | [HOLD] 001510 | 현재가 5,970원 | 보유 중이지만 익절 목표 6,048원과 손절 기준 5,841원 사이에 있어 유지합니다
2026-04-28 12:42:20,358 | INFO | account balance loaded from cache
2026-04-28 12:42:20,358 | INFO | market price loaded from cache
2026-04-28 12:42:20,359 | INFO | market price loaded from cache
2026-04-28 12:42:25,370 | INFO | account balance loaded from cache
2026-04-28 12:42:25,370 | INFO | market price loaded from cache
2026-04-28 12:42:25,370 | INFO | market price loaded from cache
2026-04-28 12:42:30,371 | INFO | account balance loaded from cache
2026-04-28 12:42:30,371 | INFO | market price loaded from cache
2026-04-28 12:42:30,372 | INFO | market price loaded from cache
2026-04-28 12:42:35,372 | INFO | account balance loaded from cache
2026-04-28 12:42:35,372 | INFO | market price loaded from cache
2026-04-28 12:42:35,373 | INFO | market price loaded from cache
2026-04-28 12:42:40,374 | INFO | account balance loaded from cache
2026-04-28 12:42:40,374 | INFO | market price loaded from cache
2026-04-28 12:42:40,374 | INFO | market price loaded from cache
2026-04-28 12:42:45,375 | INFO | account balance loaded from cache
2026-04-28 12:42:45,375 | INFO | market price loaded from cache
2026-04-28 12:42:45,375 | INFO | [HOLD] 005930 | 현재가 223,750원 | 기준가 224,500원 대비 돌파 기준 226,745원에 아직 도달하지 않아 관망합니다
2026-04-28 12:42:45,375 | INFO | market price loaded from cache
2026-04-28 12:42:45,375 | INFO | [HOLD] 001510 | 현재가 5,970원 | 보유 중이지만 익절 목표 6,048원과 손절 기준 5,841원 사이에 있어 유지합니다
2026-04-28 12:42:50,376 | INFO | account balance loaded from cache
2026-04-28 12:42:50,376 | INFO | market price loaded from cache
2026-04-28 12:42:50,376 | INFO | market price loaded from cache
2026-04-28 12:42:55,377 | INFO | account balance loaded from cache
2026-04-28 12:42:55,377 | INFO | market price loaded from cache
2026-04-28 12:42:55,377 | INFO | market price loaded from cache
2026-04-28 12:43:00,378 | INFO | account balance loaded from cache
2026-04-28 12:43:00,379 | INFO | market price loaded from cache
2026-04-28 12:43:00,379 | INFO | market price loaded from cache
2026-04-28 12:43:05,381 | INFO | account balance loaded from cache
2026-04-28 12:43:05,381 | INFO | market price loaded from cache
2026-04-28 12:43:05,381 | INFO | market price loaded from cache
2026-04-28 12:43:10,382 | INFO | account balance loaded from cache
2026-04-28 12:43:10,382 | INFO | market price loaded from cache
2026-04-28 12:43:10,383 | INFO | market price loaded from cache
2026-04-28 12:43:15,452 | INFO | account balance loaded from api
2026-04-28 12:43:15,453 | INFO | market price loaded from cache
2026-04-28 12:43:15,453 | INFO | [HOLD] 005930 | 현재가 223,750원 | 기준가 224,500원 대비 돌파 기준 226,745원에 아직 도달하지 않아 관망합니다
2026-04-28 12:43:15,453 | INFO | market price loaded from cache
2026-04-28 12:43:15,454 | INFO | [HOLD] 001510 | 현재가 5,970원 | 보유 중이지만 익절 목표 6,048원과 손절 기준 5,841원 사이에 있어 유지합니다
2026-04-28 12:43:20,456 | INFO | account balance loaded from cache
2026-04-28 12:43:20,457 | INFO | market price loaded from cache
2026-04-28 12:43:20,457 | INFO | market price loaded from cache
2026-04-28 12:43:25,465 | INFO | account balance loaded from cache
2026-04-28 12:43:25,465 | INFO | market price loaded from cache
2026-04-28 12:43:25,465 | INFO | market price loaded from cache
2026-04-28 12:43:30,466 | INFO | account balance loaded from cache
2026-04-28 12:43:30,466 | INFO | market price loaded from cache
2026-04-28 12:43:30,466 | INFO | market price loaded from cache
2026-04-28 12:43:35,467 | INFO | account balance loaded from cache
2026-04-28 12:43:35,467 | INFO | market price loaded from cache
2026-04-28 12:43:35,467 | INFO | market price loaded from cache
2026-04-28 12:43:40,468 | INFO | account balance loaded from cache
2026-04-28 12:43:40,468 | INFO | market price loaded from cache
2026-04-28 12:43:40,469 | INFO | market price loaded from cache
2026-04-28 12:43:45,470 | INFO | account balance loaded from cache
2026-04-28 12:43:45,470 | INFO | market price loaded from cache
2026-04-28 12:43:45,470 | INFO | [HOLD] 005930 | 현재가 223,750원 | 기준가 224,500원 대비 돌파 기준 226,745원에 아직 도달하지 않아 관망합니다
2026-04-28 12:43:45,470 | INFO | market price loaded from cache
2026-04-28 12:43:45,470 | INFO | [HOLD] 001510 | 현재가 5,970원 | 보유 중이지만 익절 목표 6,048원과 손절 기준 5,841원 사이에 있어 유지합니다
2026-04-28 12:43:50,471 | INFO | account balance loaded from cache
2026-04-28 12:43:50,471 | INFO | market price loaded from cache
2026-04-28 12:43:50,471 | INFO | market price loaded from cache
2026-04-28 12:43:55,472 | INFO | account balance loaded from cache
2026-04-28 12:43:55,472 | INFO | market price loaded from cache
2026-04-28 12:43:55,473 | INFO | market price loaded from cache
2026-04-28 12:44:00,474 | INFO | account balance loaded from cache
2026-04-28 12:44:00,474 | INFO | market price loaded from cache
2026-04-28 12:44:00,475 | INFO | market price loaded from cache
2026-04-28 12:44:05,478 | INFO | account balance loaded from cache
2026-04-28 12:44:05,478 | INFO | market price loaded from cache
2026-04-28 12:44:05,478 | INFO | market price loaded from cache
2026-04-28 12:44:10,479 | INFO | account balance loaded from cache
2026-04-28 12:44:10,479 | INFO | market price loaded from cache
2026-04-28 12:44:10,479 | INFO | market price loaded from cache
2026-04-28 12:44:15,480 | INFO | account balance loaded from cache
2026-04-28 12:44:15,480 | INFO | market price loaded from cache
2026-04-28 12:44:15,480 | INFO | [HOLD] 005930 | 현재가 223,750원 | 기준가 224,500원 대비 돌파 기준 226,745원에 아직 도달하지 않아 관망합니다
2026-04-28 12:44:15,480 | INFO | market price loaded from cache
2026-04-28 12:44:15,480 | INFO | [HOLD] 001510 | 현재가 5,970원 | 보유 중이지만 익절 목표 6,048원과 손절 기준 5,841원 사이에 있어 유지합니다
2026-04-28 12:44:20,481 | INFO | account balance loaded from cache
2026-04-28 12:44:20,482 | INFO | market price loaded from cache
2026-04-28 12:44:20,482 | INFO | market price loaded from cache
2026-04-28 12:44:25,484 | INFO | account balance loaded from cache
2026-04-28 12:44:25,484 | INFO | market price loaded from cache
2026-04-28 12:44:25,484 | INFO | market price loaded from cache
2026-04-28 12:44:30,485 | INFO | account balance loaded from cache
2026-04-28 12:44:30,485 | INFO | market price loaded from cache
2026-04-28 12:44:30,485 | INFO | market price loaded from cache
2026-04-28 12:44:35,486 | INFO | account balance loaded from cache
2026-04-28 12:44:35,486 | INFO | market price loaded from cache
2026-04-28 12:44:35,487 | INFO | market price loaded from cache
2026-04-28 12:44:40,489 | INFO | account balance loaded from cache
2026-04-28 12:44:40,489 | INFO | market price loaded from cache
2026-04-28 12:44:40,489 | INFO | market price loaded from cache
2026-04-28 12:44:45,490 | INFO | account balance loaded from cache
2026-04-28 12:44:45,490 | INFO | market price loaded from cache
2026-04-28 12:44:45,490 | INFO | [HOLD] 005930 | 현재가 223,750원 | 기준가 224,500원 대비 돌파 기준 226,745원에 아직 도달하지 않아 관망합니다
2026-04-28 12:44:45,491 | INFO | market price loaded from cache
2026-04-28 12:44:45,491 | INFO | [HOLD] 001510 | 현재가 5,970원 | 보유 중이지만 익절 목표 6,048원과 손절 기준 5,841원 사이에 있어 유지합니다
2026-04-28 12:44:50,492 | INFO | account balance loaded from cache
2026-04-28 12:44:50,492 | INFO | market price loaded from cache
2026-04-28 12:44:50,492 | INFO | market price loaded from cache
2026-04-28 12:44:55,493 | INFO | account balance loaded from cache
2026-04-28 12:44:55,493 | INFO | market price loaded from cache
2026-04-28 12:44:55,493 | INFO | market price loaded from cache
2026-04-28 12:45:00,494 | INFO | account balance loaded from cache
2026-04-28 12:45:00,494 | INFO | market price loaded from cache
2026-04-28 12:45:00,495 | INFO | market price loaded from cache
2026-04-28 12:45:05,496 | INFO | account balance loaded from cache
2026-04-28 12:45:05,496 | INFO | market price loaded from cache
2026-04-28 12:45:05,496 | INFO | market price loaded from cache
2026-04-28 12:45:10,498 | INFO | account balance loaded from cache
2026-04-28 12:45:10,498 | INFO | market price loaded from cache
2026-04-28 12:45:10,498 | INFO | market price loaded from cache
2026-04-28 12:45:15,499 | INFO | account balance loaded from cache
2026-04-28 12:45:15,499 | INFO | market price loaded from cache
2026-04-28 12:45:15,499 | INFO | [HOLD] 005930 | 현재가 223,750원 | 기준가 224,500원 대비 돌파 기준 226,745원에 아직 도달하지 않아 관망합니다
2026-04-28 12:45:15,551 | INFO | market price loaded from api
2026-04-28 12:45:15,551 | INFO | [HOLD] 001510 | 현재가 5,965원 | 보유 중이지만 익절 목표 6,048원과 손절 기준 5,841원 사이에 있어 유지합니다
2026-04-28 12:45:20,552 | INFO | account balance loaded from cache
2026-04-28 12:45:20,552 | INFO | market price loaded from cache
2026-04-28 12:45:20,552 | INFO | market price loaded from cache
2026-04-28 12:45:25,553 | INFO | account balance loaded from cache
2026-04-28 12:45:25,553 | INFO | market price loaded from cache
2026-04-28 12:45:25,553 | INFO | market price loaded from cache
2026-04-28 12:45:30,554 | INFO | account balance loaded from cache
2026-04-28 12:45:30,554 | INFO | market price loaded from cache
2026-04-28 12:45:30,554 | INFO | market price loaded from cache
2026-04-28 12:45:35,556 | INFO | account balance loaded from cache
2026-04-28 12:45:35,556 | INFO | market price loaded from cache
2026-04-28 12:45:35,556 | INFO | market price loaded from cache
2026-04-28 12:45:40,560 | INFO | account balance loaded from cache
2026-04-28 12:45:40,560 | INFO | market price loaded from cache
2026-04-28 12:45:40,560 | INFO | market price loaded from cache
2026-04-28 12:45:45,561 | INFO | account balance loaded from cache
2026-04-28 12:45:45,561 | INFO | market price loaded from cache
2026-04-28 12:45:45,561 | INFO | [HOLD] 005930 | 현재가 223,750원 | 기준가 224,500원 대비 돌파 기준 226,745원에 아직 도달하지 않아 관망합니다
2026-04-28 12:45:45,562 | INFO | market price loaded from cache
2026-04-28 12:45:45,562 | INFO | [HOLD] 001510 | 현재가 5,965원 | 보유 중이지만 익절 목표 6,048원과 손절 기준 5,841원 사이에 있어 유지합니다
2026-04-28 12:45:50,563 | INFO | account balance loaded from cache
2026-04-28 12:45:50,563 | INFO | market price loaded from cache
2026-04-28 12:45:50,563 | INFO | market price loaded from cache
2026-04-28 12:45:55,564 | INFO | account balance loaded from cache
2026-04-28 12:45:55,564 | INFO | market price loaded from cache
2026-04-28 12:45:55,564 | INFO | market price loaded from cache
2026-04-28 12:46:00,564 | INFO | account balance loaded from cache
2026-04-28 12:46:00,564 | INFO | market price loaded from cache
2026-04-28 12:46:00,564 | INFO | market price loaded from cache
2026-04-28 12:46:05,565 | INFO | account balance loaded from cache
2026-04-28 12:46:05,565 | INFO | market price loaded from cache
2026-04-28 12:46:05,565 | INFO | market price loaded from cache
2026-04-28 12:46:10,566 | INFO | account balance loaded from cache
2026-04-28 12:46:10,567 | INFO | market price loaded from cache
2026-04-28 12:46:10,567 | INFO | market price loaded from cache
2026-04-28 12:46:15,673 | INFO | account balance loaded from api
2026-04-28 12:46:15,673 | INFO | market price loaded from cache
2026-04-28 12:46:15,673 | INFO | [HOLD] 005930 | 현재가 223,750원 | 기준가 224,500원 대비 돌파 기준 226,745원에 아직 도달하지 않아 관망합니다
2026-04-28 12:46:15,673 | INFO | market price loaded from cache
2026-04-28 12:46:15,673 | INFO | [HOLD] 001510 | 현재가 5,965원 | 보유 중이지만 익절 목표 6,048원과 손절 기준 5,841원 사이에 있어 유지합니다
2026-04-28 12:46:20,674 | INFO | account balance loaded from cache
2026-04-28 12:46:20,675 | INFO | market price loaded from cache
2026-04-28 12:46:20,675 | INFO | market price loaded from cache
2026-04-28 12:46:25,676 | INFO | account balance loaded from cache
2026-04-28 12:46:25,676 | INFO | market price loaded from cache
2026-04-28 12:46:25,676 | INFO | market price loaded from cache
2026-04-28 12:46:30,677 | INFO | account balance loaded from cache
2026-04-28 12:46:30,677 | INFO | market price loaded from cache
2026-04-28 12:46:30,677 | INFO | market price loaded from cache
2026-04-28 12:46:35,678 | INFO | account balance loaded from cache
2026-04-28 12:46:35,679 | INFO | market price loaded from cache
2026-04-28 12:46:35,679 | INFO | market price loaded from cache
2026-04-28 12:46:40,680 | INFO | account balance loaded from cache
2026-04-28 12:46:40,680 | INFO | market price loaded from cache
2026-04-28 12:46:40,680 | INFO | market price loaded from cache
2026-04-28 12:46:45,681 | INFO | account balance loaded from cache
2026-04-28 12:46:45,681 | INFO | market price loaded from cache
2026-04-28 12:46:45,681 | INFO | [HOLD] 005930 | 현재가 223,750원 | 기준가 224,500원 대비 돌파 기준 226,745원에 아직 도달하지 않아 관망합니다
2026-04-28 12:46:45,681 | INFO | market price loaded from cache
2026-04-28 12:46:45,681 | INFO | [HOLD] 001510 | 현재가 5,965원 | 보유 중이지만 익절 목표 6,048원과 손절 기준 5,841원 사이에 있어 유지합니다
2026-04-28 12:46:50,683 | INFO | account balance loaded from cache
2026-04-28 12:46:50,683 | INFO | market price loaded from cache
2026-04-28 12:46:50,683 | INFO | market price loaded from cache
2026-04-28 12:46:55,686 | INFO | account balance loaded from cache
2026-04-28 12:46:55,686 | INFO | market price loaded from cache
2026-04-28 12:46:55,686 | INFO | market price loaded from cache
2026-04-28 12:47:00,687 | INFO | account balance loaded from cache
2026-04-28 12:47:00,687 | INFO | market price loaded from cache
2026-04-28 12:47:00,687 | INFO | market price loaded from cache
2026-04-28 12:47:05,688 | INFO | account balance loaded from cache
2026-04-28 12:47:05,688 | INFO | market price loaded from cache
2026-04-28 12:47:05,688 | INFO | market price loaded from cache
2026-04-28 12:47:10,689 | INFO | account balance loaded from cache
2026-04-28 12:47:10,689 | INFO | market price loaded from cache
2026-04-28 12:47:10,689 | INFO | market price loaded from cache
2026-04-28 12:47:15,690 | INFO | account balance loaded from cache
2026-04-28 12:47:15,725 | INFO | market price loaded from api
2026-04-28 12:47:15,725 | INFO | [HOLD] 005930 | 현재가 223,250원 | 기준가 224,500원 대비 돌파 기준 226,745원에 아직 도달하지 않아 관망합니다
2026-04-28 12:47:15,725 | INFO | market price loaded from cache
2026-04-28 12:47:15,725 | INFO | [HOLD] 001510 | 현재가 5,965원 | 보유 중이지만 익절 목표 6,048원과 손절 기준 5,841원 사이에 있어 유지합니다
2026-04-28 12:47:20,726 | INFO | account balance loaded from cache
2026-04-28 12:47:20,727 | INFO | market price loaded from cache
2026-04-28 12:47:20,727 | INFO | market price loaded from cache
2026-04-28 12:47:25,727 | INFO | account balance loaded from cache
2026-04-28 12:47:25,727 | INFO | market price loaded from cache
2026-04-28 12:47:25,728 | INFO | market price loaded from cache
2026-04-28 12:47:30,728 | INFO | account balance loaded from cache
2026-04-28 12:47:30,729 | INFO | market price loaded from cache
2026-04-28 12:47:30,729 | INFO | market price loaded from cache
2026-04-28 12:47:35,729 | INFO | account balance loaded from cache
2026-04-28 12:47:35,729 | INFO | market price loaded from cache
2026-04-28 12:47:35,730 | INFO | market price loaded from cache
2026-04-28 12:47:40,730 | INFO | account balance loaded from cache
2026-04-28 12:47:40,731 | INFO | market price loaded from cache
2026-04-28 12:47:40,731 | INFO | market price loaded from cache
2026-04-28 12:47:45,731 | INFO | account balance loaded from cache
2026-04-28 12:47:45,732 | INFO | market price loaded from cache
2026-04-28 12:47:45,732 | INFO | [HOLD] 005930 | 현재가 223,250원 | 기준가 224,500원 대비 돌파 기준 226,745원에 아직 도달하지 않아 관망합니다
2026-04-28 12:47:45,732 | INFO | market price loaded from cache
2026-04-28 12:47:45,732 | INFO | [HOLD] 001510 | 현재가 5,965원 | 보유 중이지만 익절 목표 6,048원과 손절 기준 5,841원 사이에 있어 유지합니다
2026-04-28 12:47:50,732 | INFO | account balance loaded from cache
2026-04-28 12:47:50,733 | INFO | market price loaded from cache
2026-04-28 12:47:50,733 | INFO | market price loaded from cache
2026-04-28 12:47:55,733 | INFO | account balance loaded from cache
2026-04-28 12:47:55,734 | INFO | market price loaded from cache
2026-04-28 12:47:55,734 | INFO | market price loaded from cache
2026-04-28 12:48:00,735 | INFO | account balance loaded from cache
2026-04-28 12:48:00,735 | INFO | market price loaded from cache
2026-04-28 12:48:00,735 | INFO | market price loaded from cache
2026-04-28 12:48:05,738 | INFO | account balance loaded from cache
2026-04-28 12:48:05,738 | INFO | market price loaded from cache
2026-04-28 12:48:05,738 | INFO | market price loaded from cache
2026-04-28 12:48:10,739 | INFO | account balance loaded from cache
2026-04-28 12:48:10,739 | INFO | market price loaded from cache
2026-04-28 12:48:10,739 | INFO | market price loaded from cache
2026-04-28 12:48:15,741 | INFO | account balance loaded from cache
2026-04-28 12:48:15,741 | INFO | market price loaded from cache
2026-04-28 12:48:15,741 | INFO | [HOLD] 005930 | 현재가 223,250원 | 기준가 224,500원 대비 돌파 기준 226,745원에 아직 도달하지 않아 관망합니다
2026-04-28 12:48:15,741 | INFO | market price loaded from cache
2026-04-28 12:48:15,742 | INFO | [HOLD] 001510 | 현재가 5,965원 | 보유 중이지만 익절 목표 6,048원과 손절 기준 5,841원 사이에 있어 유지합니다
2026-04-28 12:48:20,743 | INFO | account balance loaded from cache
2026-04-28 12:48:20,743 | INFO | market price loaded from cache
2026-04-28 12:48:20,743 | INFO | market price loaded from cache
2026-04-28 12:48:25,745 | INFO | account balance loaded from cache
2026-04-28 12:48:25,745 | INFO | market price loaded from cache
2026-04-28 12:48:25,745 | INFO | market price loaded from cache
2026-04-28 12:48:30,746 | INFO | account balance loaded from cache
2026-04-28 12:48:30,746 | INFO | market price loaded from cache
2026-04-28 12:48:30,746 | INFO | market price loaded from cache
2026-04-28 12:48:35,748 | INFO | account balance loaded from cache
2026-04-28 12:48:35,748 | INFO | market price loaded from cache
2026-04-28 12:48:35,748 | INFO | market price loaded from cache
2026-04-28 12:48:40,749 | INFO | account balance loaded from cache
2026-04-28 12:48:40,749 | INFO | market price loaded from cache
2026-04-28 12:48:40,749 | INFO | market price loaded from cache
2026-04-28 12:48:45,750 | INFO | account balance loaded from cache
2026-04-28 12:48:45,750 | INFO | market price loaded from cache
2026-04-28 12:48:45,750 | INFO | [HOLD] 005930 | 현재가 223,250원 | 기준가 224,500원 대비 돌파 기준 226,745원에 아직 도달하지 않아 관망합니다
2026-04-28 12:48:45,750 | INFO | market price loaded from cache
2026-04-28 12:48:45,750 | INFO | [HOLD] 001510 | 현재가 5,965원 | 보유 중이지만 익절 목표 6,048원과 손절 기준 5,841원 사이에 있어 유지합니다
2026-04-28 12:48:50,751 | INFO | account balance loaded from cache
2026-04-28 12:48:50,751 | INFO | market price loaded from cache
2026-04-28 12:48:50,751 | INFO | market price loaded from cache
2026-04-28 12:48:55,752 | INFO | account balance loaded from cache
2026-04-28 12:48:55,752 | INFO | market price loaded from cache
2026-04-28 12:48:55,752 | INFO | market price loaded from cache
2026-04-28 12:49:00,753 | INFO | account balance loaded from cache
2026-04-28 12:49:00,754 | INFO | market price loaded from cache
2026-04-28 12:49:00,754 | INFO | market price loaded from cache
2026-04-28 12:49:05,755 | INFO | account balance loaded from cache
2026-04-28 12:49:05,755 | INFO | market price loaded from cache
2026-04-28 12:49:05,755 | INFO | market price loaded from cache
2026-04-28 12:49:10,756 | INFO | account balance loaded from cache
2026-04-28 12:49:10,756 | INFO | market price loaded from cache
2026-04-28 12:49:10,756 | INFO | market price loaded from cache
2026-04-28 12:49:15,845 | INFO | account balance loaded from api
2026-04-28 12:49:15,845 | INFO | market price loaded from cache
2026-04-28 12:49:15,845 | INFO | [HOLD] 005930 | 현재가 223,250원 | 기준가 224,500원 대비 돌파 기준 226,745원에 아직 도달하지 않아 관망합니다
2026-04-28 12:49:15,845 | INFO | market price loaded from cache
2026-04-28 12:49:15,845 | INFO | [HOLD] 001510 | 현재가 5,965원 | 보유 중이지만 익절 목표 6,048원과 손절 기준 5,841원 사이에 있어 유지합니다
2026-04-28 12:49:20,846 | INFO | account balance loaded from cache
2026-04-28 12:49:20,846 | INFO | market price loaded from cache
2026-04-28 12:49:20,846 | INFO | market price loaded from cache
2026-04-28 12:49:25,847 | INFO | account balance loaded from cache
2026-04-28 12:49:25,847 | INFO | market price loaded from cache
2026-04-28 12:49:25,847 | INFO | market price loaded from cache
2026-04-28 12:49:30,848 | INFO | account balance loaded from cache
2026-04-28 12:49:30,848 | INFO | market price loaded from cache
2026-04-28 12:49:30,848 | INFO | market price loaded from cache
2026-04-28 12:49:35,849 | INFO | account balance loaded from cache
2026-04-28 12:49:35,849 | INFO | market price loaded from cache
2026-04-28 12:49:35,850 | INFO | market price loaded from cache
2026-04-28 12:49:40,852 | INFO | account balance loaded from cache
2026-04-28 12:49:40,852 | INFO | market price loaded from cache
2026-04-28 12:49:40,852 | INFO | market price loaded from cache
2026-04-28 12:49:45,853 | INFO | account balance loaded from cache
2026-04-28 12:49:45,853 | INFO | market price loaded from cache
2026-04-28 12:49:45,853 | INFO | [HOLD] 005930 | 현재가 223,250원 | 기준가 224,500원 대비 돌파 기준 226,745원에 아직 도달하지 않아 관망합니다
2026-04-28 12:49:45,853 | INFO | market price loaded from cache
2026-04-28 12:49:45,853 | INFO | [HOLD] 001510 | 현재가 5,965원 | 보유 중이지만 익절 목표 6,048원과 손절 기준 5,841원 사이에 있어 유지합니다
2026-04-28 12:49:50,854 | INFO | account balance loaded from cache
2026-04-28 12:49:50,855 | INFO | market price loaded from cache
2026-04-28 12:49:50,855 | INFO | market price loaded from cache
2026-04-28 12:49:55,856 | INFO | account balance loaded from cache
2026-04-28 12:49:55,856 | INFO | market price loaded from cache
2026-04-28 12:49:55,856 | INFO | market price loaded from cache
2026-04-28 12:50:00,857 | INFO | account balance loaded from cache
2026-04-28 12:50:00,857 | INFO | market price loaded from cache
2026-04-28 12:50:00,857 | INFO | market price loaded from cache
2026-04-28 12:50:05,858 | INFO | account balance loaded from cache
2026-04-28 12:50:05,858 | INFO | market price loaded from cache
2026-04-28 12:50:05,858 | INFO | market price loaded from cache
2026-04-28 12:50:10,860 | INFO | account balance loaded from cache
2026-04-28 12:50:10,860 | INFO | market price loaded from cache
2026-04-28 12:50:10,860 | INFO | market price loaded from cache
2026-04-28 12:50:15,863 | INFO | account balance loaded from cache
2026-04-28 12:50:15,864 | INFO | market price loaded from cache
2026-04-28 12:50:15,864 | INFO | [HOLD] 005930 | 현재가 223,250원 | 기준가 224,500원 대비 돌파 기준 226,745원에 아직 도달하지 않아 관망합니다
2026-04-28 12:50:15,880 | INFO | market price loaded from api
2026-04-28 12:50:15,880 | INFO | [HOLD] 001510 | 현재가 5,920원 | 보유 중이지만 익절 목표 6,048원과 손절 기준 5,841원 사이에 있어 유지합니다
2026-04-28 12:50:20,881 | INFO | account balance loaded from cache
2026-04-28 12:50:20,881 | INFO | market price loaded from cache
2026-04-28 12:50:20,882 | INFO | market price loaded from cache
2026-04-28 12:50:25,882 | INFO | account balance loaded from cache
2026-04-28 12:50:25,883 | INFO | market price loaded from cache
2026-04-28 12:50:25,883 | INFO | market price loaded from cache
2026-04-28 12:50:30,883 | INFO | account balance loaded from cache
2026-04-28 12:50:30,883 | INFO | market price loaded from cache
2026-04-28 12:50:30,884 | INFO | market price loaded from cache
2026-04-28 12:50:35,885 | INFO | account balance loaded from cache
2026-04-28 12:50:35,885 | INFO | market price loaded from cache
2026-04-28 12:50:35,885 | INFO | market price loaded from cache
2026-04-28 12:50:40,886 | INFO | account balance loaded from cache
2026-04-28 12:50:40,886 | INFO | market price loaded from cache
2026-04-28 12:50:40,886 | INFO | market price loaded from cache
2026-04-28 12:50:45,887 | INFO | account balance loaded from cache
2026-04-28 12:50:45,887 | INFO | market price loaded from cache
2026-04-28 12:50:45,888 | INFO | [HOLD] 005930 | 현재가 223,250원 | 기준가 224,500원 대비 돌파 기준 226,745원에 아직 도달하지 않아 관망합니다
2026-04-28 12:50:45,888 | INFO | market price loaded from cache
2026-04-28 12:50:45,888 | INFO | [HOLD] 001510 | 현재가 5,920원 | 보유 중이지만 익절 목표 6,048원과 손절 기준 5,841원 사이에 있어 유지합니다
2026-04-28 12:50:50,891 | INFO | account balance loaded from cache
2026-04-28 12:50:50,891 | INFO | market price loaded from cache
2026-04-28 12:50:50,892 | INFO | market price loaded from cache
2026-04-28 12:50:55,893 | INFO | account balance loaded from cache
2026-04-28 12:50:55,893 | INFO | market price loaded from cache
2026-04-28 12:50:55,893 | INFO | market price loaded from cache
2026-04-28 12:51:00,895 | INFO | account balance loaded from cache
2026-04-28 12:51:00,895 | INFO | market price loaded from cache
2026-04-28 12:51:00,895 | INFO | market price loaded from cache
2026-04-28 12:51:05,897 | INFO | account balance loaded from cache
2026-04-28 12:51:05,897 | INFO | market price loaded from cache
2026-04-28 12:51:05,897 | INFO | market price loaded from cache
2026-04-28 12:51:10,898 | INFO | account balance loaded from cache
2026-04-28 12:51:10,898 | INFO | market price loaded from cache
2026-04-28 12:51:10,898 | INFO | market price loaded from cache
2026-04-28 12:51:15,899 | INFO | account balance loaded from cache
2026-04-28 12:51:15,899 | INFO | market price loaded from cache
2026-04-28 12:51:15,900 | INFO | [HOLD] 005930 | 현재가 223,250원 | 기준가 224,500원 대비 돌파 기준 226,745원에 아직 도달하지 않아 관망합니다
2026-04-28 12:51:15,900 | INFO | market price loaded from cache
2026-04-28 12:51:15,900 | INFO | [HOLD] 001510 | 현재가 5,920원 | 보유 중이지만 익절 목표 6,048원과 손절 기준 5,841원 사이에 있어 유지합니다
2026-04-28 12:51:20,903 | INFO | account balance loaded from cache
2026-04-28 12:51:20,903 | INFO | market price loaded from cache
2026-04-28 12:51:20,903 | INFO | market price loaded from cache
2026-04-28 12:51:25,904 | INFO | account balance loaded from cache
2026-04-28 12:51:25,904 | INFO | market price loaded from cache
2026-04-28 12:51:25,904 | INFO | market price loaded from cache
2026-04-28 12:51:30,905 | INFO | account balance loaded from cache
2026-04-28 12:51:30,905 | INFO | market price loaded from cache
2026-04-28 12:51:30,905 | INFO | market price loaded from cache
2026-04-28 12:51:35,906 | INFO | account balance loaded from cache
2026-04-28 12:51:35,906 | INFO | market price loaded from cache
2026-04-28 12:51:35,906 | INFO | market price loaded from cache
2026-04-28 12:51:40,909 | INFO | account balance loaded from cache
2026-04-28 12:51:40,910 | INFO | market price loaded from cache
2026-04-28 12:51:40,910 | INFO | market price loaded from cache
2026-04-28 12:51:45,912 | INFO | account balance loaded from cache
2026-04-28 12:51:45,912 | INFO | market price loaded from cache
2026-04-28 12:51:45,912 | INFO | [HOLD] 005930 | 현재가 223,250원 | 기준가 224,500원 대비 돌파 기준 226,745원에 아직 도달하지 않아 관망합니다
2026-04-28 12:51:45,912 | INFO | market price loaded from cache
2026-04-28 12:51:45,912 | INFO | [HOLD] 001510 | 현재가 5,920원 | 보유 중이지만 익절 목표 6,048원과 손절 기준 5,841원 사이에 있어 유지합니다
2026-04-28 12:51:50,913 | INFO | account balance loaded from cache
2026-04-28 12:51:50,913 | INFO | market price loaded from cache
2026-04-28 12:51:50,913 | INFO | market price loaded from cache
2026-04-28 12:51:55,914 | INFO | account balance loaded from cache
2026-04-28 12:51:55,914 | INFO | market price loaded from cache
2026-04-28 12:51:55,914 | INFO | market price loaded from cache
2026-04-28 12:52:00,915 | INFO | account balance loaded from cache
2026-04-28 12:52:00,915 | INFO | market price loaded from cache
2026-04-28 12:52:00,916 | INFO | market price loaded from cache
2026-04-28 12:52:05,916 | INFO | account balance loaded from cache
2026-04-28 12:52:05,916 | INFO | market price loaded from cache
2026-04-28 12:52:05,916 | INFO | market price loaded from cache
2026-04-28 12:52:10,917 | INFO | account balance loaded from cache
2026-04-28 12:52:10,917 | INFO | market price loaded from cache
2026-04-28 12:52:10,917 | INFO | market price loaded from cache
2026-04-28 12:52:15,991 | INFO | account balance loaded from api
2026-04-28 12:52:15,999 | INFO | market price loaded from api
2026-04-28 12:52:15,999 | INFO | [HOLD] 005930 | 현재가 223,000원 | 기준가 224,500원 대비 돌파 기준 226,745원에 아직 도달하지 않아 관망합니다
2026-04-28 12:52:15,999 | INFO | market price loaded from cache
2026-04-28 12:52:15,999 | INFO | [HOLD] 001510 | 현재가 5,920원 | 보유 중이지만 익절 목표 6,048원과 손절 기준 5,841원 사이에 있어 유지합니다
2026-04-28 12:52:21,000 | INFO | account balance loaded from cache
2026-04-28 12:52:21,000 | INFO | market price loaded from cache
2026-04-28 12:52:21,000 | INFO | market price loaded from cache
2026-04-28 12:52:26,001 | INFO | account balance loaded from cache
2026-04-28 12:52:26,001 | INFO | market price loaded from cache
2026-04-28 12:52:26,001 | INFO | market price loaded from cache
2026-04-28 12:52:31,002 | INFO | account balance loaded from cache
2026-04-28 12:52:31,002 | INFO | market price loaded from cache
2026-04-28 12:52:31,002 | INFO | market price loaded from cache
2026-04-28 12:52:36,003 | INFO | account balance loaded from cache
2026-04-28 12:52:36,003 | INFO | market price loaded from cache
2026-04-28 12:52:36,003 | INFO | market price loaded from cache
2026-04-28 12:52:41,004 | INFO | account balance loaded from cache
2026-04-28 12:52:41,004 | INFO | market price loaded from cache
2026-04-28 12:52:41,005 | INFO | market price loaded from cache
2026-04-28 12:52:46,006 | INFO | account balance loaded from cache
2026-04-28 12:52:46,006 | INFO | market price loaded from cache
2026-04-28 12:52:46,006 | INFO | [HOLD] 005930 | 현재가 223,000원 | 기준가 224,500원 대비 돌파 기준 226,745원에 아직 도달하지 않아 관망합니다
2026-04-28 12:52:46,006 | INFO | market price loaded from cache
2026-04-28 12:52:46,006 | INFO | [HOLD] 001510 | 현재가 5,920원 | 보유 중이지만 익절 목표 6,048원과 손절 기준 5,841원 사이에 있어 유지합니다
2026-04-28 12:52:51,007 | INFO | account balance loaded from cache
2026-04-28 12:52:51,007 | INFO | market price loaded from cache
2026-04-28 12:52:51,007 | INFO | market price loaded from cache
2026-04-28 12:52:56,008 | INFO | account balance loaded from cache
2026-04-28 12:52:56,009 | INFO | market price loaded from cache
2026-04-28 12:52:56,009 | INFO | market price loaded from cache
2026-04-28 12:53:01,010 | INFO | account balance loaded from cache
2026-04-28 12:53:01,010 | INFO | market price loaded from cache
2026-04-28 12:53:01,011 | INFO | market price loaded from cache
2026-04-28 12:53:06,012 | INFO | account balance loaded from cache
2026-04-28 12:53:06,012 | INFO | market price loaded from cache
2026-04-28 12:53:06,012 | INFO | market price loaded from cache
2026-04-28 12:53:11,013 | INFO | account balance loaded from cache
2026-04-28 12:53:11,013 | INFO | market price loaded from cache
2026-04-28 12:53:11,013 | INFO | market price loaded from cache
2026-04-28 12:53:16,014 | INFO | account balance loaded from cache
2026-04-28 12:53:16,014 | INFO | market price loaded from cache
2026-04-28 12:53:16,014 | INFO | [HOLD] 005930 | 현재가 223,000원 | 기준가 224,500원 대비 돌파 기준 226,745원에 아직 도달하지 않아 관망합니다
2026-04-28 12:53:16,014 | INFO | market price loaded from cache
2026-04-28 12:53:16,014 | INFO | [HOLD] 001510 | 현재가 5,920원 | 보유 중이지만 익절 목표 6,048원과 손절 기준 5,841원 사이에 있어 유지합니다
2026-04-28 12:53:21,015 | INFO | account balance loaded from cache
2026-04-28 12:53:21,015 | INFO | market price loaded from cache
2026-04-28 12:53:21,015 | INFO | market price loaded from cache
2026-04-28 12:53:26,016 | INFO | account balance loaded from cache
2026-04-28 12:53:26,017 | INFO | market price loaded from cache
2026-04-28 12:53:26,017 | INFO | market price loaded from cache
2026-04-28 12:53:31,020 | INFO | account balance loaded from cache
2026-04-28 12:53:31,020 | INFO | market price loaded from cache
2026-04-28 12:53:31,020 | INFO | market price loaded from cache
2026-04-28 12:53:36,021 | INFO | account balance loaded from cache
2026-04-28 12:53:36,021 | INFO | market price loaded from cache
2026-04-28 12:53:36,021 | INFO | market price loaded from cache
2026-04-28 12:53:41,022 | INFO | account balance loaded from cache
2026-04-28 12:53:41,022 | INFO | market price loaded from cache
2026-04-28 12:53:41,022 | INFO | market price loaded from cache
2026-04-28 12:53:46,023 | INFO | account balance loaded from cache
2026-04-28 12:53:46,023 | INFO | market price loaded from cache
2026-04-28 12:53:46,023 | INFO | [HOLD] 005930 | 현재가 223,000원 | 기준가 224,500원 대비 돌파 기준 226,745원에 아직 도달하지 않아 관망합니다
2026-04-28 12:53:46,023 | INFO | market price loaded from cache
2026-04-28 12:53:46,023 | INFO | [HOLD] 001510 | 현재가 5,920원 | 보유 중이지만 익절 목표 6,048원과 손절 기준 5,841원 사이에 있어 유지합니다
2026-04-28 12:53:51,024 | INFO | account balance loaded from cache
2026-04-28 12:53:51,025 | INFO | market price loaded from cache
2026-04-28 12:53:51,025 | INFO | market price loaded from cache
2026-04-28 12:53:56,026 | INFO | account balance loaded from cache
2026-04-28 12:53:56,026 | INFO | market price loaded from cache
2026-04-28 12:53:56,026 | INFO | market price loaded from cache
2026-04-28 12:54:01,027 | INFO | account balance loaded from cache
2026-04-28 12:54:01,027 | INFO | market price loaded from cache
2026-04-28 12:54:01,027 | INFO | market price loaded from cache
2026-04-28 12:54:06,028 | INFO | account balance loaded from cache
2026-04-28 12:54:06,028 | INFO | market price loaded from cache
2026-04-28 12:54:06,028 | INFO | market price loaded from cache
2026-04-28 12:54:08,057 | INFO | application stopped by user
2026-04-28 12:59:19,419 | INFO | application started
2026-04-28 12:59:19,481 | INFO | account balance loaded from api
2026-04-28 12:59:19,501 | INFO | market price loaded from api
2026-04-28 12:59:19,501 | INFO | [HOLD] 005930 | 현재가 223,000원 | 기준가 224,500원 대비 돌파 기준 226,745원에 아직 도달하지 않아 관망합니다
2026-04-28 12:59:19,509 | WARNING | [WARN ] 001510 | 현재가 조회에 실패했고 사용할 캐시도 없습니다. 사유: kiwoom request failed: api_id=ka10001, http=429, body={'return_msg': '허용된 요청 개수를 초과하였습니다[1700:허용된 요청 개수를 초과하였습니다. API ID=ka10001]', 'return_code': 5}
2026-04-28 12:59:19,509 | ERROR | unexpected error: kiwoom request failed: api_id=ka10001, http=429, body={'return_msg': '허용된 요청 개수를 초과하였습니다[1700:허용된 요청 개수를 초과하였습니다. API ID=ka10001]', 'return_code': 5}
Traceback (most recent call last):
  File "C:\Users\winn\Desktop\kiwoom-auto-trader-ver1\app\main.py", line 107, in main
    trading_service.run_once()
    ~~~~~~~~~~~~~~~~~~~~~~~~^^
  File "C:\Users\winn\Desktop\kiwoom-auto-trader-ver1\domain\service\trading_service.py", line 193, in run_once
    market_price = self._get_market_price_with_cache(symbol)
  File "C:\Users\winn\Desktop\kiwoom-auto-trader-ver1\domain\service\trading_service.py", line 111, in _get_market_price_with_cache
    market_price = self.broker.get_market_price(symbol)
  File "C:\Users\winn\Desktop\kiwoom-auto-trader-ver1\infra\broker\kiwoom_broker.py", line 126, in get_market_price
    api_response = self._post(
        endpoint="/api/dostk/stkinfo",
        api_id="ka10001",
        payload={"stk_cd": symbol},
    )
  File "C:\Users\winn\Desktop\kiwoom-auto-trader-ver1\infra\broker\kiwoom_broker.py", line 287, in _post
    raise RuntimeError(
        f"kiwoom request failed: api_id={api_id}, http={api_response.status_code}, body={api_response.body}"
    )
RuntimeError: kiwoom request failed: api_id=ka10001, http=429, body={'return_msg': '허용된 요청 개수를 초과하였습니다[1700:허용된 요청 개수를 초과하였습니다. API ID=ka10001]', 'return_code': 5}
2026-04-28 12:59:19,512 | WARNING | rate limit detected, backing off for 180 seconds
2026-04-28 13:02:19,603 | INFO | account balance loaded from api
2026-04-28 13:02:19,603 | INFO | market price loaded from cache
2026-04-28 13:02:19,603 | INFO | [HOLD] 005930 | 현재가 223,000원 | 기준가 224,500원 대비 돌파 기준 226,745원에 아직 도달하지 않아 관망합니다
2026-04-28 13:02:19,612 | INFO | market price loaded from api
2026-04-28 13:02:19,612 | INFO | [HOLD] 001510 | 현재가 5,880원 | 보유 중이지만 익절 목표 6,048원과 손절 기준 5,841원 사이에 있어 유지합니다
2026-04-28 13:02:24,613 | INFO | account balance loaded from cache
2026-04-28 13:02:24,613 | INFO | market price loaded from cache
2026-04-28 13:02:24,614 | INFO | market price loaded from cache
2026-04-28 13:02:29,615 | INFO | account balance loaded from cache
2026-04-28 13:02:29,615 | INFO | market price loaded from cache
2026-04-28 13:02:29,615 | INFO | market price loaded from cache
2026-04-28 13:02:34,616 | INFO | account balance loaded from cache
2026-04-28 13:02:34,616 | INFO | market price loaded from cache
2026-04-28 13:02:34,616 | INFO | market price loaded from cache
2026-04-28 13:02:39,618 | INFO | account balance loaded from cache
2026-04-28 13:02:39,618 | INFO | market price loaded from cache
2026-04-28 13:02:39,618 | INFO | market price loaded from cache
2026-04-28 13:02:44,619 | INFO | account balance loaded from cache
2026-04-28 13:02:44,619 | INFO | market price loaded from cache
2026-04-28 13:02:44,619 | INFO | market price loaded from cache
2026-04-28 13:02:49,620 | INFO | account balance loaded from cache
2026-04-28 13:02:49,620 | INFO | market price loaded from cache
2026-04-28 13:02:49,621 | INFO | [HOLD] 005930 | 현재가 223,000원 | 기준가 224,500원 대비 돌파 기준 226,745원에 아직 도달하지 않아 관망합니다
2026-04-28 13:02:49,621 | INFO | market price loaded from cache
2026-04-28 13:02:49,621 | INFO | [HOLD] 001510 | 현재가 5,880원 | 보유 중이지만 익절 목표 6,048원과 손절 기준 5,841원 사이에 있어 유지합니다
2026-04-28 13:02:54,622 | INFO | account balance loaded from cache
2026-04-28 13:02:54,622 | INFO | market price loaded from cache
2026-04-28 13:02:54,622 | INFO | market price loaded from cache
2026-04-28 13:02:59,624 | INFO | account balance loaded from cache
2026-04-28 13:02:59,624 | INFO | market price loaded from cache
2026-04-28 13:02:59,624 | INFO | market price loaded from cache
2026-04-28 13:03:04,625 | INFO | account balance loaded from cache
2026-04-28 13:03:04,625 | INFO | market price loaded from cache
2026-04-28 13:03:04,625 | INFO | market price loaded from cache
2026-04-28 13:03:09,626 | INFO | account balance loaded from cache
2026-04-28 13:03:09,626 | INFO | market price loaded from cache
2026-04-28 13:03:09,626 | INFO | market price loaded from cache
2026-04-28 13:03:14,627 | INFO | account balance loaded from cache
2026-04-28 13:03:14,627 | INFO | market price loaded from cache
2026-04-28 13:03:14,627 | INFO | market price loaded from cache
2026-04-28 13:03:19,628 | INFO | account balance loaded from cache
2026-04-28 13:03:19,628 | INFO | market price loaded from cache
2026-04-28 13:03:19,628 | INFO | [HOLD] 005930 | 현재가 223,000원 | 기준가 224,500원 대비 돌파 기준 226,745원에 아직 도달하지 않아 관망합니다
2026-04-28 13:03:19,629 | INFO | market price loaded from cache
2026-04-28 13:03:19,629 | INFO | [HOLD] 001510 | 현재가 5,880원 | 보유 중이지만 익절 목표 6,048원과 손절 기준 5,841원 사이에 있어 유지합니다
2026-04-28 13:03:24,630 | INFO | account balance loaded from cache
2026-04-28 13:03:24,630 | INFO | market price loaded from cache
2026-04-28 13:03:24,630 | INFO | market price loaded from cache
2026-04-28 13:03:29,633 | INFO | account balance loaded from cache
2026-04-28 13:03:29,633 | INFO | market price loaded from cache
2026-04-28 13:03:29,633 | INFO | market price loaded from cache
2026-04-28 13:03:34,634 | INFO | account balance loaded from cache
2026-04-28 13:03:34,634 | INFO | market price loaded from cache
2026-04-28 13:03:34,635 | INFO | market price loaded from cache
2026-04-28 13:03:39,635 | INFO | account balance loaded from cache
2026-04-28 13:03:39,635 | INFO | market price loaded from cache
2026-04-28 13:03:39,636 | INFO | market price loaded from cache
2026-04-28 13:03:44,636 | INFO | account balance loaded from cache
2026-04-28 13:03:44,637 | INFO | market price loaded from cache
2026-04-28 13:03:44,637 | INFO | market price loaded from cache
2026-04-28 13:03:49,638 | INFO | account balance loaded from cache
2026-04-28 13:03:49,638 | INFO | market price loaded from cache
2026-04-28 13:03:49,638 | INFO | [HOLD] 005930 | 현재가 223,000원 | 기준가 224,500원 대비 돌파 기준 226,745원에 아직 도달하지 않아 관망합니다
2026-04-28 13:03:49,638 | INFO | market price loaded from cache
2026-04-28 13:03:49,638 | INFO | [HOLD] 001510 | 현재가 5,880원 | 보유 중이지만 익절 목표 6,048원과 손절 기준 5,841원 사이에 있어 유지합니다
2026-04-28 13:03:54,639 | INFO | account balance loaded from cache
2026-04-28 13:03:54,639 | INFO | market price loaded from cache
2026-04-28 13:03:54,639 | INFO | market price loaded from cache
2026-04-28 13:03:59,640 | INFO | account balance loaded from cache
2026-04-28 13:03:59,640 | INFO | market price loaded from cache
2026-04-28 13:03:59,640 | INFO | market price loaded from cache
2026-04-28 13:04:04,641 | INFO | account balance loaded from cache
2026-04-28 13:04:04,641 | INFO | market price loaded from cache
2026-04-28 13:04:04,641 | INFO | market price loaded from cache
2026-04-28 13:04:09,642 | INFO | account balance loaded from cache
2026-04-28 13:04:09,642 | INFO | market price loaded from cache
2026-04-28 13:04:09,642 | INFO | market price loaded from cache
2026-04-28 13:04:14,643 | INFO | account balance loaded from cache
2026-04-28 13:04:14,644 | INFO | market price loaded from cache
2026-04-28 13:04:14,644 | INFO | market price loaded from cache
2026-04-28 13:04:19,646 | INFO | account balance loaded from cache
2026-04-28 13:04:19,694 | INFO | market price loaded from api
2026-04-28 13:04:19,694 | INFO | [HOLD] 005930 | 현재가 222,750원 | 기준가 224,500원 대비 돌파 기준 226,745원에 아직 도달하지 않아 관망합니다
2026-04-28 13:04:19,695 | INFO | market price loaded from cache
2026-04-28 13:04:19,695 | INFO | [HOLD] 001510 | 현재가 5,880원 | 보유 중이지만 익절 목표 6,048원과 손절 기준 5,841원 사이에 있어 유지합니다
2026-04-28 13:04:24,696 | INFO | account balance loaded from cache
2026-04-28 13:04:24,696 | INFO | market price loaded from cache
2026-04-28 13:04:24,696 | INFO | market price loaded from cache
2026-04-28 13:04:29,697 | INFO | account balance loaded from cache
2026-04-28 13:04:29,697 | INFO | market price loaded from cache
2026-04-28 13:04:29,697 | INFO | market price loaded from cache
2026-04-28 13:04:34,698 | INFO | account balance loaded from cache
2026-04-28 13:04:34,699 | INFO | market price loaded from cache
2026-04-28 13:04:34,699 | INFO | market price loaded from cache
2026-04-28 13:04:39,700 | INFO | account balance loaded from cache
2026-04-28 13:04:39,701 | INFO | market price loaded from cache
2026-04-28 13:04:39,701 | INFO | market price loaded from cache
2026-04-28 13:04:44,703 | INFO | account balance loaded from cache
2026-04-28 13:04:44,703 | INFO | market price loaded from cache
2026-04-28 13:04:44,703 | INFO | market price loaded from cache
2026-04-28 13:04:49,704 | INFO | account balance loaded from cache
2026-04-28 13:04:49,704 | INFO | market price loaded from cache
2026-04-28 13:04:49,704 | INFO | [HOLD] 005930 | 현재가 222,750원 | 기준가 224,500원 대비 돌파 기준 226,745원에 아직 도달하지 않아 관망합니다
2026-04-28 13:04:49,704 | INFO | market price loaded from cache
2026-04-28 13:04:49,704 | INFO | [HOLD] 001510 | 현재가 5,880원 | 보유 중이지만 익절 목표 6,048원과 손절 기준 5,841원 사이에 있어 유지합니다
2026-04-28 13:04:54,705 | INFO | account balance loaded from cache
2026-04-28 13:04:54,705 | INFO | market price loaded from cache
2026-04-28 13:04:54,705 | INFO | market price loaded from cache
2026-04-28 13:04:59,706 | INFO | account balance loaded from cache
2026-04-28 13:04:59,706 | INFO | market price loaded from cache
2026-04-28 13:04:59,706 | INFO | market price loaded from cache
2026-04-28 13:05:04,707 | INFO | account balance loaded from cache
2026-04-28 13:05:04,707 | INFO | market price loaded from cache
2026-04-28 13:05:04,708 | INFO | market price loaded from cache
2026-04-28 13:05:09,709 | INFO | account balance loaded from cache
2026-04-28 13:05:09,709 | INFO | market price loaded from cache
2026-04-28 13:05:09,709 | INFO | market price loaded from cache
2026-04-28 13:05:14,710 | INFO | account balance loaded from cache
2026-04-28 13:05:14,710 | INFO | market price loaded from cache
2026-04-28 13:05:14,710 | INFO | market price loaded from cache
2026-04-28 13:05:19,789 | INFO | account balance loaded from api
2026-04-28 13:05:19,789 | INFO | market price loaded from cache
2026-04-28 13:05:19,789 | INFO | [HOLD] 005930 | 현재가 222,750원 | 기준가 224,500원 대비 돌파 기준 226,745원에 아직 도달하지 않아 관망합니다
2026-04-28 13:05:19,789 | INFO | market price loaded from cache
2026-04-28 13:05:19,790 | INFO | [HOLD] 001510 | 현재가 5,880원 | 보유 중이지만 익절 목표 6,048원과 손절 기준 5,841원 사이에 있어 유지합니다
2026-04-28 13:05:24,791 | INFO | account balance loaded from cache
2026-04-28 13:05:24,791 | INFO | market price loaded from cache
2026-04-28 13:05:24,791 | INFO | market price loaded from cache
2026-04-28 13:05:29,792 | INFO | account balance loaded from cache
2026-04-28 13:05:29,793 | INFO | market price loaded from cache
2026-04-28 13:05:29,793 | INFO | market price loaded from cache
2026-04-28 13:05:34,793 | INFO | account balance loaded from cache
2026-04-28 13:05:34,794 | INFO | market price loaded from cache
2026-04-28 13:05:34,794 | INFO | market price loaded from cache
2026-04-28 13:05:39,794 | INFO | account balance loaded from cache
2026-04-28 13:05:39,795 | INFO | market price loaded from cache
2026-04-28 13:05:39,795 | INFO | market price loaded from cache
2026-04-28 13:05:44,795 | INFO | account balance loaded from cache
2026-04-28 13:05:44,796 | INFO | market price loaded from cache
2026-04-28 13:05:44,796 | INFO | market price loaded from cache
2026-04-28 13:05:49,797 | INFO | account balance loaded from cache
2026-04-28 13:05:49,797 | INFO | market price loaded from cache
2026-04-28 13:05:49,797 | INFO | [HOLD] 005930 | 현재가 222,750원 | 기준가 224,500원 대비 돌파 기준 226,745원에 아직 도달하지 않아 관망합니다
2026-04-28 13:05:49,797 | INFO | market price loaded from cache
2026-04-28 13:05:49,797 | INFO | [HOLD] 001510 | 현재가 5,880원 | 보유 중이지만 익절 목표 6,048원과 손절 기준 5,841원 사이에 있어 유지합니다
2026-04-28 13:05:54,798 | INFO | account balance loaded from cache
2026-04-28 13:05:54,798 | INFO | market price loaded from cache
2026-04-28 13:05:54,798 | INFO | market price loaded from cache
2026-04-28 13:05:59,799 | INFO | account balance loaded from cache
2026-04-28 13:05:59,799 | INFO | market price loaded from cache
2026-04-28 13:05:59,799 | INFO | market price loaded from cache
2026-04-28 13:06:04,800 | INFO | account balance loaded from cache
2026-04-28 13:06:04,800 | INFO | market price loaded from cache
2026-04-28 13:06:04,800 | INFO | market price loaded from cache
2026-04-28 13:06:09,801 | INFO | account balance loaded from cache
2026-04-28 13:06:09,801 | INFO | market price loaded from cache
2026-04-28 13:06:09,801 | INFO | market price loaded from cache
2026-04-28 13:06:14,802 | INFO | account balance loaded from cache
2026-04-28 13:06:14,803 | INFO | market price loaded from cache
2026-04-28 13:06:14,803 | INFO | market price loaded from cache
2026-04-28 13:06:19,803 | INFO | account balance loaded from cache
2026-04-28 13:06:19,804 | INFO | market price loaded from cache
2026-04-28 13:06:19,804 | INFO | [HOLD] 005930 | 현재가 222,750원 | 기준가 224,500원 대비 돌파 기준 226,745원에 아직 도달하지 않아 관망합니다
2026-04-28 13:06:19,804 | INFO | market price loaded from cache
2026-04-28 13:06:19,804 | INFO | [HOLD] 001510 | 현재가 5,880원 | 보유 중이지만 익절 목표 6,048원과 손절 기준 5,841원 사이에 있어 유지합니다
2026-04-28 13:06:24,804 | INFO | account balance loaded from cache
2026-04-28 13:06:24,805 | INFO | market price loaded from cache
2026-04-28 13:06:24,805 | INFO | market price loaded from cache
2026-04-28 13:06:29,805 | INFO | account balance loaded from cache
2026-04-28 13:06:29,806 | INFO | market price loaded from cache
2026-04-28 13:06:29,806 | INFO | market price loaded from cache
2026-04-28 13:06:34,808 | INFO | account balance loaded from cache
2026-04-28 13:06:34,808 | INFO | market price loaded from cache
2026-04-28 13:06:34,808 | INFO | market price loaded from cache
2026-04-28 13:06:39,809 | INFO | account balance loaded from cache
2026-04-28 13:06:39,809 | INFO | market price loaded from cache
2026-04-28 13:06:39,809 | INFO | market price loaded from cache
2026-04-28 13:06:44,810 | INFO | account balance loaded from cache
2026-04-28 13:06:44,810 | INFO | market price loaded from cache
2026-04-28 13:06:44,810 | INFO | market price loaded from cache
2026-04-28 13:06:49,811 | INFO | account balance loaded from cache
2026-04-28 13:06:49,812 | INFO | market price loaded from cache
2026-04-28 13:06:49,812 | INFO | [HOLD] 005930 | 현재가 222,750원 | 기준가 224,500원 대비 돌파 기준 226,745원에 아직 도달하지 않아 관망합니다
2026-04-28 13:06:49,812 | INFO | market price loaded from cache
2026-04-28 13:06:49,812 | INFO | [HOLD] 001510 | 현재가 5,880원 | 보유 중이지만 익절 목표 6,048원과 손절 기준 5,841원 사이에 있어 유지합니다
2026-04-28 13:06:54,815 | INFO | account balance loaded from cache
2026-04-28 13:06:54,815 | INFO | market price loaded from cache
2026-04-28 13:06:54,815 | INFO | market price loaded from cache
2026-04-28 13:06:59,817 | INFO | account balance loaded from cache
2026-04-28 13:06:59,817 | INFO | market price loaded from cache
2026-04-28 13:06:59,817 | INFO | market price loaded from cache
2026-04-28 13:07:04,818 | INFO | account balance loaded from cache
2026-04-28 13:07:04,818 | INFO | market price loaded from cache
2026-04-28 13:07:04,818 | INFO | market price loaded from cache
2026-04-28 13:07:09,819 | INFO | account balance loaded from cache
2026-04-28 13:07:09,819 | INFO | market price loaded from cache
2026-04-28 13:07:09,819 | INFO | market price loaded from cache
2026-04-28 13:07:14,820 | INFO | account balance loaded from cache
2026-04-28 13:07:14,820 | INFO | market price loaded from cache
2026-04-28 13:07:14,821 | INFO | market price loaded from cache
2026-04-28 13:07:19,821 | INFO | account balance loaded from cache
2026-04-28 13:07:19,821 | INFO | market price loaded from cache
2026-04-28 13:07:19,822 | INFO | [HOLD] 005930 | 현재가 222,750원 | 기준가 224,500원 대비 돌파 기준 226,745원에 아직 도달하지 않아 관망합니다
2026-04-28 13:07:19,860 | INFO | market price loaded from api
2026-04-28 13:07:19,861 | INFO | [HOLD] 001510 | 현재가 5,940원 | 보유 중이지만 익절 목표 6,048원과 손절 기준 5,841원 사이에 있어 유지합니다
2026-04-28 13:07:24,861 | INFO | account balance loaded from cache 
2026-04-28 13:07:24,861 | INFO | market price loaded from cache
2026-04-28 13:07:24,862 | INFO | market price loaded from cache
2026-04-28 13:07:29,862 | INFO | account balance loaded from cache
2026-04-28 13:07:29,862 | INFO | market price loaded from cache
2026-04-28 13:07:29,862 | INFO | market price loaded from cache
2026-04-28 13:07:34,863 | INFO | account balance loaded from cache
2026-04-28 13:07:34,864 | INFO | market price loaded from cache
2026-04-28 13:07:34,864 | INFO | market price loaded from cache
2026-04-28 13:07:39,867 | INFO | account balance loaded from cache
2026-04-28 13:07:39,867 | INFO | market price loaded from cache
2026-04-28 13:07:39,867 | INFO | market price loaded from cache
2026-04-28 13:07:44,868 | INFO | account balance loaded from cache
2026-04-28 13:07:44,868 | INFO | market price loaded from cache
2026-04-28 13:07:44,868 | INFO | market price loaded from cache
2026-04-28 13:07:49,869 | INFO | account balance loaded from cache
2026-04-28 13:07:49,870 | INFO | market price loaded from cache
2026-04-28 13:07:49,870 | INFO | [HOLD] 005930 | 현재가 222,750원 | 기준가 224,500원 대비 돌파 기준 226,745원에 아직 도달하지 않아 관망합니다
2026-04-28 13:07:49,870 | INFO | market price loaded from cache
2026-04-28 13:07:49,870 | INFO | [HOLD] 001510 | 현재가 5,940원 | 보유 중이지만 익절 목표 6,048원과 손절 기준 5,841원 사이에 있어 유지합니다
2026-04-28 13:07:54,871 | INFO | account balance loaded from cache
2026-04-28 13:07:54,871 | INFO | market price loaded from cache
2026-04-28 13:07:54,871 | INFO | market price loaded from cache
2026-04-28 13:07:59,872 | INFO | account balance loaded from cache
2026-04-28 13:07:59,872 | INFO | market price loaded from cache
2026-04-28 13:07:59,873 | INFO | market price loaded from cache
2026-04-28 13:08:04,875 | INFO | account balance loaded from cache
2026-04-28 13:08:04,876 | INFO | market price loaded from cache
2026-04-28 13:08:04,876 | INFO | market price loaded from cache
2026-04-28 13:08:09,877 | INFO | account balance loaded from cache
2026-04-28 13:08:09,877 | INFO | market price loaded from cache
2026-04-28 13:08:09,877 | INFO | market price loaded from cache
2026-04-28 13:08:14,880 | INFO | account balance loaded from cache
2026-04-28 13:08:14,880 | INFO | market price loaded from cache
2026-04-28 13:08:14,880 | INFO | market price loaded from cache
2026-04-28 13:08:19,941 | INFO | account balance loaded from api
2026-04-28 13:08:19,941 | INFO | market price loaded from cache
2026-04-28 13:08:19,942 | INFO | [HOLD] 005930 | 현재가 222,750원 | 기준가 224,500원 대비 돌파 기준 226,745원에 아직 도달하지 않아 관망합니다
2026-04-28 13:08:19,942 | INFO | market price loaded from cache
2026-04-28 13:08:19,942 | INFO | [HOLD] 001510 | 현재가 5,940원 | 보유 중이지만 익절 목표 6,048원과 손절 기준 5,841원 사이에 있어 유지합니다
2026-04-28 13:08:24,943 | INFO | account balance loaded from cache
2026-04-28 13:08:24,943 | INFO | market price loaded from cache
2026-04-28 13:08:24,943 | INFO | market price loaded from cache
2026-04-28 13:08:29,944 | INFO | account balance loaded from cache
2026-04-28 13:08:29,944 | INFO | market price loaded from cache
2026-04-28 13:08:29,944 | INFO | market price loaded from cache
2026-04-28 13:08:34,945 | INFO | account balance loaded from cache
2026-04-28 13:08:34,945 | INFO | market price loaded from cache
2026-04-28 13:08:34,945 | INFO | market price loaded from cache
2026-04-28 13:08:39,946 | INFO | account balance loaded from cache
2026-04-28 13:08:39,946 | INFO | market price loaded from cache
2026-04-28 13:08:39,946 | INFO | market price loaded from cache
2026-04-28 13:08:44,947 | INFO | account balance loaded from cache
2026-04-28 13:08:44,948 | INFO | market price loaded from cache
2026-04-28 13:08:44,948 | INFO | market price loaded from cache
2026-04-28 13:08:49,949 | INFO | account balance loaded from cache
2026-04-28 13:08:49,949 | INFO | market price loaded from cache
2026-04-28 13:08:49,949 | INFO | [HOLD] 005930 | 현재가 222,750원 | 기준가 224,500원 대비 돌파 기준 226,745원에 아직 도달하지 않아 관망합니다
2026-04-28 13:08:49,949 | INFO | market price loaded from cache
2026-04-28 13:08:49,949 | INFO | [HOLD] 001510 | 현재가 5,940원 | 보유 중이지만 익절 목표 6,048원과 손절 기준 5,841원 사이에 있어 유지합니다
2026-04-28 13:08:54,950 | INFO | account balance loaded from cache
2026-04-28 13:08:54,950 | INFO | market price loaded from cache
2026-04-28 13:08:54,950 | INFO | market price loaded from cache
2026-04-28 13:08:59,951 | INFO | account balance loaded from cache
2026-04-28 13:08:59,951 | INFO | market price loaded from cache
2026-04-28 13:08:59,951 | INFO | market price loaded from cache
2026-04-28 13:09:04,953 | INFO | account balance loaded from cache
2026-04-28 13:09:04,953 | INFO | market price loaded from cache
2026-04-28 13:09:04,953 | INFO | market price loaded from cache
2026-04-28 13:09:09,954 | INFO | account balance loaded from cache
2026-04-28 13:09:09,954 | INFO | market price loaded from cache
2026-04-28 13:09:09,954 | INFO | market price loaded from cache
2026-04-28 13:09:14,955 | INFO | account balance loaded from cache
2026-04-28 13:09:14,956 | INFO | market price loaded from cache
2026-04-28 13:09:14,956 | INFO | market price loaded from cache
2026-04-28 13:09:19,957 | INFO | account balance loaded from cache
2026-04-28 13:09:19,968 | INFO | market price loaded from api
2026-04-28 13:09:19,968 | INFO | [HOLD] 005930 | 현재가 223,000원 | 기준가 224,500원 대비 돌파 기준 226,745원에 아직 도달하지 않아 관망합니다
2026-04-28 13:09:19,969 | INFO | market price loaded from cache
2026-04-28 13:09:19,969 | INFO | [HOLD] 001510 | 현재가 5,940원 | 보유 중이지만 익절 목표 6,048원과 손절 기준 5,841원 사이에 있어 유지합니다
2026-04-28 13:09:24,970 | INFO | account balance loaded from cache
2026-04-28 13:09:24,970 | INFO | market price loaded from cache
2026-04-28 13:09:24,970 | INFO | market price loaded from cache
2026-04-28 13:09:29,971 | INFO | account balance loaded from cache
2026-04-28 13:09:29,971 | INFO | market price loaded from cache
2026-04-28 13:09:29,971 | INFO | market price loaded from cache
2026-04-28 13:09:34,972 | INFO | account balance loaded from cache
2026-04-28 13:09:34,972 | INFO | market price loaded from cache
2026-04-28 13:09:34,972 | INFO | market price loaded from cache
2026-04-28 13:09:39,973 | INFO | account balance loaded from cache
2026-04-28 13:09:39,973 | INFO | market price loaded from cache
2026-04-28 13:09:39,973 | INFO | market price loaded from cache
2026-04-28 13:09:44,974 | INFO | account balance loaded from cache
2026-04-28 13:09:44,974 | INFO | market price loaded from cache
2026-04-28 13:09:44,974 | INFO | market price loaded from cache
2026-04-28 13:09:49,976 | INFO | account balance loaded from cache
2026-04-28 13:09:49,976 | INFO | market price loaded from cache
2026-04-28 13:09:49,976 | INFO | [HOLD] 005930 | 현재가 223,000원 | 기준가 224,500원 대비 돌파 기준 226,745원에 아직 도달하지 않아 관망합니다
2026-04-28 13:09:49,976 | INFO | market price loaded from cache
2026-04-28 13:09:49,976 | INFO | [HOLD] 001510 | 현재가 5,940원 | 보유 중이지만 익절 목표 6,048원과 손절 기준 5,841원 사이에 있어 유지합니다
2026-04-28 13:09:54,977 | INFO | account balance loaded from cache
2026-04-28 13:09:54,977 | INFO | market price loaded from cache
2026-04-28 13:09:54,977 | INFO | market price loaded from cache
2026-04-28 13:09:59,978 | INFO | account balance loaded from cache
2026-04-28 13:09:59,978 | INFO | market price loaded from cache
2026-04-28 13:09:59,978 | INFO | market price loaded from cache
2026-04-28 13:10:04,979 | INFO | account balance loaded from cache
2026-04-28 13:10:04,979 | INFO | market price loaded from cache
2026-04-28 13:10:04,979 | INFO | market price loaded from cache
2026-04-28 13:10:09,980 | INFO | account balance loaded from cache
2026-04-28 13:10:09,980 | INFO | market price loaded from cache
2026-04-28 13:10:09,981 | INFO | market price loaded from cache
2026-04-28 13:10:14,982 | INFO | account balance loaded from cache
2026-04-28 13:10:14,982 | INFO | market price loaded from cache
2026-04-28 13:10:14,982 | INFO | market price loaded from cache
2026-04-28 13:10:19,983 | INFO | account balance loaded from cache
2026-04-28 13:10:19,984 | INFO | market price loaded from cache
2026-04-28 13:10:19,984 | INFO | [HOLD] 005930 | 현재가 223,000원 | 기준가 224,500원 대비 돌파 기준 226,745원에 아직 도달하지 않아 관망합니다
2026-04-28 13:10:19,984 | INFO | market price loaded from cache
2026-04-28 13:10:19,984 | INFO | [HOLD] 001510 | 현재가 5,940원 | 보유 중이지만 익절 목표 6,048원과 손절 기준 5,841원 사이에 있어 유지합니다
2026-04-28 13:10:24,985 | INFO | account balance loaded from cache
2026-04-28 13:10:24,985 | INFO | market price loaded from cache
2026-04-28 13:10:24,985 | INFO | market price loaded from cache
2026-04-28 13:10:29,986 | INFO | account balance loaded from cache
2026-04-28 13:10:29,986 | INFO | market price loaded from cache
2026-04-28 13:10:29,987 | INFO | market price loaded from cache
2026-04-28 13:10:34,988 | INFO | account balance loaded from cache
2026-04-28 13:10:34,988 | INFO | market price loaded from cache
2026-04-28 13:10:34,988 | INFO | market price loaded from cache
2026-04-28 13:10:39,989 | INFO | account balance loaded from cache
2026-04-28 13:10:39,989 | INFO | market price loaded from cache
2026-04-28 13:10:39,989 | INFO | market price loaded from cache
2026-04-28 13:10:44,991 | INFO | account balance loaded from cache
2026-04-28 13:10:44,991 | INFO | market price loaded from cache
2026-04-28 13:10:44,991 | INFO | market price loaded from cache
2026-04-28 13:10:49,993 | INFO | account balance loaded from cache
2026-04-28 13:10:49,993 | INFO | market price loaded from cache
2026-04-28 13:10:49,993 | INFO | [HOLD] 005930 | 현재가 223,000원 | 기준가 224,500원 대비 돌파 기준 226,745원에 아직 도달하지 않아 관망합니다
2026-04-28 13:10:49,994 | INFO | market price loaded from cache
2026-04-28 13:10:49,994 | INFO | [HOLD] 001510 | 현재가 5,940원 | 보유 중이지만 익절 목표 6,048원과 손절 기준 5,841원 사이에 있어 유지합니다
2026-04-28 13:10:54,995 | INFO | account balance loaded from cache
2026-04-28 13:10:54,995 | INFO | market price loaded from cache
2026-04-28 13:10:54,995 | INFO | market price loaded from cache
2026-04-28 13:10:59,996 | INFO | account balance loaded from cache
2026-04-28 13:10:59,996 | INFO | market price loaded from cache
2026-04-28 13:10:59,996 | INFO | market price loaded from cache
2026-04-28 13:11:04,997 | INFO | account balance loaded from cache
2026-04-28 13:11:04,997 | INFO | market price loaded from cache
2026-04-28 13:11:04,997 | INFO | market price loaded from cache
2026-04-28 13:11:09,998 | INFO | account balance loaded from cache
2026-04-28 13:11:09,998 | INFO | market price loaded from cache
2026-04-28 13:11:09,998 | INFO | market price loaded from cache
2026-04-28 13:11:14,999 | INFO | account balance loaded from cache
2026-04-28 13:11:14,999 | INFO | market price loaded from cache
2026-04-28 13:11:15,000 | INFO | market price loaded from cache
2026-04-28 13:11:20,107 | INFO | account balance loaded from api
2026-04-28 13:11:20,108 | INFO | market price loaded from cache
2026-04-28 13:11:20,108 | INFO | [HOLD] 005930 | 현재가 223,000원 | 기준가 224,500원 대비 돌파 기준 226,745원에 아직 도달하지 않아 관망합니다
2026-04-28 13:11:20,108 | INFO | market price loaded from cache
2026-04-28 13:11:20,108 | INFO | [HOLD] 001510 | 현재가 5,940원 | 보유 중이지만 익절 목표 6,048원과 손절 기준 5,841원 사이에 있어 유지합니다
2026-04-28 13:11:25,109 | INFO | account balance loaded from cache
2026-04-28 13:11:25,109 | INFO | market price loaded from cache
2026-04-28 13:11:25,109 | INFO | market price loaded from cache
2026-04-28 13:11:30,111 | INFO | account balance loaded from cache
2026-04-28 13:11:30,111 | INFO | market price loaded from cache
2026-04-28 13:11:30,111 | INFO | market price loaded from cache
2026-04-28 13:11:35,112 | INFO | account balance loaded from cache
2026-04-28 13:11:35,112 | INFO | market price loaded from cache
2026-04-28 13:11:35,112 | INFO | market price loaded from cache
2026-04-28 13:11:40,113 | INFO | account balance loaded from cache
2026-04-28 13:11:40,113 | INFO | market price loaded from cache
2026-04-28 13:11:40,113 | INFO | market price loaded from cache
2026-04-28 13:11:45,114 | INFO | account balance loaded from cache
2026-04-28 13:11:45,115 | INFO | market price loaded from cache
2026-04-28 13:11:45,115 | INFO | market price loaded from cache
2026-04-28 13:11:50,115 | INFO | account balance loaded from cache
2026-04-28 13:11:50,116 | INFO | market price loaded from cache
2026-04-28 13:11:50,116 | INFO | [HOLD] 005930 | 현재가 223,000원 | 기준가 224,500원 대비 돌파 기준 226,745원에 아직 도달하지 않아 관망합니다
2026-04-28 13:11:50,116 | INFO | market price loaded from cache
2026-04-28 13:11:50,116 | INFO | [HOLD] 001510 | 현재가 5,940원 | 보유 중이지만 익절 목표 6,048원과 손절 기준 5,841원 사이에 있어 유지합니다
2026-04-28 13:11:55,116 | INFO | account balance loaded from cache
2026-04-28 13:11:55,116 | INFO | market price loaded from cache
2026-04-28 13:11:55,117 | INFO | market price loaded from cache
2026-04-28 13:12:00,118 | INFO | account balance loaded from cache
2026-04-28 13:12:00,118 | INFO | market price loaded from cache
2026-04-28 13:12:00,119 | INFO | market price loaded from cache
2026-04-28 13:12:05,121 | INFO | account balance loaded from cache
2026-04-28 13:12:05,121 | INFO | market price loaded from cache
2026-04-28 13:12:05,121 | INFO | market price loaded from cache
2026-04-28 13:12:10,122 | INFO | account balance loaded from cache
2026-04-28 13:12:10,122 | INFO | market price loaded from cache
2026-04-28 13:12:10,122 | INFO | market price loaded from cache
2026-04-28 13:12:15,123 | INFO | account balance loaded from cache
2026-04-28 13:12:15,123 | INFO | market price loaded from cache
2026-04-28 13:12:15,123 | INFO | market price loaded from cache
2026-04-28 13:12:20,124 | INFO | account balance loaded from cache
2026-04-28 13:12:20,124 | INFO | market price loaded from cache
2026-04-28 13:12:20,124 | INFO | [HOLD] 005930 | 현재가 223,000원 | 기준가 224,500원 대비 돌파 기준 226,745원에 아직 도달하지 않아 관망합니다
2026-04-28 13:12:20,137 | INFO | market price loaded from api
2026-04-28 13:12:20,138 | INFO | [HOLD] 001510 | 현재가 5,960원 | 보유 중이지만 익절 목표 6,048원과 손절 기준 5,841원 사이에 있어 유지합니다
2026-04-28 13:12:25,139 | INFO | account balance loaded from cache
2026-04-28 13:12:25,139 | INFO | market price loaded from cache
2026-04-28 13:12:25,139 | INFO | market price loaded from cache
2026-04-28 13:12:30,140 | INFO | account balance loaded from cache
2026-04-28 13:12:30,140 | INFO | market price loaded from cache
2026-04-28 13:12:30,140 | INFO | market price loaded from cache
2026-04-28 13:12:35,141 | INFO | account balance loaded from cache
2026-04-28 13:12:35,141 | INFO | market price loaded from cache
2026-04-28 13:12:35,141 | INFO | market price loaded from cache
2026-04-28 13:12:40,143 | INFO | account balance loaded from cache
2026-04-28 13:12:40,143 | INFO | market price loaded from cache
2026-04-28 13:12:40,143 | INFO | market price loaded from cache
2026-04-28 13:12:45,144 | INFO | account balance loaded from cache
2026-04-28 13:12:45,144 | INFO | market price loaded from cache
2026-04-28 13:12:45,144 | INFO | market price loaded from cache
2026-04-28 13:12:50,145 | INFO | account balance loaded from cache
2026-04-28 13:12:50,145 | INFO | market price loaded from cache
2026-04-28 13:12:50,145 | INFO | [HOLD] 005930 | 현재가 223,000원 | 기준가 224,500원 대비 돌파 기준 226,745원에 아직 도달하지 않아 관망합니다
2026-04-28 13:12:50,145 | INFO | market price loaded from cache
2026-04-28 13:12:50,145 | INFO | [HOLD] 001510 | 현재가 5,960원 | 보유 중이지만 익절 목표 6,048원과 손절 기준 5,841원 사이에 있어 유지합니다
2026-04-28 13:12:55,146 | INFO | account balance loaded from cache
2026-04-28 13:12:55,146 | INFO | market price loaded from cache
2026-04-28 13:12:55,146 | INFO | market price loaded from cache
2026-04-28 13:13:00,147 | INFO | account balance loaded from cache
2026-04-28 13:13:00,147 | INFO | market price loaded from cache
2026-04-28 13:13:00,147 | INFO | market price loaded from cache
2026-04-28 13:13:05,149 | INFO | account balance loaded from cache
2026-04-28 13:13:05,149 | INFO | market price loaded from cache
2026-04-28 13:13:05,149 | INFO | market price loaded from cache
2026-04-28 13:13:10,150 | INFO | account balance loaded from cache
2026-04-28 13:13:10,150 | INFO | market price loaded from cache
2026-04-28 13:13:10,150 | INFO | market price loaded from cache
2026-04-28 13:13:15,151 | INFO | account balance loaded from cache
2026-04-28 13:13:15,151 | INFO | market price loaded from cache
2026-04-28 13:13:15,151 | INFO | market price loaded from cache
2026-04-28 13:13:20,152 | INFO | account balance loaded from cache
2026-04-28 13:13:20,152 | INFO | market price loaded from cache
2026-04-28 13:13:20,152 | INFO | [HOLD] 005930 | 현재가 223,000원 | 기준가 224,500원 대비 돌파 기준 226,745원에 아직 도달하지 않아 관망합니다
2026-04-28 13:13:20,152 | INFO | market price loaded from cache
2026-04-28 13:13:20,152 | INFO | [HOLD] 001510 | 현재가 5,960원 | 보유 중이지만 익절 목표 6,048원과 손절 기준 5,841원 사이에 있어 유지합니다
2026-04-28 13:13:25,153 | INFO | account balance loaded from cache
2026-04-28 13:13:25,153 | INFO | market price loaded from cache
2026-04-28 13:13:25,153 | INFO | market price loaded from cache
2026-04-28 13:13:30,154 | INFO | account balance loaded from cache
2026-04-28 13:13:30,154 | INFO | market price loaded from cache
2026-04-28 13:13:30,154 | INFO | market price loaded from cache
2026-04-28 13:13:35,155 | INFO | account balance loaded from cache
2026-04-28 13:13:35,155 | INFO | market price loaded from cache
2026-04-28 13:13:35,155 | INFO | market price loaded from cache
2026-04-28 13:13:40,157 | INFO | account balance loaded from cache
2026-04-28 13:13:40,157 | INFO | market price loaded from cache
2026-04-28 13:13:40,157 | INFO | market price loaded from cache
2026-04-28 13:13:45,158 | INFO | account balance loaded from cache
2026-04-28 13:13:45,158 | INFO | market price loaded from cache
2026-04-28 13:13:45,158 | INFO | market price loaded from cache
2026-04-28 13:13:50,159 | INFO | account balance loaded from cache
2026-04-28 13:13:50,160 | INFO | market price loaded from cache
2026-04-28 13:13:50,160 | INFO | [HOLD] 005930 | 현재가 223,000원 | 기준가 224,500원 대비 돌파 기준 226,745원에 아직 도달하지 않아 관망합니다
2026-04-28 13:13:50,160 | INFO | market price loaded from cache
2026-04-28 13:13:50,160 | INFO | [HOLD] 001510 | 현재가 5,960원 | 보유 중이지만 익절 목표 6,048원과 손절 기준 5,841원 사이에 있어 유지합니다
2026-04-28 13:13:55,160 | INFO | account balance loaded from cache
2026-04-28 13:13:55,160 | INFO | market price loaded from cache
2026-04-28 13:13:55,161 | INFO | market price loaded from cache
2026-04-28 13:14:00,161 | INFO | account balance loaded from cache
2026-04-28 13:14:00,162 | INFO | market price loaded from cache
2026-04-28 13:14:00,162 | INFO | market price loaded from cache
2026-04-28 13:14:05,163 | INFO | account balance loaded from cache
2026-04-28 13:14:05,163 | INFO | market price loaded from cache
2026-04-28 13:14:05,163 | INFO | market price loaded from cache
2026-04-28 13:14:10,164 | INFO | account balance loaded from cache
2026-04-28 13:14:10,164 | INFO | market price loaded from cache
2026-04-28 13:14:10,165 | INFO | market price loaded from cache
2026-04-28 13:14:15,166 | INFO | account balance loaded from cache
2026-04-28 13:14:15,166 | INFO | market price loaded from cache
2026-04-28 13:14:15,166 | INFO | market price loaded from cache
2026-04-28 13:14:20,248 | INFO | account balance loaded from api
2026-04-28 13:14:20,256 | INFO | market price loaded from api
2026-04-28 13:14:20,257 | INFO | [HOLD] 005930 | 현재가 223,000원 | 기준가 224,500원 대비 돌파 기준 226,745원에 아직 도달하지 않아 관망합니다
2026-04-28 13:14:20,257 | INFO | market price loaded from cache
2026-04-28 13:14:20,257 | INFO | [HOLD] 001510 | 현재가 5,960원 | 보유 중이지만 익절 목표 6,048원과 손절 기준 5,841원 사이에 있어 유지합니다
2026-04-28 13:14:25,257 | INFO | account balance loaded from cache
2026-04-28 13:14:25,258 | INFO | market price loaded from cache
2026-04-28 13:14:25,258 | INFO | market price loaded from cache
2026-04-28 13:14:30,259 | INFO | account balance loaded from cache
2026-04-28 13:14:30,259 | INFO | market price loaded from cache
2026-04-28 13:14:30,259 | INFO | market price loaded from cache
2026-04-28 13:14:35,260 | INFO | account balance loaded from cache
2026-04-28 13:14:35,260 | INFO | market price loaded from cache
2026-04-28 13:14:35,260 | INFO | market price loaded from cache
2026-04-28 13:14:40,261 | INFO | account balance loaded from cache
2026-04-28 13:14:40,261 | INFO | market price loaded from cache
2026-04-28 13:14:40,261 | INFO | market price loaded from cache
2026-04-28 13:14:45,262 | INFO | account balance loaded from cache
2026-04-28 13:14:45,262 | INFO | market price loaded from cache
2026-04-28 13:14:45,262 | INFO | market price loaded from cache
2026-04-28 13:14:50,263 | INFO | account balance loaded from cache
2026-04-28 13:14:50,263 | INFO | market price loaded from cache
2026-04-28 13:14:50,263 | INFO | [HOLD] 005930 | 현재가 223,000원 | 기준가 224,500원 대비 돌파 기준 226,745원에 아직 도달하지 않아 관망합니다
2026-04-28 13:14:50,263 | INFO | market price loaded from cache
2026-04-28 13:14:50,263 | INFO | [HOLD] 001510 | 현재가 5,960원 | 보유 중이지만 익절 목표 6,048원과 손절 기준 5,841원 사이에 있어 유지합니다
2026-04-28 13:14:55,264 | INFO | account balance loaded from cache
2026-04-28 13:14:55,264 | INFO | market price loaded from cache
2026-04-28 13:14:55,264 | INFO | market price loaded from cache
2026-04-28 13:15:00,265 | INFO | account balance loaded from cache
2026-04-28 13:15:00,265 | INFO | market price loaded from cache
2026-04-28 13:15:00,265 | INFO | market price loaded from cache
2026-04-28 13:15:05,266 | INFO | account balance loaded from cache
2026-04-28 13:15:05,266 | INFO | market price loaded from cache
2026-04-28 13:15:05,266 | INFO | market price loaded from cache
2026-04-28 13:15:10,267 | INFO | account balance loaded from cache
2026-04-28 13:15:10,267 | INFO | market price loaded from cache
2026-04-28 13:15:10,267 | INFO | market price loaded from cache
2026-04-28 13:15:15,268 | INFO | account balance loaded from cache
2026-04-28 13:15:15,268 | INFO | market price loaded from cache
2026-04-28 13:15:15,268 | INFO | market price loaded from cache
2026-04-28 13:15:20,269 | INFO | account balance loaded from cache
2026-04-28 13:15:20,269 | INFO | market price loaded from cache
2026-04-28 13:15:20,269 | INFO | [HOLD] 005930 | 현재가 223,000원 | 기준가 224,500원 대비 돌파 기준 226,745원에 아직 도달하지 않아 관망합니다
2026-04-28 13:15:20,269 | INFO | market price loaded from cache
2026-04-28 13:15:20,269 | INFO | [HOLD] 001510 | 현재가 5,960원 | 보유 중이지만 익절 목표 6,048원과 손절 기준 5,841원 사이에 있어 유지합니다
2026-04-28 13:15:25,270 | INFO | account balance loaded from cache
2026-04-28 13:15:25,270 | INFO | market price loaded from cache
2026-04-28 13:15:25,270 | INFO | market price loaded from cache
2026-04-28 13:15:30,271 | INFO | account balance loaded from cache
2026-04-28 13:15:30,271 | INFO | market price loaded from cache
2026-04-28 13:15:30,271 | INFO | market price loaded from cache
2026-04-28 13:15:35,272 | INFO | account balance loaded from cache
2026-04-28 13:15:35,272 | INFO | market price loaded from cache
2026-04-28 13:15:35,272 | INFO | market price loaded from cache
2026-04-28 13:15:40,273 | INFO | account balance loaded from cache
2026-04-28 13:15:40,273 | INFO | market price loaded from cache
2026-04-28 13:15:40,273 | INFO | market price loaded from cache
2026-04-28 13:15:45,274 | INFO | account balance loaded from cache
2026-04-28 13:15:45,274 | INFO | market price loaded from cache
2026-04-28 13:15:45,274 | INFO | market price loaded from cache
2026-04-28 13:15:50,275 | INFO | account balance loaded from cache
2026-04-28 13:15:50,275 | INFO | market price loaded from cache
2026-04-28 13:15:50,275 | INFO | [HOLD] 005930 | 현재가 223,000원 | 기준가 224,500원 대비 돌파 기준 226,745원에 아직 도달하지 않아 관망합니다
2026-04-28 13:15:50,275 | INFO | market price loaded from cache
2026-04-28 13:15:50,276 | INFO | [HOLD] 001510 | 현재가 5,960원 | 보유 중이지만 익절 목표 6,048원과 손절 기준 5,841원 사이에 있어 유지합니다
2026-04-28 13:15:55,276 | INFO | account balance loaded from cache
2026-04-28 13:15:55,276 | INFO | market price loaded from cache
2026-04-28 13:15:55,276 | INFO | market price loaded from cache
2026-04-28 13:16:00,277 | INFO | account balance loaded from cache
2026-04-28 13:16:00,277 | INFO | market price loaded from cache
2026-04-28 13:16:00,278 | INFO | market price loaded from cache
2026-04-28 13:16:05,279 | INFO | account balance loaded from cache
2026-04-28 13:16:05,279 | INFO | market price loaded from cache
2026-04-28 13:16:05,279 | INFO | market price loaded from cache
2026-04-28 13:16:10,280 | INFO | account balance loaded from cache
2026-04-28 13:16:10,280 | INFO | market price loaded from cache
2026-04-28 13:16:10,281 | INFO | market price loaded from cache
2026-04-28 13:16:15,282 | INFO | account balance loaded from cache
2026-04-28 13:16:15,282 | INFO | market price loaded from cache
2026-04-28 13:16:15,282 | INFO | market price loaded from cache
2026-04-28 13:16:20,283 | INFO | account balance loaded from cache
2026-04-28 13:16:20,283 | INFO | market price loaded from cache
2026-04-28 13:16:20,283 | INFO | [HOLD] 005930 | 현재가 223,000원 | 기준가 224,500원 대비 돌파 기준 226,745원에 아직 도달하지 않아 관망합니다
2026-04-28 13:16:20,283 | INFO | market price loaded from cache
2026-04-28 13:16:20,283 | INFO | [HOLD] 001510 | 현재가 5,960원 | 보유 중이지만 익절 목표 6,048원과 손절 기준 5,841원 사이에 있어 유지합니다
2026-04-28 13:16:25,284 | INFO | account balance loaded from cache
2026-04-28 13:16:25,284 | INFO | market price loaded from cache
2026-04-28 13:16:25,284 | INFO | market price loaded from cache
2026-04-28 13:16:30,285 | INFO | account balance loaded from cache
2026-04-28 13:16:30,286 | INFO | market price loaded from cache
2026-04-28 13:16:30,286 | INFO | market price loaded from cache
2026-04-28 13:16:35,288 | INFO | account balance loaded from cache
2026-04-28 13:16:35,288 | INFO | market price loaded from cache
2026-04-28 13:16:35,288 | INFO | market price loaded from cache
2026-04-28 13:16:40,290 | INFO | account balance loaded from cache
2026-04-28 13:16:40,291 | INFO | market price loaded from cache
2026-04-28 13:16:40,291 | INFO | market price loaded from cache
2026-04-28 13:16:45,294 | INFO | account balance loaded from cache
2026-04-28 13:16:45,294 | INFO | market price loaded from cache
2026-04-28 13:16:45,294 | INFO | market price loaded from cache
2026-04-28 13:16:50,295 | INFO | account balance loaded from cache
2026-04-28 13:16:50,295 | INFO | market price loaded from cache
2026-04-28 13:16:50,295 | INFO | [HOLD] 005930 | 현재가 223,000원 | 기준가 224,500원 대비 돌파 기준 226,745원에 아직 도달하지 않아 관망합니다
2026-04-28 13:16:50,295 | INFO | market price loaded from cache
2026-04-28 13:16:50,295 | INFO | [HOLD] 001510 | 현재가 5,960원 | 보유 중이지만 익절 목표 6,048원과 손절 기준 5,841원 사이에 있어 유지합니다
2026-04-28 13:16:55,296 | INFO | account balance loaded from cache
2026-04-28 13:16:55,296 | INFO | market price loaded from cache
2026-04-28 13:16:55,296 | INFO | market price loaded from cache
2026-04-28 13:17:00,297 | INFO | account balance loaded from cache
2026-04-28 13:17:00,298 | INFO | market price loaded from cache
2026-04-28 13:17:00,298 | INFO | market price loaded from cache
2026-04-28 13:17:05,298 | INFO | account balance loaded from cache
2026-04-28 13:17:05,299 | INFO | market price loaded from cache
2026-04-28 13:17:05,299 | INFO | market price loaded from cache
2026-04-28 13:17:10,299 | INFO | account balance loaded from cache
2026-04-28 13:17:10,299 | INFO | market price loaded from cache
2026-04-28 13:17:10,300 | INFO | market price loaded from cache
2026-04-28 13:17:15,300 | INFO | account balance loaded from cache
2026-04-28 13:17:15,300 | INFO | market price loaded from cache
2026-04-28 13:17:15,301 | INFO | market price loaded from cache
2026-04-28 13:17:20,355 | INFO | account balance loaded from api
2026-04-28 13:17:20,356 | INFO | market price loaded from cache
2026-04-28 13:17:20,356 | INFO | [HOLD] 005930 | 현재가 223,000원 | 기준가 224,500원 대비 돌파 기준 226,745원에 아직 도달하지 않아 관망합니다
2026-04-28 13:17:20,364 | INFO | market price loaded from api
2026-04-28 13:17:20,365 | INFO | [HOLD] 001510 | 현재가 6,040원 | 보유 중이지만 익절 목표 6,048원과 손절 기준 5,841원 사이에 있어 유지합니다
2026-04-28 13:17:25,366 | INFO | account balance loaded from cache

2026-04-28 13:39:49,730 | INFO | loaded targets: ['001510', '047040']
2026-04-28 13:39:49,783 | INFO | application started
2026-04-28 13:39:49,820 | INFO | account balance loaded from api
2026-04-28 13:39:49,829 | INFO | market price loaded from api
2026-04-28 13:39:49,830 | INFO | [HOLD] 001510 | 현재가 5,940원 | 보유 중이지만 익절 목표 6,048원과 손절 기준 5,841원 사이에 있어 유지합니다
2026-04-28 13:39:49,838 | INFO | market price loaded from api
2026-04-28 13:39:49,838 | INFO | [HOLD] 047040 | 현재가 38,700원 | 보유 중이지만 익절 목표 39,627원과 손절 기준 38,267원 사이에 있어 유지합니다
2026-04-28 13:39:54,839 | INFO | account balance loaded from cache
2026-04-28 13:39:54,840 | INFO | market price loaded from cache
2026-04-28 13:39:54,840 | INFO | market price loaded from cache
2026-04-28 13:39:59,844 | INFO | account balance loaded from cache
2026-04-28 13:39:59,844 | INFO | market price loaded from cache
2026-04-28 13:39:59,844 | INFO | market price loaded from cache
2026-04-28 13:40:04,845 | INFO | account balance loaded from cache
2026-04-28 13:40:04,845 | INFO | market price loaded from cache
2026-04-28 13:40:04,845 | INFO | market price loaded from cache
2026-04-28 13:40:09,846 | INFO | account balance loaded from cache
2026-04-28 13:40:09,847 | INFO | market price loaded from cache
2026-04-28 13:40:09,847 | INFO | market price loaded from cache
2026-04-28 13:40:14,850 | INFO | account balance loaded from cache
2026-04-28 13:40:14,850 | INFO | market price loaded from cache
2026-04-28 13:40:14,850 | INFO | market price loaded from cache
2026-04-28 13:40:19,853 | INFO | account balance loaded from cache
2026-04-28 13:40:19,853 | INFO | market price loaded from cache
2026-04-28 13:40:19,853 | INFO | [HOLD] 001510 | 현재가 5,940원 | 보유 중이지만 익절 목표 6,048원과 손절 기준 5,841원 사이에 있어 유지합니다
2026-04-28 13:40:19,853 | INFO | market price loaded from cache
2026-04-28 13:40:19,853 | INFO | [HOLD] 047040 | 현재가 38,700원 | 보유 중이지만 익절 목표 39,627원과 손절 기준 38,267원 사이에 있어 유지합니다
2026-04-28 13:40:24,854 | INFO | account balance loaded from cache
2026-04-28 13:40:24,854 | INFO | market price loaded from cache
2026-04-28 13:40:24,854 | INFO | market price loaded from cache
2026-04-28 13:40:29,855 | INFO | account balance loaded from cache
2026-04-28 13:40:29,855 | INFO | market price loaded from cache
2026-04-28 13:40:29,855 | INFO | market price loaded from cache
2026-04-28 13:40:34,856 | INFO | account balance loaded from cache
2026-04-28 13:40:34,857 | INFO | market price loaded from cache
2026-04-28 13:40:34,857 | INFO | market price loaded from cache
2026-04-28 13:40:39,858 | INFO | account balance loaded from cache
2026-04-28 13:40:39,858 | INFO | market price loaded from cache
2026-04-28 13:40:39,858 | INFO | market price loaded from cache
2026-04-28 13:40:44,859 | INFO | account balance loaded from cache
2026-04-28 13:40:44,859 | INFO | market price loaded from cache
2026-04-28 13:40:44,860 | INFO | market price loaded from cache
2026-04-28 13:40:49,863 | INFO | account balance loaded from cache
2026-04-28 13:40:49,863 | INFO | market price loaded from cache
2026-04-28 13:40:49,863 | INFO | [HOLD] 001510 | 현재가 5,940원 | 보유 중이지만 익절 목표 6,048원과 손절 기준 5,841원 사이에 있어 유지합니다
2026-04-28 13:40:49,863 | INFO | market price loaded from cache
2026-04-28 13:40:49,863 | INFO | [HOLD] 047040 | 현재가 38,700원 | 보유 중이지만 익절 목표 39,627원과 손절 기준 38,267원 사이에 있어 유지합니다
2026-04-28 13:40:54,864 | INFO | account balance loaded from cache
2026-04-28 13:40:54,864 | INFO | market price loaded from cache
2026-04-28 13:40:54,864 | INFO | market price loaded from cache
2026-04-28 13:40:59,866 | INFO | account balance loaded from cache
2026-04-28 13:40:59,866 | INFO | market price loaded from cache
2026-04-28 13:40:59,866 | INFO | market price loaded from cache
2026-04-28 13:41:04,867 | INFO | account balance loaded from cache
2026-04-28 13:41:04,867 | INFO | market price loaded from cache
2026-04-28 13:41:04,867 | INFO | market price loaded from cache
2026-04-28 13:41:09,868 | INFO | account balance loaded from cache
2026-04-28 13:41:09,869 | INFO | market price loaded from cache
2026-04-28 13:41:09,869 | INFO | market price loaded from cache
2026-04-28 13:41:14,870 | INFO | account balance loaded from cache
2026-04-28 13:41:14,870 | INFO | market price loaded from cache
2026-04-28 13:41:14,870 | INFO | market price loaded from cache
2026-04-28 13:41:19,870 | INFO | account balance loaded from cache
2026-04-28 13:41:19,871 | INFO | market price loaded from cache
2026-04-28 13:41:19,871 | INFO | [HOLD] 001510 | 현재가 5,940원 | 보유 중이지만 익절 목표 6,048원과 손절 기준 5,841원 사이에 있어 유지합니다
2026-04-28 13:41:19,871 | INFO | market price loaded from cache
2026-04-28 13:41:19,871 | INFO | [HOLD] 047040 | 현재가 38,700원 | 보유 중이지만 익절 목표 39,627원과 손절 기준 38,267원 사이에 있어 유지합니다
2026-04-28 13:41:24,872 | INFO | account balance loaded from cache
2026-04-28 13:41:24,872 | INFO | market price loaded from cache
2026-04-28 13:41:24,872 | INFO | market price loaded from cache
2026-04-28 13:41:29,873 | INFO | account balance loaded from cache
2026-04-28 13:41:29,873 | INFO | market price loaded from cache
2026-04-28 13:41:29,873 | INFO | market price loaded from cache
2026-04-28 13:41:34,874 | INFO | account balance loaded from cache
2026-04-28 13:41:34,874 | INFO | market price loaded from cache
2026-04-28 13:41:34,874 | INFO | market price loaded from cache
2026-04-28 13:41:39,875 | INFO | account balance loaded from cache
2026-04-28 13:41:39,875 | INFO | market price loaded from cache
2026-04-28 13:41:39,875 | INFO | market price loaded from cache
2026-04-28 13:41:44,876 | INFO | account balance loaded from cache
2026-04-28 13:41:44,876 | INFO | market price loaded from cache
2026-04-28 13:41:44,876 | INFO | market price loaded from cache
2026-04-28 13:41:49,877 | INFO | account balance loaded from cache
2026-04-28 13:41:49,877 | INFO | market price loaded from cache
2026-04-28 13:41:49,877 | INFO | [HOLD] 001510 | 현재가 5,940원 | 보유 중이지만 익절 목표 6,048원과 손절 기준 5,841원 사이에 있어 유지합니다
2026-04-28 13:41:49,877 | INFO | market price loaded from cache
2026-04-28 13:41:49,878 | INFO | [HOLD] 047040 | 현재가 38,700원 | 보유 중이지만 익절 목표 39,627원과 손절 기준 38,267원 사이에 있어 유지합니다
2026-04-28 13:41:54,878 | INFO | account balance loaded from cache
2026-04-28 13:41:54,878 | INFO | market price loaded from cache
2026-04-28 13:41:54,879 | INFO | market price loaded from cache
2026-04-28 13:41:59,879 | INFO | account balance loaded from cache
2026-04-28 13:41:59,880 | INFO | market price loaded from cache
2026-04-28 13:41:59,880 | INFO | market price loaded from cache
2026-04-28 13:42:04,881 | INFO | account balance loaded from cache
2026-04-28 13:42:04,881 | INFO | market price loaded from cache
2026-04-28 13:42:04,881 | INFO | market price loaded from cache
2026-04-28 13:42:09,882 | INFO | account balance loaded from cache
2026-04-28 13:42:09,882 | INFO | market price loaded from cache
2026-04-28 13:42:09,882 | INFO | market price loaded from cache
2026-04-28 13:42:14,883 | INFO | account balance loaded from cache
2026-04-28 13:42:14,883 | INFO | market price loaded from cache
2026-04-28 13:42:14,883 | INFO | market price loaded from cache
2026-04-28 13:42:19,884 | INFO | account balance loaded from cache
2026-04-28 13:42:19,884 | INFO | market price loaded from cache
2026-04-28 13:42:19,884 | INFO | [HOLD] 001510 | 현재가 5,940원 | 보유 중이지만 익절 목표 6,048원과 손절 기준 5,841원 사이에 있어 유지합니다
2026-04-28 13:42:19,885 | INFO | market price loaded from cache
2026-04-28 13:42:19,885 | INFO | [HOLD] 047040 | 현재가 38,700원 | 보유 중이지만 익절 목표 39,627원과 손절 기준 38,267원 사이에 있어 유지합니다
2026-04-28 13:42:24,885 | INFO | account balance loaded from cache
2026-04-28 13:42:24,886 | INFO | market price loaded from cache
2026-04-28 13:42:24,886 | INFO | market price loaded from cache
2026-04-28 13:42:29,887 | INFO | account balance loaded from cache
2026-04-28 13:42:29,887 | INFO | market price loaded from cache
2026-04-28 13:42:29,887 | INFO | market price loaded from cache
2026-04-28 13:42:34,888 | INFO | account balance loaded from cache
2026-04-28 13:42:34,888 | INFO | market price loaded from cache
2026-04-28 13:42:34,888 | INFO | market price loaded from cache
2026-04-28 13:42:39,889 | INFO | account balance loaded from cache
2026-04-28 13:42:39,889 | INFO | market price loaded from cache
2026-04-28 13:42:39,889 | INFO | market price loaded from cache
2026-04-28 13:42:44,890 | INFO | account balance loaded from cache
2026-04-28 13:42:44,890 | INFO | market price loaded from cache
2026-04-28 13:42:44,890 | INFO | market price loaded from cache
2026-04-28 13:42:50,013 | INFO | account balance loaded from api
2026-04-28 13:42:50,013 | INFO | market price loaded from cache
2026-04-28 13:42:50,013 | INFO | [HOLD] 001510 | 현재가 5,940원 | 보유 중이지만 익절 목표 6,048원과 손절 기준 5,841원 사이에 있어 유지합니다
2026-04-28 13:42:50,013 | INFO | market price loaded from cache
2026-04-28 13:42:50,013 | INFO | [HOLD] 047040 | 현재가 38,700원 | 보유 중이지만 익절 목표 39,627원과 손절 기준 38,267원 사이에 있어 유지합니다
2026-04-28 13:42:55,014 | INFO | account balance loaded from cache
2026-04-28 13:42:55,014 | INFO | market price loaded from cache
2026-04-28 13:42:55,014 | INFO | market price loaded from cache
2026-04-28 13:43:00,015 | INFO | account balance loaded from cache
2026-04-28 13:43:00,015 | INFO | market price loaded from cache
2026-04-28 13:43:00,015 | INFO | market price loaded from cache
2026-04-28 13:43:05,017 | INFO | account balance loaded from cache
2026-04-28 13:43:05,017 | INFO | market price loaded from cache
2026-04-28 13:43:05,017 | INFO | market price loaded from cache
2026-04-28 13:43:10,018 | INFO | account balance loaded from cache
2026-04-28 13:43:10,018 | INFO | market price loaded from cache
2026-04-28 13:43:10,019 | INFO | market price loaded from cache
2026-04-28 13:43:15,022 | INFO | account balance loaded from cache
2026-04-28 13:43:15,022 | INFO | market price loaded from cache
2026-04-28 13:43:15,022 | INFO | market price loaded from cache
2026-04-28 13:43:20,023 | INFO | account balance loaded from cache
2026-04-28 13:43:20,023 | INFO | market price loaded from cache
2026-04-28 13:43:20,023 | INFO | [HOLD] 001510 | 현재가 5,940원 | 보유 중이지만 익절 목표 6,048원과 손절 기준 5,841원 사이에 있어 유지합니다
2026-04-28 13:43:20,023 | INFO | market price loaded from cache
2026-04-28 13:43:20,023 | INFO | [HOLD] 047040 | 현재가 38,700원 | 보유 중이지만 익절 목표 39,627원과 손절 기준 38,267원 사이에 있어 유지합니다
2026-04-28 13:43:25,024 | INFO | account balance loaded from cache
2026-04-28 13:43:25,025 | INFO | market price loaded from cache
2026-04-28 13:43:25,025 | INFO | market price loaded from cache
2026-04-28 13:43:30,026 | INFO | account balance loaded from cache
2026-04-28 13:43:30,026 | INFO | market price loaded from cache
2026-04-28 13:43:30,026 | INFO | market price loaded from cache
2026-04-28 13:43:35,027 | INFO | account balance loaded from cache
2026-04-28 13:43:35,027 | INFO | market price loaded from cache
2026-04-28 13:43:35,027 | INFO | market price loaded from cache
2026-04-28 13:43:40,028 | INFO | account balance loaded from cache
2026-04-28 13:43:40,028 | INFO | market price loaded from cache
2026-04-28 13:43:40,028 | INFO | market price loaded from cache
2026-04-28 13:43:45,029 | INFO | account balance loaded from cache
2026-04-28 13:43:45,029 | INFO | market price loaded from cache
2026-04-28 13:43:45,029 | INFO | market price loaded from cache
2026-04-28 13:43:50,030 | INFO | account balance loaded from cache
2026-04-28 13:43:50,030 | INFO | market price loaded from cache
2026-04-28 13:43:50,031 | INFO | [HOLD] 001510 | 현재가 5,940원 | 보유 중이지만 익절 목표 6,048원과 손절 기준 5,841원 사이에 있어 유지합니다
2026-04-28 13:43:50,031 | INFO | market price loaded from cache
2026-04-28 13:43:50,031 | INFO | [HOLD] 047040 | 현재가 38,700원 | 보유 중이지만 익절 목표 39,627원과 손절 기준 38,267원 사이에 있어 유지합니다
2026-04-28 13:43:55,031 | INFO | account balance loaded from cache
2026-04-28 13:43:55,032 | INFO | market price loaded from cache
2026-04-28 13:43:55,032 | INFO | market price loaded from cache
2026-04-28 13:44:00,033 | INFO | account balance loaded from cache
2026-04-28 13:44:00,033 | INFO | market price loaded from cache
2026-04-28 13:44:00,033 | INFO | market price loaded from cache
2026-04-28 13:44:05,034 | INFO | account balance loaded from cache
2026-04-28 13:44:05,034 | INFO | market price loaded from cache
2026-04-28 13:44:05,034 | INFO | market price loaded from cache
2026-04-28 13:44:10,035 | INFO | account balance loaded from cache
2026-04-28 13:44:10,035 | INFO | market price loaded from cache
2026-04-28 13:44:10,035 | INFO | market price loaded from cache
2026-04-28 13:44:15,036 | INFO | account balance loaded from cache
2026-04-28 13:44:15,036 | INFO | market price loaded from cache
2026-04-28 13:44:15,036 | INFO | market price loaded from cache
2026-04-28 13:44:20,037 | INFO | account balance loaded from cache
2026-04-28 13:44:20,037 | INFO | market price loaded from cache
2026-04-28 13:44:20,037 | INFO | [HOLD] 001510 | 현재가 5,940원 | 보유 중이지만 익절 목표 6,048원과 손절 기준 5,841원 사이에 있어 유지합니다
2026-04-28 13:44:20,038 | INFO | market price loaded from cache
2026-04-28 13:44:20,038 | INFO | [HOLD] 047040 | 현재가 38,700원 | 보유 중이지만 익절 목표 39,627원과 손절 기준 38,267원 사이에 있어 유지합니다
2026-04-28 13:44:25,038 | INFO | account balance loaded from cache
2026-04-28 13:44:25,039 | INFO | market price loaded from cache
2026-04-28 13:44:25,039 | INFO | market price loaded from cache
2026-04-28 13:44:30,040 | INFO | account balance loaded from cache
2026-04-28 13:44:30,040 | INFO | market price loaded from cache
2026-04-28 13:44:30,040 | INFO | market price loaded from cache
2026-04-28 13:44:35,041 | INFO | account balance loaded from cache
2026-04-28 13:44:35,042 | INFO | market price loaded from cache
2026-04-28 13:44:35,042 | INFO | market price loaded from cache
2026-04-28 13:44:40,045 | INFO | account balance loaded from cache
2026-04-28 13:44:40,045 | INFO | market price loaded from cache
2026-04-28 13:44:40,045 | INFO | market price loaded from cache
2026-04-28 13:44:45,046 | INFO | account balance loaded from cache
2026-04-28 13:44:45,046 | INFO | market price loaded from cache
2026-04-28 13:44:45,047 | INFO | market price loaded from cache
2026-04-28 13:44:50,047 | INFO | account balance loaded from cache
2026-04-28 13:44:50,100 | INFO | market price loaded from api
2026-04-28 13:44:50,101 | INFO | [SELL] 001510 | 현재가 5,800원 | 평균단가 5,930원 대비 손절 기준 5,841원 아래로 내려왔습니다
2026-04-28 13:44:50,128 | INFO | [ORDER] 001510 | 매도 주문 접수 완료 | 수량 33주 | 주문번호 0141934
2026-04-28 13:44:50,138 | INFO | market price loaded from api
2026-04-28 13:44:50,139 | INFO | [HOLD] 047040 | 현재가 38,500원 | 보유 중이지만 익절 목표 39,627원과 손절 기준 38,267원 사이에 있어 유지합니다
2026-04-28 13:44:55,181 | INFO | account balance loaded from api
2026-04-28 13:44:55,181 | INFO | market price loaded from cache
2026-04-28 13:44:55,181 | INFO | [BUY ] 001510 | 현재가 5,800원 | 기준가 4,845원 대비 1.0% 돌파 조건을 충족했습니다
2026-04-28 13:44:55,237 | INFO | [ORDER] 001510 | 매수 주문 접수 완료 | 수량 34주 | 주문번호 0141982
2026-04-28 13:44:55,237 | INFO | market price loaded from cache
2026-04-28 13:45:00,325 | INFO | account balance loaded from api
2026-04-28 13:45:00,325 | INFO | market price loaded from cache
2026-04-28 13:45:00,325 | INFO | [HOLD] 001510 | 현재가 5,800원 | 보유 중이지만 익절 목표 5,926원과 손절 기준 5,722원 사이에 있어 유지합니다
2026-04-28 13:45:00,326 | INFO | market price loaded from cache
2026-04-28 13:45:05,327 | INFO | account balance loaded from cache
2026-04-28 13:45:05,327 | INFO | market price loaded from cache
2026-04-28 13:45:05,327 | INFO | market price loaded from cache
2026-04-28 13:45:10,329 | INFO | account balance loaded from cache
2026-04-28 13:45:10,329 | INFO | market price loaded from cache
2026-04-28 13:45:10,329 | INFO | market price loaded from cache
2026-04-28 13:45:15,330 | INFO | account balance loaded from cache
2026-04-28 13:45:15,330 | INFO | market price loaded from cache
2026-04-28 13:45:15,330 | INFO | market price loaded from cache
2026-04-28 13:45:20,331 | INFO | account balance loaded from cache
2026-04-28 13:45:20,331 | INFO | market price loaded from cache
2026-04-28 13:45:20,331 | INFO | market price loaded from cache
2026-04-28 13:45:20,331 | INFO | [HOLD] 047040 | 현재가 38,500원 | 보유 중이지만 익절 목표 39,627원과 손절 기준 38,267원 사이에 있어 유지합니다
2026-04-28 13:45:25,332 | INFO | account balance loaded from cache
2026-04-28 13:45:25,332 | INFO | market price loaded from cache
2026-04-28 13:45:25,332 | INFO | market price loaded from cache
2026-04-28 13:45:30,333 | INFO | account balance loaded from cache
2026-04-28 13:45:30,334 | INFO | market price loaded from cache
2026-04-28 13:45:30,334 | INFO | [HOLD] 001510 | 현재가 5,800원 | 보유 중이지만 익절 목표 5,926원과 손절 기준 5,722원 사이에 있어 유지합니다
2026-04-28 13:45:30,334 | INFO | market price loaded from cache
2026-04-28 13:45:35,335 | INFO | account balance loaded from cache
2026-04-28 13:45:35,335 | INFO | market price loaded from cache
2026-04-28 13:45:35,335 | INFO | market price loaded from cache
2026-04-28 13:45:40,336 | INFO | account balance loaded from cache
2026-04-28 13:45:40,336 | INFO | market price loaded from cache
2026-04-28 13:45:40,337 | INFO | market price loaded from cache
2026-04-28 13:45:45,339 | INFO | account balance loaded from cache
2026-04-28 13:45:45,339 | INFO | market price loaded from cache
2026-04-28 13:45:45,339 | INFO | market price loaded from cache
2026-04-28 13:45:50,340 | INFO | account balance loaded from cache
2026-04-28 13:45:50,340 | INFO | market price loaded from cache
2026-04-28 13:45:50,340 | INFO | market price loaded from cache
2026-04-28 13:45:50,341 | INFO | [HOLD] 047040 | 현재가 38,500원 | 보유 중이지만 익절 목표 39,627원과 손절 기준 38,267원 사이에 있어 유지합니다
2026-04-28 13:45:55,342 | INFO | account balance loaded from cache
2026-04-28 13:45:55,342 | INFO | market price loaded from cache
2026-04-28 13:45:55,342 | INFO | market price loaded from cache
2026-04-28 13:46:00,343 | INFO | account balance loaded from cache
2026-04-28 13:46:00,343 | INFO | market price loaded from cache
2026-04-28 13:46:00,343 | INFO | [HOLD] 001510 | 현재가 5,800원 | 보유 중이지만 익절 목표 5,926원과 손절 기준 5,722원 사이에 있어 유지합니다
2026-04-28 13:46:00,343 | INFO | market price loaded from cache
2026-04-28 13:46:05,344 | INFO | account balance loaded from cache
2026-04-28 13:46:05,344 | INFO | market price loaded from cache
2026-04-28 13:46:05,344 | INFO | market price loaded from cache
2026-04-28 13:46:10,345 | INFO | account balance loaded from cache
2026-04-28 13:46:10,345 | INFO | market price loaded from cache
2026-04-28 13:46:10,346 | INFO | market price loaded from cache
2026-04-28 13:46:15,346 | INFO | account balance loaded from cache
2026-04-28 13:46:15,347 | INFO | market price loaded from cache
2026-04-28 13:46:15,347 | INFO | market price loaded from cache
2026-04-28 13:46:20,348 | INFO | account balance loaded from cache
2026-04-28 13:46:20,348 | INFO | market price loaded from cache
2026-04-28 13:46:20,348 | INFO | market price loaded from cache
2026-04-28 13:46:20,348 | INFO | [HOLD] 047040 | 현재가 38,500원 | 보유 중이지만 익절 목표 39,627원과 손절 기준 38,267원 사이에 있어 유지합니다
2026-04-28 13:46:25,349 | INFO | account balance loaded from cache
2026-04-28 13:46:25,350 | INFO | market price loaded from cache
2026-04-28 13:46:25,350 | INFO | market price loaded from cache
2026-04-28 13:46:30,351 | INFO | account balance loaded from cache
2026-04-28 13:46:30,351 | INFO | market price loaded from cache
2026-04-28 13:46:30,351 | INFO | [HOLD] 001510 | 현재가 5,800원 | 보유 중이지만 익절 목표 5,926원과 손절 기준 5,722원 사이에 있어 유지합니다
2026-04-28 13:46:30,351 | INFO | market price loaded from cache
2026-04-28 13:46:35,352 | INFO | account balance loaded from cache
2026-04-28 13:46:35,352 | INFO | market price loaded from cache
2026-04-28 13:46:35,352 | INFO | market price loaded from cache
2026-04-28 13:46:40,353 | INFO | account balance loaded from cache
2026-04-28 13:46:40,353 | INFO | market price loaded from cache
2026-04-28 13:46:40,353 | INFO | market price loaded from cache
2026-04-28 13:46:45,354 | INFO | account balance loaded from cache
2026-04-28 13:46:45,355 | INFO | market price loaded from cache
2026-04-28 13:46:45,355 | INFO | market price loaded from cache
2026-04-28 13:46:50,357 | INFO | account balance loaded from cache
2026-04-28 13:46:50,357 | INFO | market price loaded from cache
2026-04-28 13:46:50,357 | INFO | market price loaded from cache
2026-04-28 13:46:50,357 | INFO | [HOLD] 047040 | 현재가 38,500원 | 보유 중이지만 익절 목표 39,627원과 손절 기준 38,267원 사이에 있어 유지합니다
2026-04-28 13:46:55,358 | INFO | account balance loaded from cache
2026-04-28 13:46:55,358 | INFO | market price loaded from cache
2026-04-28 13:46:55,358 | INFO | market price loaded from cache
2026-04-28 13:47:00,359 | INFO | account balance loaded from cache
2026-04-28 13:47:00,360 | INFO | market price loaded from cache
2026-04-28 13:47:00,360 | INFO | [HOLD] 001510 | 현재가 5,800원 | 보유 중이지만 익절 목표 5,926원과 손절 기준 5,722원 사이에 있어 유지합니다
2026-04-28 13:47:00,360 | INFO | market price loaded from cache
2026-04-28 13:47:05,361 | INFO | account balance loaded from cache
2026-04-28 13:47:05,361 | INFO | market price loaded from cache
2026-04-28 13:47:05,361 | INFO | market price loaded from cache
2026-04-28 13:47:10,362 | INFO | account balance loaded from cache
2026-04-28 13:47:10,362 | INFO | market price loaded from cache
2026-04-28 13:47:10,362 | INFO | market price loaded from cache
2026-04-28 13:47:15,363 | INFO | account balance loaded from cache
2026-04-28 13:47:15,363 | INFO | market price loaded from cache
2026-04-28 13:47:15,363 | INFO | market price loaded from cache
2026-04-28 13:47:20,364 | INFO | account balance loaded from cache
2026-04-28 13:47:20,364 | INFO | market price loaded from cache
2026-04-28 13:47:20,364 | INFO | market price loaded from cache
2026-04-28 13:47:20,364 | INFO | [HOLD] 047040 | 현재가 38,500원 | 보유 중이지만 익절 목표 39,627원과 손절 기준 38,267원 사이에 있어 유지합니다
2026-04-28 13:47:25,365 | INFO | account balance loaded from cache
2026-04-28 13:47:25,365 | INFO | market price loaded from cache
2026-04-28 13:47:25,365 | INFO | market price loaded from cache
2026-04-28 13:47:30,366 | INFO | account balance loaded from cache
2026-04-28 13:47:30,366 | INFO | market price loaded from cache
2026-04-28 13:47:30,366 | INFO | [HOLD] 001510 | 현재가 5,800원 | 보유 중이지만 익절 목표 5,926원과 손절 기준 5,722원 사이에 있어 유지합니다
2026-04-28 13:47:30,366 | INFO | market price loaded from cache
2026-04-28 13:47:35,367 | INFO | account balance loaded from cache
2026-04-28 13:47:35,367 | INFO | market price loaded from cache
2026-04-28 13:47:35,367 | INFO | market price loaded from cache
2026-04-28 13:47:40,368 | INFO | account balance loaded from cache
2026-04-28 13:47:40,368 | INFO | market price loaded from cache
2026-04-28 13:47:40,369 | INFO | market price loaded from cache
2026-04-28 13:47:45,369 | INFO | account balance loaded from cache
2026-04-28 13:47:45,370 | INFO | market price loaded from cache
2026-04-28 13:47:45,370 | INFO | market price loaded from cache
2026-04-28 13:47:50,371 | INFO | account balance loaded from cache
2026-04-28 13:47:50,371 | INFO | market price loaded from cache
2026-04-28 13:47:50,371 | INFO | market price loaded from cache
2026-04-28 13:47:50,371 | INFO | [HOLD] 047040 | 현재가 38,500원 | 보유 중이지만 익절 목표 39,627원과 손절 기준 38,267원 사이에 있어 유지합니다
2026-04-28 13:47:55,375 | INFO | account balance loaded from cache
2026-04-28 13:47:55,375 | INFO | market price loaded from cache
2026-04-28 13:47:55,375 | INFO | market price loaded from cache
2026-04-28 13:48:00,519 | INFO | account balance loaded from api
2026-04-28 13:48:00,519 | INFO | market price loaded from cache
2026-04-28 13:48:00,520 | INFO | [HOLD] 001510 | 현재가 5,800원 | 보유 중이지만 익절 목표 5,926원과 손절 기준 5,722원 사이에 있어 유지합니다
2026-04-28 13:48:00,520 | INFO | market price loaded from cache
2026-04-28 13:48:05,521 | INFO | account balance loaded from cache
2026-04-28 13:48:05,521 | INFO | market price loaded from cache
2026-04-28 13:48:05,521 | INFO | market price loaded from cache
2026-04-28 13:48:10,522 | INFO | account balance loaded from cache
2026-04-28 13:48:10,522 | INFO | market price loaded from cache
2026-04-28 13:48:10,522 | INFO | market price loaded from cache
2026-04-28 13:48:15,523 | INFO | account balance loaded from cache
2026-04-28 13:48:15,523 | INFO | market price loaded from cache
2026-04-28 13:48:15,523 | INFO | market price loaded from cache
2026-04-28 13:48:20,525 | INFO | account balance loaded from cache
2026-04-28 13:48:20,525 | INFO | market price loaded from cache
2026-04-28 13:48:20,525 | INFO | market price loaded from cache
2026-04-28 13:48:20,525 | INFO | [HOLD] 047040 | 현재가 38,500원 | 보유 중이지만 익절 목표 39,627원과 손절 기준 38,267원 사이에 있어 유지합니다
2026-04-28 13:48:25,526 | INFO | account balance loaded from cache
2026-04-28 13:48:25,527 | INFO | market price loaded from cache
2026-04-28 13:48:25,527 | INFO | market price loaded from cache
2026-04-28 13:48:30,529 | INFO | account balance loaded from cache
2026-04-28 13:48:30,529 | INFO | market price loaded from cache
2026-04-28 13:48:30,530 | INFO | [HOLD] 001510 | 현재가 5,800원 | 보유 중이지만 익절 목표 5,926원과 손절 기준 5,722원 사이에 있어 유지합니다
2026-04-28 13:48:30,530 | INFO | market price loaded from cache
2026-04-28 13:48:35,531 | INFO | account balance loaded from cache
2026-04-28 13:48:35,531 | INFO | market price loaded from cache
2026-04-28 13:48:35,531 | INFO | market price loaded from cache
2026-04-28 13:48:40,532 | INFO | account balance loaded from cache
2026-04-28 13:48:40,532 | INFO | market price loaded from cache
2026-04-28 13:48:40,532 | INFO | market price loaded from cache
2026-04-28 13:48:45,533 | INFO | account balance loaded from cache
2026-04-28 13:48:45,533 | INFO | market price loaded from cache
2026-04-28 13:48:45,533 | INFO | market price loaded from cache
2026-04-28 13:48:50,534 | INFO | account balance loaded from cache
2026-04-28 13:48:50,534 | INFO | market price loaded from cache
2026-04-28 13:48:50,534 | INFO | market price loaded from cache
2026-04-28 13:48:50,534 | INFO | [HOLD] 047040 | 현재가 38,500원 | 보유 중이지만 익절 목표 39,627원과 손절 기준 38,267원 사이에 있어 유지합니다
2026-04-28 13:48:55,536 | INFO | account balance loaded from cache
2026-04-28 13:48:55,536 | INFO | market price loaded from cache
2026-04-28 13:48:55,536 | INFO | market price loaded from cache
2026-04-28 13:49:00,537 | INFO | account balance loaded from cache
2026-04-28 13:49:00,537 | INFO | market price loaded from cache
2026-04-28 13:49:00,537 | INFO | [HOLD] 001510 | 현재가 5,800원 | 보유 중이지만 익절 목표 5,926원과 손절 기준 5,722원 사이에 있어 유지합니다
2026-04-28 13:49:00,537 | INFO | market price loaded from cache
2026-04-28 13:49:05,538 | INFO | account balance loaded from cache
2026-04-28 13:49:05,539 | INFO | market price loaded from cache
2026-04-28 13:49:05,539 | INFO | market price loaded from cache
2026-04-28 13:49:10,540 | INFO | account balance loaded from cache
2026-04-28 13:49:10,540 | INFO | market price loaded from cache
2026-04-28 13:49:10,540 | INFO | market price loaded from cache
2026-04-28 13:49:15,541 | INFO | account balance loaded from cache
2026-04-28 13:49:15,541 | INFO | market price loaded from cache
2026-04-28 13:49:15,541 | INFO | market price loaded from cache
2026-04-28 13:49:20,542 | INFO | account balance loaded from cache
2026-04-28 13:49:20,542 | INFO | market price loaded from cache
2026-04-28 13:49:20,542 | INFO | market price loaded from cache
2026-04-28 13:49:20,542 | INFO | [HOLD] 047040 | 현재가 38,500원 | 보유 중이지만 익절 목표 39,627원과 손절 기준 38,267원 사이에 있어 유지합니다
2026-04-28 13:49:25,543 | INFO | account balance loaded from cache
2026-04-28 13:49:25,544 | INFO | market price loaded from cache
2026-04-28 13:49:25,544 | INFO | market price loaded from cache
2026-04-28 13:49:30,545 | INFO | account balance loaded from cache
2026-04-28 13:49:30,545 | INFO | market price loaded from cache
2026-04-28 13:49:30,545 | INFO | [HOLD] 001510 | 현재가 5,800원 | 보유 중이지만 익절 목표 5,926원과 손절 기준 5,722원 사이에 있어 유지합니다
2026-04-28 13:49:30,545 | INFO | market price loaded from cache
2026-04-28 13:49:35,547 | INFO | account balance loaded from cache
2026-04-28 13:49:35,547 | INFO | market price loaded from cache
2026-04-28 13:49:35,547 | INFO | market price loaded from cache
2026-04-28 13:49:40,548 | INFO | account balance loaded from cache
2026-04-28 13:49:40,548 | INFO | market price loaded from cache
2026-04-28 13:49:40,549 | INFO | market price loaded from cache
2026-04-28 13:49:45,549 | INFO | account balance loaded from cache
2026-04-28 13:49:45,549 | INFO | market price loaded from cache
2026-04-28 13:49:45,549 | INFO | market price loaded from cache
2026-04-28 13:49:50,550 | INFO | account balance loaded from cache
2026-04-28 13:49:50,590 | INFO | market price loaded from api
2026-04-28 13:49:50,597 | WARNING | [WARN ] 047040 | 현재가 재조회에 실패하여 직전 캐시값을 사용합니다. 사유: kiwoom request failed: api_id=ka10001, http=429, body={'return_msg': '허용된 요청 개수를 초과하였습니다[1700:허용된 요청 개수를 초과하였습니다. API ID=ka10001]', 'return_code': 5}
2026-04-28 13:49:50,598 | INFO | [HOLD] 047040 | 현재가 38,500원 | 보유 중이지만 익절 목표 39,627원과 손절 기준 38,267원 사이에 있어 유지합니다
2026-04-28 13:49:55,599 | INFO | account balance loaded from cache
2026-04-28 13:49:55,599 | INFO | market price loaded from cache
2026-04-28 13:49:55,615 | INFO | market price loaded from api
2026-04-28 13:50:00,616 | INFO | account balance loaded from cache
2026-04-28 13:50:00,617 | INFO | market price loaded from cache
2026-04-28 13:50:00,617 | INFO | [HOLD] 001510 | 현재가 5,830원 | 보유 중이지만 익절 목표 5,926원과 손절 기준 5,722원 사이에 있어 유지합니다
2026-04-28 13:50:00,617 | INFO | market price loaded from cache
2026-04-28 13:50:05,617 | INFO | account balance loaded from cache
2026-04-28 13:50:05,618 | INFO | market price loaded from cache
2026-04-28 13:50:05,618 | INFO | market price loaded from cache
2026-04-28 13:50:10,619 | INFO | account balance loaded from cache
2026-04-28 13:50:10,619 | INFO | market price loaded from cache
2026-04-28 13:50:10,619 | INFO | market price loaded from cache
2026-04-28 13:50:15,620 | INFO | account balance loaded from cache
2026-04-28 13:50:15,620 | INFO | market price loaded from cache
2026-04-28 13:50:15,620 | INFO | market price loaded from cache
2026-04-28 13:50:20,620 | INFO | account balance loaded from cache
2026-04-28 13:50:20,621 | INFO | market price loaded from cache
2026-04-28 13:50:20,621 | INFO | market price loaded from cache
2026-04-28 13:50:20,621 | INFO | [HOLD] 047040 | 현재가 38,350원 | 보유 중이지만 익절 목표 39,627원과 손절 기준 38,267원 사이에 있어 유지합니다
2026-04-28 13:50:25,622 | INFO | account balance loaded from cache
2026-04-28 13:50:25,622 | INFO | market price loaded from cache
2026-04-28 13:50:25,622 | INFO | market price loaded from cache
2026-04-28 13:50:30,623 | INFO | account balance loaded from cache
2026-04-28 13:50:30,623 | INFO | market price loaded from cache
2026-04-28 13:50:30,623 | INFO | [HOLD] 001510 | 현재가 5,830원 | 보유 중이지만 익절 목표 5,926원과 손절 기준 5,722원 사이에 있어 유지합니다
2026-04-28 13:50:30,623 | INFO | market price loaded from cache
2026-04-28 13:50:35,625 | INFO | account balance loaded from cache
2026-04-28 13:50:35,625 | INFO | market price loaded from cache
2026-04-28 13:50:35,625 | INFO | market price loaded from cache
2026-04-28 13:50:40,628 | INFO | account balance loaded from cache
2026-04-28 13:50:40,628 | INFO | market price loaded from cache
2026-04-28 13:50:40,628 | INFO | market price loaded from cache
2026-04-28 13:50:45,629 | INFO | account balance loaded from cache
2026-04-28 13:50:45,629 | INFO | market price loaded from cache
2026-04-28 13:50:45,629 | INFO | market price loaded from cache
2026-04-28 13:50:50,630 | INFO | account balance loaded from cache
2026-04-28 13:50:50,630 | INFO | market price loaded from cache
2026-04-28 13:50:50,631 | INFO | market price loaded from cache
2026-04-28 13:50:50,631 | INFO | [HOLD] 047040 | 현재가 38,350원 | 보유 중이지만 익절 목표 39,627원과 손절 기준 38,267원 사이에 있어 유지합니다
2026-04-28 13:50:55,632 | INFO | account balance loaded from cache
2026-04-28 13:50:55,632 | INFO | market price loaded from cache
2026-04-28 13:50:55,632 | INFO | market price loaded from cache
2026-04-28 13:51:00,673 | INFO | account balance loaded from api
2026-04-28 13:51:00,674 | INFO | market price loaded from cache
2026-04-28 13:51:00,674 | INFO | [HOLD] 001510 | 현재가 5,830원 | 보유 중이지만 익절 목표 5,926원과 손절 기준 5,722원 사이에 있어 유지합니다
2026-04-28 13:51:00,674 | INFO | market price loaded from cache
2026-04-28 13:51:05,675 | INFO | account balance loaded from cache
2026-04-28 13:51:05,675 | INFO | market price loaded from cache
2026-04-28 13:51:05,675 | INFO | market price loaded from cache
2026-04-28 13:51:10,676 | INFO | account balance loaded from cache
2026-04-28 13:51:10,676 | INFO | market price loaded from cache
2026-04-28 13:51:10,676 | INFO | market price loaded from cache
2026-04-28 13:51:15,677 | INFO | account balance loaded from cache
2026-04-28 13:51:15,677 | INFO | market price loaded from cache
2026-04-28 13:51:15,677 | INFO | market price loaded from cache
2026-04-28 13:51:20,678 | INFO | account balance loaded from cache
2026-04-28 13:51:20,678 | INFO | market price loaded from cache
2026-04-28 13:51:20,679 | INFO | market price loaded from cache
2026-04-28 13:51:20,679 | INFO | [HOLD] 047040 | 현재가 38,350원 | 보유 중이지만 익절 목표 39,627원과 손절 기준 38,267원 사이에 있어 유지합니다
2026-04-28 13:51:25,680 | INFO | account balance loaded from cache
2026-04-28 13:51:25,680 | INFO | market price loaded from cache
2026-04-28 13:51:25,680 | INFO | market price loaded from cache
2026-04-28 13:51:30,681 | INFO | account balance loaded from cache
2026-04-28 13:51:30,681 | INFO | market price loaded from cache
2026-04-28 13:51:30,681 | INFO | [HOLD] 001510 | 현재가 5,830원 | 보유 중이지만 익절 목표 5,926원과 손절 기준 5,722원 사이에 있어 유지합니다
2026-04-28 13:51:30,681 | INFO | market price loaded from cache
2026-04-28 13:51:35,682 | INFO | account balance loaded from cache
2026-04-28 13:51:35,682 | INFO | market price loaded from cache
2026-04-28 13:51:35,682 | INFO | market price loaded from cache
2026-04-28 13:51:40,683 | INFO | account balance loaded from cache
2026-04-28 13:51:40,683 | INFO | market price loaded from cache
2026-04-28 13:51:40,683 | INFO | market price loaded from cache
2026-04-28 13:51:45,684 | INFO | account balance loaded from cache
2026-04-28 13:51:45,684 | INFO | market price loaded from cache
2026-04-28 13:51:45,684 | INFO | market price loaded from cache
2026-04-28 13:51:50,686 | INFO | account balance loaded from cache
2026-04-28 13:51:50,686 | INFO | market price loaded from cache
2026-04-28 13:51:50,686 | INFO | market price loaded from cache
2026-04-28 13:51:50,686 | INFO | [HOLD] 047040 | 현재가 38,350원 | 보유 중이지만 익절 목표 39,627원과 손절 기준 38,267원 사이에 있어 유지합니다
2026-04-28 13:51:55,686 | INFO | account balance loaded from cache
2026-04-28 13:51:55,687 | INFO | market price loaded from cache
2026-04-28 13:51:55,687 | INFO | market price loaded from cache
2026-04-28 13:52:00,688 | INFO | account balance loaded from cache
2026-04-28 13:52:00,688 | INFO | market price loaded from cache
2026-04-28 13:52:00,688 | INFO | [HOLD] 001510 | 현재가 5,830원 | 보유 중이지만 익절 목표 5,926원과 손절 기준 5,722원 사이에 있어 유지합니다
2026-04-28 13:52:00,688 | INFO | market price loaded from cache
2026-04-28 13:52:05,689 | INFO | account balance loaded from cache
2026-04-28 13:52:05,689 | INFO | market price loaded from cache
2026-04-28 13:52:05,689 | INFO | market price loaded from cache
2026-04-28 13:52:10,690 | INFO | account balance loaded from cache
2026-04-28 13:52:10,690 | INFO | market price loaded from cache
2026-04-28 13:52:10,690 | INFO | market price loaded from cache
2026-04-28 13:52:15,691 | INFO | account balance loaded from cache
2026-04-28 13:52:15,691 | INFO | market price loaded from cache
2026-04-28 13:52:15,691 | INFO | market price loaded from cache
2026-04-28 13:52:20,692 | INFO | account balance loaded from cache
2026-04-28 13:52:20,692 | INFO | market price loaded from cache
2026-04-28 13:52:20,692 | INFO | market price loaded from cache
2026-04-28 13:52:20,692 | INFO | [HOLD] 047040 | 현재가 38,350원 | 보유 중이지만 익절 목표 39,627원과 손절 기준 38,267원 사이에 있어 유지합니다
2026-04-28 13:52:25,693 | INFO | account balance loaded from cache
2026-04-28 13:52:25,693 | INFO | market price loaded from cache
2026-04-28 13:52:25,693 | INFO | market price loaded from cache
2026-04-28 13:52:30,694 | INFO | account balance loaded from cache
2026-04-28 13:52:30,694 | INFO | market price loaded from cache
2026-04-28 13:52:30,694 | INFO | [HOLD] 001510 | 현재가 5,830원 | 보유 중이지만 익절 목표 5,926원과 손절 기준 5,722원 사이에 있어 유지합니다
2026-04-28 13:52:30,694 | INFO | market price loaded from cache
2026-04-28 13:52:35,695 | INFO | account balance loaded from cache
2026-04-28 13:52:35,695 | INFO | market price loaded from cache
2026-04-28 13:52:35,695 | INFO | market price loaded from cache
2026-04-28 13:52:40,696 | INFO | account balance loaded from cache
2026-04-28 13:52:40,696 | INFO | market price loaded from cache
2026-04-28 13:52:40,697 | INFO | market price loaded from cache
2026-04-28 13:52:45,697 | INFO | account balance loaded from cache
2026-04-28 13:52:45,697 | INFO | market price loaded from cache
2026-04-28 13:52:45,698 | INFO | market price loaded from cache
2026-04-28 13:52:50,698 | INFO | account balance loaded from cache
2026-04-28 13:52:50,699 | INFO | market price loaded from cache
2026-04-28 13:52:50,699 | INFO | market price loaded from cache
2026-04-28 13:52:50,699 | INFO | [HOLD] 047040 | 현재가 38,350원 | 보유 중이지만 익절 목표 39,627원과 손절 기준 38,267원 사이에 있어 유지합니다
2026-04-28 13:52:55,699 | INFO | account balance loaded from cache
2026-04-28 13:52:55,700 | INFO | market price loaded from cache
2026-04-28 13:52:55,700 | INFO | market price loaded from cache
2026-04-28 13:53:00,700 | INFO | account balance loaded from cache
2026-04-28 13:53:00,701 | INFO | market price loaded from cache
2026-04-28 13:53:00,701 | INFO | [HOLD] 001510 | 현재가 5,830원 | 보유 중이지만 익절 목표 5,926원과 손절 기준 5,722원 사이에 있어 유지합니다
2026-04-28 13:53:00,701 | INFO | market price loaded from cache
2026-04-28 13:53:05,702 | INFO | account balance loaded from cache
2026-04-28 13:53:05,702 | INFO | market price loaded from cache
2026-04-28 13:53:05,702 | INFO | market price loaded from cache
2026-04-28 13:53:10,703 | INFO | account balance loaded from cache
2026-04-28 13:53:10,703 | INFO | market price loaded from cache
2026-04-28 13:53:10,703 | INFO | market price loaded from cache
2026-04-28 13:53:15,704 | INFO | account balance loaded from cache
2026-04-28 13:53:15,704 | INFO | market price loaded from cache
2026-04-28 13:53:15,704 | INFO | market price loaded from cache
2026-04-28 13:53:20,705 | INFO | account balance loaded from cache
2026-04-28 13:53:20,705 | INFO | market price loaded from cache
2026-04-28 13:53:20,705 | INFO | market price loaded from cache
2026-04-28 13:53:20,705 | INFO | [HOLD] 047040 | 현재가 38,350원 | 보유 중이지만 익절 목표 39,627원과 손절 기준 38,267원 사이에 있어 유지합니다
2026-04-28 13:53:25,706 | INFO | account balance loaded from cache
2026-04-28 13:53:25,706 | INFO | market price loaded from cache
2026-04-28 13:53:25,706 | INFO | market price loaded from cache
2026-04-28 13:53:30,707 | INFO | account balance loaded from cache
2026-04-28 13:53:30,707 | INFO | market price loaded from cache
2026-04-28 13:53:30,707 | INFO | [HOLD] 001510 | 현재가 5,830원 | 보유 중이지만 익절 목표 5,926원과 손절 기준 5,722원 사이에 있어 유지합니다
2026-04-28 13:53:30,707 | INFO | market price loaded from cache
2026-04-28 13:53:35,709 | INFO | account balance loaded from cache
2026-04-28 13:53:35,709 | INFO | market price loaded from cache
2026-04-28 13:53:35,709 | INFO | market price loaded from cache
2026-04-28 13:53:40,710 | INFO | account balance loaded from cache
2026-04-28 13:53:40,710 | INFO | market price loaded from cache
2026-04-28 13:53:40,710 | INFO | market price loaded from cache
2026-04-28 13:53:45,711 | INFO | account balance loaded from cache
2026-04-28 13:53:45,711 | INFO | market price loaded from cache
2026-04-28 13:53:45,711 | INFO | market price loaded from cache
2026-04-28 13:53:50,712 | INFO | account balance loaded from cache
2026-04-28 13:53:50,712 | INFO | market price loaded from cache
2026-04-28 13:53:50,712 | INFO | market price loaded from cache
2026-04-28 13:53:50,712 | INFO | [HOLD] 047040 | 현재가 38,350원 | 보유 중이지만 익절 목표 39,627원과 손절 기준 38,267원 사이에 있어 유지합니다
2026-04-28 13:53:55,713 | INFO | account balance loaded from cache
2026-04-28 13:53:55,713 | INFO | market price loaded from cache
2026-04-28 13:53:55,713 | INFO | market price loaded from cache
2026-04-28 13:54:00,834 | INFO | account balance loaded from api
2026-04-28 13:54:00,835 | INFO | market price loaded from cache
2026-04-28 13:54:00,835 | INFO | [HOLD] 001510 | 현재가 5,830원 | 보유 중이지만 익절 목표 5,926원과 손절 기준 5,722원 사이에 있어 유지합니다
2026-04-28 13:54:00,835 | INFO | market price loaded from cache
2026-04-28 13:54:05,835 | INFO | account balance loaded from cache
2026-04-28 13:54:05,836 | INFO | market price loaded from cache
2026-04-28 13:54:05,836 | INFO | market price loaded from cache
2026-04-28 13:54:10,836 | INFO | account balance loaded from cache
2026-04-28 13:54:10,837 | INFO | market price loaded from cache
2026-04-28 13:54:10,837 | INFO | market price loaded from cache
2026-04-28 13:54:15,837 | INFO | account balance loaded from cache
2026-04-28 13:54:15,838 | INFO | market price loaded from cache
2026-04-28 13:54:15,838 | INFO | market price loaded from cache
2026-04-28 13:54:20,839 | INFO | account balance loaded from cache
2026-04-28 13:54:20,839 | INFO | market price loaded from cache
2026-04-28 13:54:20,839 | INFO | market price loaded from cache
2026-04-28 13:54:20,839 | INFO | [HOLD] 047040 | 현재가 38,350원 | 보유 중이지만 익절 목표 39,627원과 손절 기준 38,267원 사이에 있어 유지합니다
2026-04-28 13:54:25,840 | INFO | account balance loaded from cache
2026-04-28 13:54:25,840 | INFO | market price loaded from cache
2026-04-28 13:54:25,840 | INFO | market price loaded from cache
2026-04-28 13:54:30,841 | INFO | account balance loaded from cache
2026-04-28 13:54:30,841 | INFO | market price loaded from cache
2026-04-28 13:54:30,842 | INFO | [HOLD] 001510 | 현재가 5,830원 | 보유 중이지만 익절 목표 5,926원과 손절 기준 5,722원 사이에 있어 유지합니다
2026-04-28 13:54:30,842 | INFO | market price loaded from cache
2026-04-28 13:54:35,843 | INFO | account balance loaded from cache
2026-04-28 13:54:35,843 | INFO | market price loaded from cache
2026-04-28 13:54:35,843 | INFO | market price loaded from cache
2026-04-28 13:54:40,843 | INFO | account balance loaded from cache
2026-04-28 13:54:40,844 | INFO | market price loaded from cache
2026-04-28 13:54:40,844 | INFO | market price loaded from cache
2026-04-28 13:54:45,844 | INFO | account balance loaded from cache
2026-04-28 13:54:45,845 | INFO | market price loaded from cache
2026-04-28 13:54:45,845 | INFO | market price loaded from cache
2026-04-28 13:54:50,845 | INFO | account balance loaded from cache
2026-04-28 13:54:50,855 | INFO | market price loaded from api
2026-04-28 13:54:50,856 | INFO | market price loaded from cache
2026-04-28 13:54:50,856 | INFO | [HOLD] 047040 | 현재가 38,350원 | 보유 중이지만 익절 목표 39,627원과 손절 기준 38,267원 사이에 있어 유지합니다
2026-04-28 13:54:55,857 | INFO | account balance loaded from cache
2026-04-28 13:54:55,857 | INFO | market price loaded from cache
2026-04-28 13:54:55,866 | INFO | market price loaded from api
2026-04-28 13:55:00,868 | INFO | account balance loaded from cache
2026-04-28 13:55:00,868 | INFO | market price loaded from cache
2026-04-28 13:55:00,868 | INFO | [HOLD] 001510 | 현재가 5,790원 | 보유 중이지만 익절 목표 5,926원과 손절 기준 5,722원 사이에 있어 유지합니다
2026-04-28 13:55:00,868 | INFO | market price loaded from cache
2026-04-28 13:55:05,869 | INFO | account balance loaded from cache
2026-04-28 13:55:05,869 | INFO | market price loaded from cache
2026-04-28 13:55:05,869 | INFO | market price loaded from cache
2026-04-28 13:55:10,871 | INFO | account balance loaded from cache
2026-04-28 13:55:10,871 | INFO | market price loaded from cache
2026-04-28 13:55:10,871 | INFO | market price loaded from cache
2026-04-28 13:55:15,872 | INFO | account balance loaded from cache
2026-04-28 13:55:15,873 | INFO | market price loaded from cache
2026-04-28 13:55:15,873 | INFO | market price loaded from cache
2026-04-28 13:55:20,874 | INFO | account balance loaded from cache
2026-04-28 13:55:20,874 | INFO | market price loaded from cache
2026-04-28 13:55:20,874 | INFO | market price loaded from cache
2026-04-28 13:55:20,874 | INFO | [HOLD] 047040 | 현재가 38,350원 | 보유 중이지만 익절 목표 39,627원과 손절 기준 38,267원 사이에 있어 유지합니다
2026-04-28 13:55:25,875 | INFO | account balance loaded from cache
2026-04-28 13:55:25,875 | INFO | market price loaded from cache
2026-04-28 13:55:25,875 | INFO | market price loaded from cache
2026-04-28 13:55:30,876 | INFO | account balance loaded from cache
2026-04-28 13:55:30,876 | INFO | market price loaded from cache
2026-04-28 13:55:30,876 | INFO | [HOLD] 001510 | 현재가 5,790원 | 보유 중이지만 익절 목표 5,926원과 손절 기준 5,722원 사이에 있어 유지합니다
2026-04-28 13:55:30,876 | INFO | market price loaded from cache
2026-04-28 13:55:35,877 | INFO | account balance loaded from cache
2026-04-28 13:55:35,877 | INFO | market price loaded from cache
2026-04-28 13:55:35,878 | INFO | market price loaded from cache
2026-04-28 13:55:40,878 | INFO | account balance loaded from cache
2026-04-28 13:55:40,879 | INFO | market price loaded from cache
2026-04-28 13:55:40,879 | INFO | market price loaded from cache
2026-04-28 13:55:45,880 | INFO | account balance loaded from cache
2026-04-28 13:55:45,880 | INFO | market price loaded from cache
2026-04-28 13:55:45,880 | INFO | market price loaded from cache
2026-04-28 13:55:50,882 | INFO | account balance loaded from cache
2026-04-28 13:55:50,882 | INFO | market price loaded from cache
2026-04-28 13:55:50,882 | INFO | market price loaded from cache
2026-04-28 13:55:50,882 | INFO | [HOLD] 047040 | 현재가 38,350원 | 보유 중이지만 익절 목표 39,627원과 손절 기준 38,267원 사이에 있어 유지합니다
2026-04-28 13:55:55,883 | INFO | account balance loaded from cache
2026-04-28 13:55:55,883 | INFO | market price loaded from cache
2026-04-28 13:55:55,883 | INFO | market price loaded from cache
2026-04-28 13:56:00,884 | INFO | account balance loaded from cache
2026-04-28 13:56:00,884 | INFO | market price loaded from cache
2026-04-28 13:56:00,884 | INFO | [HOLD] 001510 | 현재가 5,790원 | 보유 중이지만 익절 목표 5,926원과 손절 기준 5,722원 사이에 있어 유지합니다
2026-04-28 13:56:00,885 | INFO | market price loaded from cache
2026-04-28 13:56:05,885 | INFO | account balance loaded from cache
2026-04-28 13:56:05,885 | INFO | market price loaded from cache
2026-04-28 13:56:05,886 | INFO | market price loaded from cache
2026-04-28 13:56:10,886 | INFO | account balance loaded from cache
2026-04-28 13:56:10,886 | INFO | market price loaded from cache
2026-04-28 13:56:10,886 | INFO | market price loaded from cache
2026-04-28 13:56:15,888 | INFO | account balance loaded from cache
2026-04-28 13:56:15,888 | INFO | market price loaded from cache
2026-04-28 13:56:15,888 | INFO | market price loaded from cache
2026-04-28 13:56:20,889 | INFO | account balance loaded from cache
2026-04-28 13:56:20,889 | INFO | market price loaded from cache
2026-04-28 13:56:20,889 | INFO | market price loaded from cache
2026-04-28 13:56:20,889 | INFO | [HOLD] 047040 | 현재가 38,350원 | 보유 중이지만 익절 목표 39,627원과 손절 기준 38,267원 사이에 있어 유지합니다
2026-04-28 13:56:25,890 | INFO | account balance loaded from cache
2026-04-28 13:56:25,890 | INFO | market price loaded from cache
2026-04-28 13:56:25,890 | INFO | market price loaded from cache
2026-04-28 13:56:30,892 | INFO | account balance loaded from cache
2026-04-28 13:56:30,892 | INFO | market price loaded from cache
2026-04-28 13:56:30,892 | INFO | [HOLD] 001510 | 현재가 5,790원 | 보유 중이지만 익절 목표 5,926원과 손절 기준 5,722원 사이에 있어 유지합니다
2026-04-28 13:56:30,892 | INFO | market price loaded from cache
2026-04-28 13:56:35,893 | INFO | account balance loaded from cache
2026-04-28 13:56:35,893 | INFO | market price loaded from cache
2026-04-28 13:56:35,893 | INFO | market price loaded from cache
2026-04-28 13:56:40,894 | INFO | account balance loaded from cache
2026-04-28 13:56:40,894 | INFO | market price loaded from cache
2026-04-28 13:56:40,894 | INFO | market price loaded from cache
2026-04-28 13:56:45,895 | INFO | account balance loaded from cache
2026-04-28 13:56:45,896 | INFO | market price loaded from cache
2026-04-28 13:56:45,896 | INFO | market price loaded from cache
2026-04-28 13:56:50,898 | INFO | account balance loaded from cache
2026-04-28 13:56:50,898 | INFO | market price loaded from cache
2026-04-28 13:56:50,898 | INFO | market price loaded from cache
2026-04-28 13:56:50,898 | INFO | [HOLD] 047040 | 현재가 38,350원 | 보유 중이지만 익절 목표 39,627원과 손절 기준 38,267원 사이에 있어 유지합니다
2026-04-28 13:56:55,899 | INFO | account balance loaded from cache
2026-04-28 13:56:55,899 | INFO | market price loaded from cache
2026-04-28 13:56:55,899 | INFO | market price loaded from cache
2026-04-28 13:57:01,045 | INFO | account balance loaded from api
2026-04-28 13:57:01,045 | INFO | market price loaded from cache
2026-04-28 13:57:01,045 | INFO | [HOLD] 001510 | 현재가 5,790원 | 보유 중이지만 익절 목표 5,926원과 손절 기준 5,722원 사이에 있어 유지합니다
2026-04-28 13:57:01,045 | INFO | market price loaded from cache
2026-04-28 13:57:06,046 | INFO | account balance loaded from cache
2026-04-28 13:57:06,046 | INFO | market price loaded from cache
2026-04-28 13:57:06,046 | INFO | market price loaded from cache
2026-04-28 13:57:11,049 | INFO | account balance loaded from cache
2026-04-28 13:57:11,049 | INFO | market price loaded from cache
2026-04-28 13:57:11,049 | INFO | market price loaded from cache
2026-04-28 13:57:16,050 | INFO | account balance loaded from cache
2026-04-28 13:57:16,050 | INFO | market price loaded from cache
2026-04-28 13:57:16,051 | INFO | market price loaded from cache
2026-04-28 13:57:21,053 | INFO | account balance loaded from cache
2026-04-28 13:57:21,053 | INFO | market price loaded from cache
2026-04-28 13:57:21,054 | INFO | market price loaded from cache
2026-04-28 13:57:21,054 | INFO | [HOLD] 047040 | 현재가 38,350원 | 보유 중이지만 익절 목표 39,627원과 손절 기준 38,267원 사이에 있어 유지합니다
2026-04-28 13:57:26,055 | INFO | account balance loaded from cache
2026-04-28 13:57:26,056 | INFO | market price loaded from cache
2026-04-28 13:57:26,056 | INFO | market price loaded from cache
2026-04-28 13:57:31,058 | INFO | account balance loaded from cache
2026-04-28 13:57:31,058 | INFO | market price loaded from cache
2026-04-28 13:57:31,058 | INFO | [HOLD] 001510 | 현재가 5,790원 | 보유 중이지만 익절 목표 5,926원과 손절 기준 5,722원 사이에 있어 유지합니다
2026-04-28 13:57:31,058 | INFO | market price loaded from cache
2026-04-28 13:57:36,061 | INFO | account balance loaded from cache
2026-04-28 13:57:36,061 | INFO | market price loaded from cache
2026-04-28 13:57:36,061 | INFO | market price loaded from cache
2026-04-28 13:57:41,063 | INFO | account balance loaded from cache
2026-04-28 13:57:41,063 | INFO | market price loaded from cache
2026-04-28 13:57:41,064 | INFO | market price loaded from cache
2026-04-28 13:57:46,066 | INFO | account balance loaded from cache
2026-04-28 13:57:46,067 | INFO | market price loaded from cache
2026-04-28 13:57:46,067 | INFO | market price loaded from cache
2026-04-28 13:57:51,068 | INFO | account balance loaded from cache
2026-04-28 13:57:51,068 | INFO | market price loaded from cache
2026-04-28 13:57:51,068 | INFO | market price loaded from cache
2026-04-28 13:57:51,069 | INFO | [HOLD] 047040 | 현재가 38,350원 | 보유 중이지만 익절 목표 39,627원과 손절 기준 38,267원 사이에 있어 유지합니다
2026-04-28 13:57:56,072 | INFO | account balance loaded from cache
2026-04-28 13:57:56,072 | INFO | market price loaded from cache
2026-04-28 13:57:56,072 | INFO | market price loaded from cache
2026-04-28 13:58:01,073 | INFO | account balance loaded from cache
2026-04-28 13:58:01,073 | INFO | market price loaded from cache
2026-04-28 13:58:01,073 | INFO | [HOLD] 001510 | 현재가 5,790원 | 보유 중이지만 익절 목표 5,926원과 손절 기준 5,722원 사이에 있어 유지합니다
2026-04-28 13:58:01,073 | INFO | market price loaded from cache
2026-04-28 13:58:06,074 | INFO | account balance loaded from cache
2026-04-28 13:58:06,074 | INFO | market price loaded from cache
2026-04-28 13:58:06,074 | INFO | market price loaded from cache
2026-04-28 13:58:11,076 | INFO | account balance loaded from cache
2026-04-28 13:58:11,076 | INFO | market price loaded from cache
2026-04-28 13:58:11,076 | INFO | market price loaded from cache
2026-04-28 13:58:16,077 | INFO | account balance loaded from cache
2026-04-28 13:58:16,077 | INFO | market price loaded from cache
2026-04-28 13:58:16,077 | INFO | market price loaded from cache
2026-04-28 13:58:21,079 | INFO | account balance loaded from cache
2026-04-28 13:58:21,079 | INFO | market price loaded from cache
2026-04-28 13:58:21,079 | INFO | market price loaded from cache
2026-04-28 13:58:21,079 | INFO | [HOLD] 047040 | 현재가 38,350원 | 보유 중이지만 익절 목표 39,627원과 손절 기준 38,267원 사이에 있어 유지합니다
2026-04-28 13:58:26,084 | INFO | account balance loaded from cache
2026-04-28 13:58:26,084 | INFO | market price loaded from cache
2026-04-28 13:58:26,084 | INFO | market price loaded from cache
2026-04-28 13:58:31,085 | INFO | account balance loaded from cache
2026-04-28 13:58:31,085 | INFO | market price loaded from cache
2026-04-28 13:58:31,085 | INFO | [HOLD] 001510 | 현재가 5,790원 | 보유 중이지만 익절 목표 5,926원과 손절 기준 5,722원 사이에 있어 유지합니다
2026-04-28 13:58:31,085 | INFO | market price loaded from cache
2026-04-28 13:58:36,086 | INFO | account balance loaded from cache
2026-04-28 13:58:36,087 | INFO | market price loaded from cache
2026-04-28 13:58:36,087 | INFO | market price loaded from cache
2026-04-28 13:58:41,090 | INFO | account balance loaded from cache
2026-04-28 13:58:41,090 | INFO | market price loaded from cache
2026-04-28 13:58:41,090 | INFO | market price loaded from cache
2026-04-28 13:58:46,091 | INFO | account balance loaded from cache
2026-04-28 13:58:46,091 | INFO | market price loaded from cache
2026-04-28 13:58:46,091 | INFO | market price loaded from cache
2026-04-28 13:58:51,092 | INFO | account balance loaded from cache
2026-04-28 13:58:51,092 | INFO | market price loaded from cache
2026-04-28 13:58:51,092 | INFO | market price loaded from cache
2026-04-28 13:58:51,092 | INFO | [HOLD] 047040 | 현재가 38,350원 | 보유 중이지만 익절 목표 39,627원과 손절 기준 38,267원 사이에 있어 유지합니다
2026-04-28 13:58:56,094 | INFO | account balance loaded from cache
2026-04-28 13:58:56,094 | INFO | market price loaded from cache
2026-04-28 13:58:56,094 | INFO | market price loaded from cache
2026-04-28 13:59:01,095 | INFO | account balance loaded from cache
2026-04-28 13:59:01,095 | INFO | market price loaded from cache
2026-04-28 13:59:01,095 | INFO | [HOLD] 001510 | 현재가 5,790원 | 보유 중이지만 익절 목표 5,926원과 손절 기준 5,722원 사이에 있어 유지합니다
2026-04-28 13:59:01,095 | INFO | market price loaded from cache
2026-04-28 13:59:06,096 | INFO | account balance loaded from cache
2026-04-28 13:59:06,096 | INFO | market price loaded from cache
2026-04-28 13:59:06,096 | INFO | market price loaded from cache
2026-04-28 13:59:11,097 | INFO | account balance loaded from cache
2026-04-28 13:59:11,097 | INFO | market price loaded from cache
2026-04-28 13:59:11,097 | INFO | market price loaded from cache
2026-04-28 13:59:16,098 | INFO | account balance loaded from cache
2026-04-28 13:59:16,098 | INFO | market price loaded from cache
2026-04-28 13:59:16,098 | INFO | market price loaded from cache
2026-04-28 13:59:21,100 | INFO | account balance loaded from cache
2026-04-28 13:59:21,100 | INFO | market price loaded from cache
2026-04-28 13:59:21,100 | INFO | market price loaded from cache
2026-04-28 13:59:21,100 | INFO | [HOLD] 047040 | 현재가 38,350원 | 보유 중이지만 익절 목표 39,627원과 손절 기준 38,267원 사이에 있어 유지합니다
2026-04-28 13:59:26,101 | INFO | account balance loaded from cache
2026-04-28 13:59:26,101 | INFO | market price loaded from cache
2026-04-28 13:59:26,101 | INFO | market price loaded from cache
2026-04-28 13:59:31,102 | INFO | account balance loaded from cache
2026-04-28 13:59:31,103 | INFO | market price loaded from cache
2026-04-28 13:59:31,103 | INFO | [HOLD] 001510 | 현재가 5,790원 | 보유 중이지만 익절 목표 5,926원과 손절 기준 5,722원 사이에 있어 유지합니다
2026-04-28 13:59:31,103 | INFO | market price loaded from cache
2026-04-28 13:59:36,106 | INFO | account balance loaded from cache
2026-04-28 13:59:36,106 | INFO | market price loaded from cache
2026-04-28 13:59:36,106 | INFO | market price loaded from cache
2026-04-28 13:59:41,107 | INFO | account balance loaded from cache
2026-04-28 13:59:41,107 | INFO | market price loaded from cache
2026-04-28 13:59:41,107 | INFO | market price loaded from cache
2026-04-28 13:59:46,108 | INFO | account balance loaded from cache
2026-04-28 13:59:46,108 | INFO | market price loaded from cache
2026-04-28 13:59:46,108 | INFO | market price loaded from cache
2026-04-28 13:59:51,109 | INFO | account balance loaded from cache
2026-04-28 13:59:51,165 | INFO | market price loaded from api
2026-04-28 13:59:51,165 | INFO | market price loaded from cache
2026-04-28 13:59:51,165 | INFO | [HOLD] 047040 | 현재가 38,350원 | 보유 중이지만 익절 목표 39,627원과 손절 기준 38,267원 사이에 있어 유지합니다
2026-04-28 13:59:56,166 | INFO | account balance loaded from cache
2026-04-28 13:59:56,166 | INFO | market price loaded from cache
2026-04-28 13:59:56,176 | INFO | market price loaded from api
2026-04-28 14:00:01,207 | INFO | account balance loaded from api
2026-04-28 14:00:01,207 | INFO | market price loaded from cache
2026-04-28 14:00:01,207 | INFO | [HOLD] 001510 | 현재가 5,740원 | 보유 중이지만 익절 목표 5,926원과 손절 기준 5,722원 사이에 있어 유지합니다
2026-04-28 14:00:01,207 | INFO | market price loaded from cache
2026-04-28 14:00:06,209 | INFO | account balance loaded from cache
2026-04-28 14:00:06,209 | INFO | market price loaded from cache
2026-04-28 14:00:06,209 | INFO | market price loaded from cache
2026-04-28 14:00:11,212 | INFO | account balance loaded from cache
2026-04-28 14:00:11,212 | INFO | market price loaded from cache
2026-04-28 14:00:11,212 | INFO | market price loaded from cache
2026-04-28 14:00:16,215 | INFO | account balance loaded from cache
2026-04-28 14:00:16,215 | INFO | market price loaded from cache
2026-04-28 14:00:16,215 | INFO | market price loaded from cache
2026-04-28 14:00:21,216 | INFO | account balance loaded from cache
2026-04-28 14:00:21,216 | INFO | market price loaded from cache
2026-04-28 14:00:21,216 | INFO | market price loaded from cache
2026-04-28 14:00:21,217 | INFO | [HOLD] 047040 | 현재가 38,350원 | 보유 중이지만 익절 목표 39,627원과 손절 기준 38,267원 사이에 있어 유지합니다
2026-04-28 14:00:26,219 | INFO | account balance loaded from cache
2026-04-28 14:00:26,219 | INFO | market price loaded from cache
2026-04-28 14:00:26,220 | INFO | market price loaded from cache
2026-04-28 14:00:31,221 | INFO | account balance loaded from cache
2026-04-28 14:00:31,222 | INFO | market price loaded from cache
2026-04-28 14:00:31,222 | INFO | [HOLD] 001510 | 현재가 5,740원 | 보유 중이지만 익절 목표 5,926원과 손절 기준 5,722원 사이에 있어 유지합니다
2026-04-28 14:00:31,222 | INFO | market price loaded from cache
2026-04-28 14:00:36,223 | INFO | account balance loaded from cache
2026-04-28 14:00:36,223 | INFO | market price loaded from cache
2026-04-28 14:00:36,223 | INFO | market price loaded from cache
2026-04-28 14:00:41,224 | INFO | account balance loaded from cache
2026-04-28 14:00:41,224 | INFO | market price loaded from cache
2026-04-28 14:00:41,224 | INFO | market price loaded from cache
2026-04-28 14:00:46,226 | INFO | account balance loaded from cache
2026-04-28 14:00:46,226 | INFO | market price loaded from cache
2026-04-28 14:00:46,226 | INFO | market price loaded from cache
2026-04-28 14:00:51,227 | INFO | account balance loaded from cache
2026-04-28 14:00:51,227 | INFO | market price loaded from cache
2026-04-28 14:00:51,227 | INFO | market price loaded from cache
2026-04-28 14:00:51,227 | INFO | [HOLD] 047040 | 현재가 38,350원 | 보유 중이지만 익절 목표 39,627원과 손절 기준 38,267원 사이에 있어 유지합니다
2026-04-28 14:00:56,228 | INFO | account balance loaded from cache
2026-04-28 14:00:56,228 | INFO | market price loaded from cache
2026-04-28 14:00:56,228 | INFO | market price loaded from cache
2026-04-28 14:01:01,229 | INFO | account balance loaded from cache
2026-04-28 14:01:01,229 | INFO | market price loaded from cache
2026-04-28 14:01:01,229 | INFO | [HOLD] 001510 | 현재가 5,740원 | 보유 중이지만 익절 목표 5,926원과 손절 기준 5,722원 사이에 있어 유지합니다
2026-04-28 14:01:01,229 | INFO | market price loaded from cache
2026-04-28 14:01:06,229 | INFO | account balance loaded from cache
2026-04-28 14:01:06,230 | INFO | market price loaded from cache
2026-04-28 14:01:06,230 | INFO | market price loaded from cache
2026-04-28 14:01:11,231 | INFO | account balance loaded from cache
2026-04-28 14:01:11,231 | INFO | market price loaded from cache
2026-04-28 14:01:11,232 | INFO | market price loaded from cache
2026-04-28 14:01:16,234 | INFO | account balance loaded from cache
2026-04-28 14:01:16,235 | INFO | market price loaded from cache
2026-04-28 14:01:16,235 | INFO | market price loaded from cache
2026-04-28 14:01:21,236 | INFO | account balance loaded from cache
2026-04-28 14:01:21,237 | INFO | market price loaded from cache
2026-04-28 14:01:21,237 | INFO | market price loaded from cache
2026-04-28 14:01:21,237 | INFO | [HOLD] 047040 | 현재가 38,350원 | 보유 중이지만 익절 목표 39,627원과 손절 기준 38,267원 사이에 있어 유지합니다
2026-04-28 14:01:26,238 | INFO | account balance loaded from cache
2026-04-28 14:01:26,238 | INFO | market price loaded from cache
2026-04-28 14:01:26,238 | INFO | market price loaded from cache
2026-04-28 14:01:31,239 | INFO | account balance loaded from cache
2026-04-28 14:01:31,239 | INFO | market price loaded from cache
2026-04-28 14:01:31,240 | INFO | [HOLD] 001510 | 현재가 5,740원 | 보유 중이지만 익절 목표 5,926원과 손절 기준 5,722원 사이에 있어 유지합니다
2026-04-28 14:01:31,240 | INFO | market price loaded from cache
2026-04-28 14:01:36,241 | INFO | account balance loaded from cache
2026-04-28 14:01:36,241 | INFO | market price loaded from cache
2026-04-28 14:01:36,242 | INFO | market price loaded from cache
2026-04-28 14:01:41,243 | INFO | account balance loaded from cache
2026-04-28 14:01:41,243 | INFO | market price loaded from cache
2026-04-28 14:01:41,243 | INFO | market price loaded from cache
2026-04-28 14:01:46,244 | INFO | account balance loaded from cache
2026-04-28 14:01:46,244 | INFO | market price loaded from cache
2026-04-28 14:01:46,244 | INFO | market price loaded from cache
2026-04-28 14:01:51,245 | INFO | account balance loaded from cache
2026-04-28 14:01:51,245 | INFO | market price loaded from cache
2026-04-28 14:01:51,245 | INFO | market price loaded from cache
2026-04-28 14:01:51,245 | INFO | [HOLD] 047040 | 현재가 38,350원 | 보유 중이지만 익절 목표 39,627원과 손절 기준 38,267원 사이에 있어 유지합니다
2026-04-28 14:01:56,246 | INFO | account balance loaded from cache
2026-04-28 14:01:56,247 | INFO | market price loaded from cache
2026-04-28 14:01:56,247 | INFO | market price loaded from cache
2026-04-28 14:02:01,247 | INFO | account balance loaded from cache
2026-04-28 14:02:01,247 | INFO | market price loaded from cache
2026-04-28 14:02:01,248 | INFO | [HOLD] 001510 | 현재가 5,740원 | 보유 중이지만 익절 목표 5,926원과 손절 기준 5,722원 사이에 있어 유지합니다
2026-04-28 14:02:01,248 | INFO | market price loaded from cache
2026-04-28 14:02:06,249 | INFO | account balance loaded from cache
2026-04-28 14:02:06,249 | INFO | market price loaded from cache
2026-04-28 14:02:06,249 | INFO | market price loaded from cache
2026-04-28 14:02:11,249 | INFO | account balance loaded from cache
2026-04-28 14:02:11,249 | INFO | market price loaded from cache
2026-04-28 14:02:11,250 | INFO | market price loaded from cache
2026-04-28 14:02:16,251 | INFO | account balance loaded from cache
2026-04-28 14:02:16,251 | INFO | market price loaded from cache
2026-04-28 14:02:16,251 | INFO | market price loaded from cache
2026-04-28 14:02:21,252 | INFO | account balance loaded from cache
2026-04-28 14:02:21,252 | INFO | market price loaded from cache
2026-04-28 14:02:21,252 | INFO | market price loaded from cache
2026-04-28 14:02:21,252 | INFO | [HOLD] 047040 | 현재가 38,350원 | 보유 중이지만 익절 목표 39,627원과 손절 기준 38,267원 사이에 있어 유지합니다
2026-04-28 14:02:26,253 | INFO | account balance loaded from cache
2026-04-28 14:02:26,254 | INFO | market price loaded from cache
2026-04-28 14:02:26,254 | INFO | market price loaded from cache
2026-04-28 14:02:31,255 | INFO | account balance loaded from cache
2026-04-28 14:02:31,255 | INFO | market price loaded from cache
2026-04-28 14:02:31,255 | INFO | [HOLD] 001510 | 현재가 5,740원 | 보유 중이지만 익절 목표 5,926원과 손절 기준 5,722원 사이에 있어 유지합니다
2026-04-28 14:02:31,255 | INFO | market price loaded from cache
2026-04-28 14:02:36,258 | INFO | account balance loaded from cache
2026-04-28 14:02:36,258 | INFO | market price loaded from cache
2026-04-28 14:02:36,258 | INFO | market price loaded from cache
2026-04-28 14:02:41,259 | INFO | account balance loaded from cache
2026-04-28 14:02:41,259 | INFO | market price loaded from cache
2026-04-28 14:02:41,259 | INFO | market price loaded from cache
2026-04-28 14:02:46,260 | INFO | account balance loaded from cache
2026-04-28 14:02:46,260 | INFO | market price loaded from cache
2026-04-28 14:02:46,260 | INFO | market price loaded from cache
2026-04-28 14:02:51,261 | INFO | account balance loaded from cache
2026-04-28 14:02:51,262 | INFO | market price loaded from cache
2026-04-28 14:02:51,262 | INFO | market price loaded from cache
2026-04-28 14:02:51,262 | INFO | [HOLD] 047040 | 현재가 38,350원 | 보유 중이지만 익절 목표 39,627원과 손절 기준 38,267원 사이에 있어 유지합니다
2026-04-28 14:02:56,263 | INFO | account balance loaded from cache
2026-04-28 14:02:56,263 | INFO | market price loaded from cache
2026-04-28 14:02:56,263 | INFO | market price loaded from cache
2026-04-28 14:03:01,384 | INFO | account balance loaded from api
2026-04-28 14:03:01,384 | INFO | market price loaded from cache
2026-04-28 14:03:01,384 | INFO | [HOLD] 001510 | 현재가 5,740원 | 보유 중이지만 익절 목표 5,926원과 손절 기준 5,722원 사이에 있어 유지합니다
2026-04-28 14:03:01,384 | INFO | market price loaded from cache
2026-04-28 14:03:06,385 | INFO | account balance loaded from cache
2026-04-28 14:03:06,385 | INFO | market price loaded from cache
2026-04-28 14:03:06,385 | INFO | market price loaded from cache
2026-04-28 14:03:11,386 | INFO | account balance loaded from cache
2026-04-28 14:03:11,386 | INFO | market price loaded from cache
2026-04-28 14:03:11,386 | INFO | market price loaded from cache
2026-04-28 14:03:16,386 | INFO | account balance loaded from cache
2026-04-28 14:03:16,387 | INFO | market price loaded from cache
2026-04-28 14:03:16,387 | INFO | market price loaded from cache
2026-04-28 14:03:21,387 | INFO | account balance loaded from cache
2026-04-28 14:03:21,388 | INFO | market price loaded from cache
2026-04-28 14:03:21,388 | INFO | market price loaded from cache
2026-04-28 14:03:21,388 | INFO | [HOLD] 047040 | 현재가 38,350원 | 보유 중이지만 익절 목표 39,627원과 손절 기준 38,267원 사이에 있어 유지합니다
2026-04-28 14:03:26,389 | INFO | account balance loaded from cache
2026-04-28 14:03:26,389 | INFO | market price loaded from cache
2026-04-28 14:03:26,389 | INFO | market price loaded from cache
2026-04-28 14:03:31,391 | INFO | account balance loaded from cache
2026-04-28 14:03:31,391 | INFO | market price loaded from cache
2026-04-28 14:03:31,391 | INFO | [HOLD] 001510 | 현재가 5,740원 | 보유 중이지만 익절 목표 5,926원과 손절 기준 5,722원 사이에 있어 유지합니다
2026-04-28 14:03:31,391 | INFO | market price loaded from cache
2026-04-28 14:03:36,392 | INFO | account balance loaded from cache
2026-04-28 14:03:36,392 | INFO | market price loaded from cache
2026-04-28 14:03:36,392 | INFO | market price loaded from cache
2026-04-28 14:03:41,393 | INFO | account balance loaded from cache
2026-04-28 14:03:41,393 | INFO | market price loaded from cache
2026-04-28 14:03:41,393 | INFO | market price loaded from cache
2026-04-28 14:03:46,394 | INFO | account balance loaded from cache
2026-04-28 14:03:46,394 | INFO | market price loaded from cache
2026-04-28 14:03:46,394 | INFO | market price loaded from cache
2026-04-28 14:03:51,396 | INFO | account balance loaded from cache
2026-04-28 14:03:51,396 | INFO | market price loaded from cache
2026-04-28 14:03:51,396 | INFO | market price loaded from cache
2026-04-28 14:03:51,396 | INFO | [HOLD] 047040 | 현재가 38,350원 | 보유 중이지만 익절 목표 39,627원과 손절 기준 38,267원 사이에 있어 유지합니다
2026-04-28 14:03:56,397 | INFO | account balance loaded from cache
2026-04-28 14:03:56,397 | INFO | market price loaded from cache
2026-04-28 14:03:56,397 | INFO | market price loaded from cache
2026-04-28 14:04:01,398 | INFO | account balance loaded from cache
2026-04-28 14:04:01,398 | INFO | market price loaded from cache
2026-04-28 14:04:01,398 | INFO | [HOLD] 001510 | 현재가 5,740원 | 보유 중이지만 익절 목표 5,926원과 손절 기준 5,722원 사이에 있어 유지합니다
2026-04-28 14:04:01,398 | INFO | market price loaded from cache
2026-04-28 14:04:06,399 | INFO | account balance loaded from cache
2026-04-28 14:04:06,399 | INFO | market price loaded from cache
2026-04-28 14:04:06,399 | INFO | market price loaded from cache
2026-04-28 14:04:11,400 | INFO | account balance loaded from cache
2026-04-28 14:04:11,400 | INFO | market price loaded from cache
2026-04-28 14:04:11,400 | INFO | market price loaded from cache
2026-04-28 14:04:16,401 | INFO | account balance loaded from cache
2026-04-28 14:04:16,401 | INFO | market price loaded from cache
2026-04-28 14:04:16,401 | INFO | market price loaded from cache
2026-04-28 14:04:21,402 | INFO | account balance loaded from cache
2026-04-28 14:04:21,403 | INFO | market price loaded from cache
2026-04-28 14:04:21,403 | INFO | market price loaded from cache
2026-04-28 14:04:21,403 | INFO | [HOLD] 047040 | 현재가 38,350원 | 보유 중이지만 익절 목표 39,627원과 손절 기준 38,267원 사이에 있어 유지합니다
2026-04-28 14:04:26,403 | INFO | account balance loaded from cache
2026-04-28 14:04:26,403 | INFO | market price loaded from cache
2026-04-28 14:04:26,404 | INFO | market price loaded from cache
2026-04-28 14:04:31,404 | INFO | account balance loaded from cache
2026-04-28 14:04:31,404 | INFO | market price loaded from cache
2026-04-28 14:04:31,405 | INFO | [HOLD] 001510 | 현재가 5,740원 | 보유 중이지만 익절 목표 5,926원과 손절 기준 5,722원 사이에 있어 유지합니다
2026-04-28 14:04:31,405 | INFO | market price loaded from cache
2026-04-28 14:04:36,405 | INFO | account balance loaded from cache
2026-04-28 14:04:36,405 | INFO | market price loaded from cache
2026-04-28 14:04:36,405 | INFO | market price loaded from cache
2026-04-28 14:04:41,406 | INFO | account balance loaded from cache
2026-04-28 14:04:41,406 | INFO | market price loaded from cache
2026-04-28 14:04:41,406 | INFO | market price loaded from cache
2026-04-28 14:04:46,408 | INFO | account balance loaded from cache
2026-04-28 14:04:46,408 | INFO | market price loaded from cache
2026-04-28 14:04:46,408 | INFO | market price loaded from cache
2026-04-28 14:04:51,409 | INFO | account balance loaded from cache
2026-04-28 14:04:51,461 | INFO | market price loaded from api
2026-04-28 14:04:51,461 | INFO | [SELL] 001510 | 현재가 5,670원 | 평균단가 5,810원 대비 손절 기준 5,722원 아래로 내려왔습니다
2026-04-28 14:04:51,474 | INFO | [ORDER] 001510 | 매도 주문 접수 완료 | 수량 34주 | 주문번호 0149202
2026-04-28 14:04:51,474 | INFO | market price loaded from cache
2026-04-28 14:04:51,474 | INFO | [HOLD] 047040 | 현재가 38,350원 | 보유 중이지만 익절 목표 39,627원과 손절 기준 38,267원 사이에 있어 유지합니다
2026-04-28 14:04:56,520 | INFO | account balance loaded from api
2026-04-28 14:04:56,520 | INFO | market price loaded from cache
2026-04-28 14:04:56,520 | INFO | [BUY ] 001510 | 현재가 5,670원 | 기준가 4,845원 대비 1.0% 돌파 조건을 충족했습니다
2026-04-28 14:04:56,535 | INFO | [ORDER] 001510 | 매수 주문 접수 완료 | 수량 35주 | 주문번호 0149239
2026-04-28 14:04:56,545 | INFO | market price loaded from api
2026-04-28 14:04:56,545 | INFO | [SELL] 047040 | 현재가 38,050원 | 평균단가 38,850원 대비 손절 기준 38,267원 아래로 내려왔습니다
2026-04-28 14:04:56,560 | INFO | [ORDER] 047040 | 매도 주문 접수 완료 | 수량 5주 | 주문번호 0149240
2026-04-28 14:05:01,619 | INFO | account balance loaded from api
2026-04-28 14:05:01,619 | INFO | market price loaded from cache
2026-04-28 14:05:01,619 | INFO | [HOLD] 001510 | 현재가 5,670원 | 보유 중이지만 익절 목표 5,783원과 손절 기준 5,584원 사이에 있어 유지합니다
2026-04-28 14:05:01,619 | INFO | market price loaded from cache
2026-04-28 14:05:01,619 | INFO | [BUY ] 047040 | 현재가 38,050원 | 기준가 33,200원 대비 1.0% 돌파 조건을 충족했습니다
2026-04-28 14:05:01,634 | INFO | [ORDER] 047040 | 매수 주문 접수 완료 | 수량 5주 | 주문번호 0149293
2026-04-28 14:05:06,670 | INFO | account balance loaded from api
2026-04-28 14:05:06,670 | INFO | market price loaded from cache
2026-04-28 14:05:06,670 | INFO | market price loaded from cache
2026-04-28 14:05:11,671 | INFO | account balance loaded from cache
2026-04-28 14:05:11,671 | INFO | market price loaded from cache
2026-04-28 14:05:11,671 | INFO | market price loaded from cache
2026-04-28 14:05:16,672 | INFO | account balance loaded from cache
2026-04-28 14:05:16,672 | INFO | market price loaded from cache
2026-04-28 14:05:16,672 | INFO | market price loaded from cache
2026-04-28 14:05:21,673 | INFO | account balance loaded from cache
2026-04-28 14:05:21,674 | INFO | market price loaded from cache
2026-04-28 14:05:21,674 | INFO | market price loaded from cache
2026-04-28 14:05:21,674 | INFO | [HOLD] 047040 | 현재가 38,050원 | 보유 중이지만 익절 목표 38,760원과 손절 기준 37,430원 사이에 있어 유지합니다
2026-04-28 14:05:26,675 | INFO | account balance loaded from cache
2026-04-28 14:05:26,675 | INFO | market price loaded from cache
2026-04-28 14:05:26,675 | INFO | market price loaded from cache
2026-04-28 14:05:31,676 | INFO | account balance loaded from cache
2026-04-28 14:05:31,677 | INFO | market price loaded from cache
2026-04-28 14:05:31,677 | INFO | [HOLD] 001510 | 현재가 5,670원 | 보유 중이지만 익절 목표 5,783원과 손절 기준 5,584원 사이에 있어 유지합니다
2026-04-28 14:05:31,677 | INFO | market price loaded from cache
2026-04-28 14:05:36,677 | INFO | account balance loaded from cache
2026-04-28 14:05:36,677 | INFO | market price loaded from cache
2026-04-28 14:05:36,678 | INFO | market price loaded from cache
2026-04-28 14:05:41,679 | INFO | account balance loaded from cache
2026-04-28 14:05:41,679 | INFO | market price loaded from cache
2026-04-28 14:05:41,679 | INFO | market price loaded from cache
2026-04-28 14:05:46,681 | INFO | account balance loaded from cache
2026-04-28 14:05:46,681 | INFO | market price loaded from cache
2026-04-28 14:05:46,681 | INFO | market price loaded from cache
2026-04-28 14:05:51,682 | INFO | account balance loaded from cache
2026-04-28 14:05:51,682 | INFO | market price loaded from cache
2026-04-28 14:05:51,683 | INFO | market price loaded from cache
2026-04-28 14:05:51,683 | INFO | [HOLD] 047040 | 현재가 38,050원 | 보유 중이지만 익절 목표 38,760원과 손절 기준 37,430원 사이에 있어 유지합니다
2026-04-28 14:05:56,684 | INFO | account balance loaded from cache
2026-04-28 14:05:56,684 | INFO | market price loaded from cache
2026-04-28 14:05:56,684 | INFO | market price loaded from cache
2026-04-28 14:06:01,685 | INFO | account balance loaded from cache
2026-04-28 14:06:01,685 | INFO | market price loaded from cache
2026-04-28 14:06:01,685 | INFO | [HOLD] 001510 | 현재가 5,670원 | 보유 중이지만 익절 목표 5,783원과 손절 기준 5,584원 사이에 있어 유지합니다
2026-04-28 14:06:01,685 | INFO | market price loaded from cache
2026-04-28 14:06:06,685 | INFO | account balance loaded from cache
2026-04-28 14:06:06,686 | INFO | market price loaded from cache
2026-04-28 14:06:06,686 | INFO | market price loaded from cache
2026-04-28 14:06:11,686 | INFO | account balance loaded from cache
2026-04-28 14:06:11,687 | INFO | market price loaded from cache
2026-04-28 14:06:11,687 | INFO | market price loaded from cache
2026-04-28 14:06:16,687 | INFO | account balance loaded from cache
2026-04-28 14:06:16,688 | INFO | market price loaded from cache
2026-04-28 14:06:16,688 | INFO | market price loaded from cache
2026-04-28 14:06:21,689 | INFO | account balance loaded from cache
2026-04-28 14:06:21,689 | INFO | market price loaded from cache
2026-04-28 14:06:21,689 | INFO | market price loaded from cache
2026-04-28 14:06:21,689 | INFO | [HOLD] 047040 | 현재가 38,050원 | 보유 중이지만 익절 목표 38,760원과 손절 기준 37,430원 사이에 있어 유지합니다
2026-04-28 14:06:26,690 | INFO | account balance loaded from cache
2026-04-28 14:06:26,690 | INFO | market price loaded from cache
2026-04-28 14:06:26,690 | INFO | market price loaded from cache
2026-04-28 14:06:31,691 | INFO | account balance loaded from cache
2026-04-28 14:06:31,691 | INFO | market price loaded from cache
2026-04-28 14:06:31,691 | INFO | [HOLD] 001510 | 현재가 5,670원 | 보유 중이지만 익절 목표 5,783원과 손절 기준 5,584원 사이에 있어 유지합니다
2026-04-28 14:06:31,691 | INFO | market price loaded from cache
2026-04-28 14:06:36,692 | INFO | account balance loaded from cache
2026-04-28 14:06:36,692 | INFO | market price loaded from cache
2026-04-28 14:06:36,692 | INFO | market price loaded from cache
2026-04-28 14:06:41,693 | INFO | account balance loaded from cache
2026-04-28 14:06:41,693 | INFO | market price loaded from cache
2026-04-28 14:06:41,693 | INFO | market price loaded from cache
2026-04-28 14:06:46,694 | INFO | account balance loaded from cache
2026-04-28 14:06:46,694 | INFO | market price loaded from cache
2026-04-28 14:06:46,694 | INFO | market price loaded from cache
2026-04-28 14:06:51,695 | INFO | account balance loaded from cache
2026-04-28 14:06:51,695 | INFO | market price loaded from cache
2026-04-28 14:06:51,695 | INFO | market price loaded from cache
2026-04-28 14:06:51,695 | INFO | [HOLD] 047040 | 현재가 38,050원 | 보유 중이지만 익절 목표 38,760원과 손절 기준 37,430원 사이에 있어 유지합니다
2026-04-28 14:06:56,696 | INFO | account balance loaded from cache
2026-04-28 14:06:56,696 | INFO | market price loaded from cache
2026-04-28 14:06:56,696 | INFO | market price loaded from cache
2026-04-28 14:07:01,697 | INFO | account balance loaded from cache
2026-04-28 14:07:01,697 | INFO | market price loaded from cache
2026-04-28 14:07:01,697 | INFO | [HOLD] 001510 | 현재가 5,670원 | 보유 중이지만 익절 목표 5,783원과 손절 기준 5,584원 사이에 있어 유지합니다
2026-04-28 14:07:01,697 | INFO | market price loaded from cache
2026-04-28 14:07:06,698 | INFO | account balance loaded from cache
2026-04-28 14:07:06,699 | INFO | market price loaded from cache
2026-04-28 14:07:06,699 | INFO | market price loaded from cache
2026-04-28 14:07:11,700 | INFO | account balance loaded from cache
2026-04-28 14:07:11,700 | INFO | market price loaded from cache
2026-04-28 14:07:11,700 | INFO | market price loaded from cache
2026-04-28 14:07:16,701 | INFO | account balance loaded from cache
2026-04-28 14:07:16,701 | INFO | market price loaded from cache
2026-04-28 14:07:16,701 | INFO | market price loaded from cache
2026-04-28 14:07:21,703 | INFO | account balance loaded from cache
2026-04-28 14:07:21,703 | INFO | market price loaded from cache
2026-04-28 14:07:21,703 | INFO | market price loaded from cache
2026-04-28 14:07:21,703 | INFO | [HOLD] 047040 | 현재가 38,050원 | 보유 중이지만 익절 목표 38,760원과 손절 기준 37,430원 사이에 있어 유지합니다
2026-04-28 14:07:26,706 | INFO | account balance loaded from cache
2026-04-28 14:07:26,706 | INFO | market price loaded from cache
2026-04-28 14:07:26,706 | INFO | market price loaded from cache
2026-04-28 14:07:31,708 | INFO | account balance loaded from cache
2026-04-28 14:07:31,708 | INFO | market price loaded from cache
2026-04-28 14:07:31,708 | INFO | [HOLD] 001510 | 현재가 5,670원 | 보유 중이지만 익절 목표 5,783원과 손절 기준 5,584원 사이에 있어 유지합니다
2026-04-28 14:07:31,708 | INFO | market price loaded from cache
2026-04-28 14:22:12,870 | INFO | account balance loaded from api
2026-04-28 14:22:12,881 | INFO | market price loaded from api
2026-04-28 14:22:12,881 | INFO | [HOLD] 001510 | 현재가 5,730원 | 보유 중이지만 익절 목표 5,783원과 손절 기준 5,584원 사이에 있어 유지합니다
2026-04-28 14:22:12,890 | INFO | market price loaded from api
2026-04-28 14:22:12,890 | INFO | [HOLD] 047040 | 현재가 37,750원 | 보유 중이지만 익절 목표 38,760원과 손절 기준 37,430원 사이에 있어 유지합니다
2026-04-28 14:22:17,891 | INFO | account balance loaded from cache
2026-04-28 14:22:17,891 | INFO | market price loaded from cache
2026-04-28 14:22:17,891 | INFO | market price loaded from cache
2026-04-28 14:22:22,893 | INFO | account balance loaded from cache
2026-04-28 14:22:22,893 | INFO | market price loaded from cache
2026-04-28 14:22:22,893 | INFO | market price loaded from cache
2026-04-28 14:22:27,894 | INFO | account balance loaded from cache
2026-04-28 14:22:27,894 | INFO | market price loaded from cache
2026-04-28 14:22:27,894 | INFO | market price loaded from cache
2026-04-28 14:22:32,895 | INFO | account balance loaded from cache
2026-04-28 14:22:32,895 | INFO | market price loaded from cache
2026-04-28 14:22:32,895 | INFO | market price loaded from cache
2026-04-28 14:22:37,896 | INFO | account balance loaded from cache
2026-04-28 14:22:37,896 | INFO | market price loaded from cache
2026-04-28 14:22:37,896 | INFO | market price loaded from cache
2026-04-28 14:22:42,897 | INFO | account balance loaded from cache
2026-04-28 14:22:42,897 | INFO | market price loaded from cache
2026-04-28 14:22:42,897 | INFO | [HOLD] 001510 | 현재가 5,730원 | 보유 중이지만 익절 목표 5,783원과 손절 기준 5,584원 사이에 있어 유지합니다
2026-04-28 14:22:42,897 | INFO | market price loaded from cache
2026-04-28 14:22:42,897 | INFO | [HOLD] 047040 | 현재가 37,750원 | 보유 중이지만 익절 목표 38,760원과 손절 기준 37,430원 사이에 있어 유지합니다
2026-04-28 14:22:47,898 | INFO | account balance loaded from cache
2026-04-28 14:22:47,898 | INFO | market price loaded from cache
2026-04-28 14:22:47,898 | INFO | market price loaded from cache
2026-04-28 14:22:52,899 | INFO | account balance loaded from cache
2026-04-28 14:22:52,899 | INFO | market price loaded from cache
2026-04-28 14:22:52,899 | INFO | market price loaded from cache
2026-04-28 14:22:57,900 | INFO | account balance loaded from cache
2026-04-28 14:22:57,900 | INFO | market price loaded from cache
2026-04-28 14:22:57,900 | INFO | market price loaded from cache
2026-04-28 14:23:02,901 | INFO | account balance loaded from cache
2026-04-28 14:23:02,901 | INFO | market price loaded from cache
2026-04-28 14:23:02,901 | INFO | market price loaded from cache
2026-04-28 14:23:07,902 | INFO | account balance loaded from cache
2026-04-28 14:23:07,903 | INFO | market price loaded from cache
2026-04-28 14:23:07,903 | INFO | market price loaded from cache
2026-04-28 14:23:12,903 | INFO | account balance loaded from cache
2026-04-28 14:23:12,903 | INFO | market price loaded from cache
2026-04-28 14:23:12,904 | INFO | [HOLD] 001510 | 현재가 5,730원 | 보유 중이지만 익절 목표 5,783원과 손절 기준 5,584원 사이에 있어 유지합니다
2026-04-28 14:23:12,904 | INFO | market price loaded from cache
2026-04-28 14:23:12,904 | INFO | [HOLD] 047040 | 현재가 37,750원 | 보유 중이지만 익절 목표 38,760원과 손절 기준 37,430원 사이에 있어 유지합니다
2026-04-28 14:23:17,904 | INFO | account balance loaded from cache
2026-04-28 14:23:17,904 | INFO | market price loaded from cache
2026-04-28 14:23:17,905 | INFO | market price loaded from cache
2026-04-28 14:23:22,905 | INFO | account balance loaded from cache
2026-04-28 14:23:22,905 | INFO | market price loaded from cache
2026-04-28 14:23:22,906 | INFO | market price loaded from cache
2026-04-28 14:23:27,906 | INFO | account balance loaded from cache
2026-04-28 14:23:27,906 | INFO | market price loaded from cache
2026-04-28 14:23:27,907 | INFO | market price loaded from cache
2026-04-28 14:23:32,907 | INFO | account balance loaded from cache
2026-04-28 14:23:32,907 | INFO | market price loaded from cache
2026-04-28 14:23:32,907 | INFO | market price loaded from cache
2026-04-28 14:23:37,908 | INFO | account balance loaded from cache
2026-04-28 14:23:37,908 | INFO | market price loaded from cache
2026-04-28 14:23:37,908 | INFO | market price loaded from cache
2026-04-28 14:23:42,909 | INFO | account balance loaded from cache
2026-04-28 14:23:42,910 | INFO | market price loaded from cache
2026-04-28 14:23:42,910 | INFO | [HOLD] 001510 | 현재가 5,730원 | 보유 중이지만 익절 목표 5,783원과 손절 기준 5,584원 사이에 있어 유지합니다
2026-04-28 14:23:42,910 | INFO | market price loaded from cache
2026-04-28 14:23:42,910 | INFO | [HOLD] 047040 | 현재가 37,750원 | 보유 중이지만 익절 목표 38,760원과 손절 기준 37,430원 사이에 있어 유지합니다
2026-04-28 14:23:47,911 | INFO | account balance loaded from cache
2026-04-28 14:23:47,911 | INFO | market price loaded from cache
2026-04-28 14:23:47,912 | INFO | market price loaded from cache
2026-04-28 14:23:52,915 | INFO | account balance loaded from cache
2026-04-28 14:23:52,915 | INFO | market price loaded from cache
2026-04-28 14:23:52,915 | INFO | market price loaded from cache
2026-04-28 14:23:57,916 | INFO | account balance loaded from cache
2026-04-28 14:23:57,916 | INFO | market price loaded from cache
2026-04-28 14:23:57,916 | INFO | market price loaded from cache
2026-04-28 14:24:02,917 | INFO | account balance loaded from cache
2026-04-28 14:24:02,917 | INFO | market price loaded from cache
2026-04-28 14:24:02,917 | INFO | market price loaded from cache
2026-04-28 14:24:07,918 | INFO | account balance loaded from cache
2026-04-28 14:24:07,918 | INFO | market price loaded from cache
2026-04-28 14:24:07,918 | INFO | market price loaded from cache
2026-04-28 14:24:12,920 | INFO | account balance loaded from cache
2026-04-28 14:24:12,920 | INFO | market price loaded from cache
2026-04-28 14:24:12,920 | INFO | [HOLD] 001510 | 현재가 5,730원 | 보유 중이지만 익절 목표 5,783원과 손절 기준 5,584원 사이에 있어 유지합니다
2026-04-28 14:24:12,920 | INFO | market price loaded from cache
2026-04-28 14:24:12,920 | INFO | [HOLD] 047040 | 현재가 37,750원 | 보유 중이지만 익절 목표 38,760원과 손절 기준 37,430원 사이에 있어 유지합니다
2026-04-28 14:24:17,921 | INFO | account balance loaded from cache
2026-04-28 14:24:17,921 | INFO | market price loaded from cache
2026-04-28 14:24:17,921 | INFO | market price loaded from cache
2026-04-28 14:24:22,922 | INFO | account balance loaded from cache
2026-04-28 14:24:22,922 | INFO | market price loaded from cache
2026-04-28 14:24:22,922 | INFO | market price loaded from cache
2026-04-28 14:24:27,923 | INFO | account balance loaded from cache
2026-04-28 14:24:27,923 | INFO | market price loaded from cache
2026-04-28 14:24:27,923 | INFO | market price loaded from cache
2026-04-28 14:24:32,925 | INFO | account balance loaded from cache
2026-04-28 14:24:32,925 | INFO | market price loaded from cache
2026-04-28 14:24:32,925 | INFO | market price loaded from cache
2026-04-28 14:24:37,928 | INFO | account balance loaded from cache
2026-04-28 14:24:37,928 | INFO | market price loaded from cache
2026-04-28 14:24:37,928 | INFO | market price loaded from cache
2026-04-28 14:24:42,929 | INFO | account balance loaded from cache
2026-04-28 14:24:42,929 | INFO | market price loaded from cache
2026-04-28 14:24:42,929 | INFO | [HOLD] 001510 | 현재가 5,730원 | 보유 중이지만 익절 목표 5,783원과 손절 기준 5,584원 사이에 있어 유지합니다
2026-04-28 14:24:42,929 | INFO | market price loaded from cache
2026-04-28 14:24:42,929 | INFO | [HOLD] 047040 | 현재가 37,750원 | 보유 중이지만 익절 목표 38,760원과 손절 기준 37,430원 사이에 있어 유지합니다
2026-04-28 14:24:47,930 | INFO | account balance loaded from cache
2026-04-28 14:24:47,930 | INFO | market price loaded from cache
2026-04-28 14:24:47,930 | INFO | market price loaded from cache
2026-04-28 14:24:52,931 | INFO | account balance loaded from cache
2026-04-28 14:24:52,932 | INFO | market price loaded from cache
2026-04-28 14:24:52,932 | INFO | market price loaded from cache
2026-04-28 14:24:57,935 | INFO | account balance loaded from cache
2026-04-28 14:24:57,935 | INFO | market price loaded from cache
2026-04-28 14:24:57,935 | INFO | market price loaded from cache
2026-04-28 14:25:02,936 | INFO | account balance loaded from cache
2026-04-28 14:25:02,936 | INFO | market price loaded from cache
2026-04-28 14:25:02,936 | INFO | market price loaded from cache
2026-04-28 14:25:07,937 | INFO | account balance loaded from cache
2026-04-28 14:25:07,937 | INFO | market price loaded from cache
2026-04-28 14:25:07,938 | INFO | market price loaded from cache
2026-04-28 14:25:13,019 | INFO | account balance loaded from api
2026-04-28 14:25:13,019 | INFO | market price loaded from cache
2026-04-28 14:25:13,019 | INFO | [HOLD] 001510 | 현재가 5,730원 | 보유 중이지만 익절 목표 5,783원과 손절 기준 5,584원 사이에 있어 유지합니다
2026-04-28 14:25:13,019 | INFO | market price loaded from cache
2026-04-28 14:25:13,019 | INFO | [HOLD] 047040 | 현재가 37,750원 | 보유 중이지만 익절 목표 38,760원과 손절 기준 37,430원 사이에 있어 유지합니다
2026-04-28 14:25:18,021 | INFO | account balance loaded from cache
2026-04-28 14:25:18,021 | INFO | market price loaded from cache
2026-04-28 14:25:18,022 | INFO | market price loaded from cache
2026-04-28 14:25:23,025 | INFO | account balance loaded from cache
2026-04-28 14:25:23,025 | INFO | market price loaded from cache
2026-04-28 14:25:23,026 | INFO | market price loaded from cache
2026-04-28 14:25:28,029 | INFO | account balance loaded from cache
2026-04-28 14:25:28,029 | INFO | market price loaded from cache
2026-04-28 14:25:28,029 | INFO | market price loaded from cache
2026-04-28 14:25:33,032 | INFO | account balance loaded from cache
2026-04-28 14:25:33,032 | INFO | market price loaded from cache
2026-04-28 14:25:33,032 | INFO | market price loaded from cache
2026-04-28 14:25:38,034 | INFO | account balance loaded from cache
2026-04-28 14:25:38,034 | INFO | market price loaded from cache
2026-04-28 14:25:38,034 | INFO | market price loaded from cache
2026-04-28 14:25:43,035 | INFO | account balance loaded from cache
2026-04-28 14:25:43,035 | INFO | market price loaded from cache
2026-04-28 14:25:43,035 | INFO | [HOLD] 001510 | 현재가 5,730원 | 보유 중이지만 익절 목표 5,783원과 손절 기준 5,584원 사이에 있어 유지합니다
2026-04-28 14:25:43,035 | INFO | market price loaded from cache
2026-04-28 14:25:43,035 | INFO | [HOLD] 047040 | 현재가 37,750원 | 보유 중이지만 익절 목표 38,760원과 손절 기준 37,430원 사이에 있어 유지합니다
2026-04-28 14:25:48,036 | INFO | account balance loaded from cache
2026-04-28 14:25:48,036 | INFO | market price loaded from cache
2026-04-28 14:25:48,037 | INFO | market price loaded from cache
2026-04-28 14:25:53,038 | INFO | account balance loaded from cache
2026-04-28 14:25:53,039 | INFO | market price loaded from cache
2026-04-28 14:25:53,039 | INFO | market price loaded from cache
2026-04-28 14:25:58,042 | INFO | account balance loaded from cache
2026-04-28 14:25:58,042 | INFO | market price loaded from cache
2026-04-28 14:25:58,042 | INFO | market price loaded from cache
2026-04-28 14:26:03,045 | INFO | account balance loaded from cache
2026-04-28 14:26:03,046 | INFO | market price loaded from cache
2026-04-28 14:26:03,046 | INFO | market price loaded from cache
2026-04-28 14:26:08,048 | INFO | account balance loaded from cache
2026-04-28 14:26:08,048 | INFO | market price loaded from cache
2026-04-28 14:26:08,048 | INFO | market price loaded from cache
2026-04-28 14:26:13,049 | INFO | account balance loaded from cache
2026-04-28 14:26:13,049 | INFO | market price loaded from cache
2026-04-28 14:26:13,049 | INFO | [HOLD] 001510 | 현재가 5,730원 | 보유 중이지만 익절 목표 5,783원과 손절 기준 5,584원 사이에 있어 유지합니다
2026-04-28 14:26:13,049 | INFO | market price loaded from cache
2026-04-28 14:26:13,049 | INFO | [HOLD] 047040 | 현재가 37,750원 | 보유 중이지만 익절 목표 38,760원과 손절 기준 37,430원 사이에 있어 유지합니다
2026-04-28 14:26:18,051 | INFO | account balance loaded from cache
2026-04-28 14:26:18,051 | INFO | market price loaded from cache
2026-04-28 14:26:18,051 | INFO | market price loaded from cache
2026-04-28 14:26:23,054 | INFO | account balance loaded from cache
2026-04-28 14:26:23,054 | INFO | market price loaded from cache
2026-04-28 14:26:23,055 | INFO | market price loaded from cache
2026-04-28 14:26:28,057 | INFO | account balance loaded from cache
2026-04-28 14:26:28,058 | INFO | market price loaded from cache
2026-04-28 14:26:28,058 | INFO | market price loaded from cache
2026-04-28 14:26:33,059 | INFO | account balance loaded from cache
2026-04-28 14:26:33,059 | INFO | market price loaded from cache
2026-04-28 14:26:33,059 | INFO | market price loaded from cache
2026-04-28 14:26:38,060 | INFO | account balance loaded from cache
2026-04-28 14:26:38,060 | INFO | market price loaded from cache
2026-04-28 14:26:38,061 | INFO | market price loaded from cache
2026-04-28 14:26:43,063 | INFO | account balance loaded from cache
2026-04-28 14:26:43,063 | INFO | market price loaded from cache
2026-04-28 14:26:43,063 | INFO | [HOLD] 001510 | 현재가 5,730원 | 보유 중이지만 익절 목표 5,783원과 손절 기준 5,584원 사이에 있어 유지합니다
2026-04-28 14:26:43,063 | INFO | market price loaded from cache
2026-04-28 14:26:43,064 | INFO | [HOLD] 047040 | 현재가 37,750원 | 보유 중이지만 익절 목표 38,760원과 손절 기준 37,430원 사이에 있어 유지합니다
2026-04-28 14:26:48,065 | INFO | account balance loaded from cache
2026-04-28 14:26:48,065 | INFO | market price loaded from cache
2026-04-28 14:26:48,066 | INFO | market price loaded from cache
2026-04-28 14:26:53,068 | INFO | account balance loaded from cache
2026-04-28 14:26:53,069 | INFO | market price loaded from cache
2026-04-28 14:26:53,069 | INFO | market price loaded from cache
2026-04-28 14:26:58,072 | INFO | account balance loaded from cache
2026-04-28 14:26:58,072 | INFO | market price loaded from cache
2026-04-28 14:26:58,073 | INFO | market price loaded from cache
2026-04-28 14:27:03,076 | INFO | account balance loaded from cache
2026-04-28 14:27:03,076 | INFO | market price loaded from cache
2026-04-28 14:27:03,076 | INFO | market price loaded from cache
2026-04-28 14:27:08,079 | INFO | account balance loaded from cache
2026-04-28 14:27:08,080 | INFO | market price loaded from cache
2026-04-28 14:27:08,080 | INFO | market price loaded from cache
2026-04-28 14:27:13,083 | INFO | account balance loaded from cache
2026-04-28 14:27:13,122 | INFO | market price loaded from api
2026-04-28 14:27:13,122 | INFO | [HOLD] 001510 | 현재가 5,620원 | 보유 중이지만 익절 목표 5,783원과 손절 기준 5,584원 사이에 있어 유지합니다
2026-04-28 14:27:13,131 | INFO | market price loaded from api
2026-04-28 14:27:13,131 | INFO | [HOLD] 047040 | 현재가 37,800원 | 보유 중이지만 익절 목표 38,760원과 손절 기준 37,430원 사이에 있어 유지합니다
2026-04-28 14:27:18,132 | INFO | account balance loaded from cache
2026-04-28 14:27:18,132 | INFO | market price loaded from cache
2026-04-28 14:27:18,133 | INFO | market price loaded from cache
2026-04-28 14:27:23,136 | INFO | account balance loaded from cache
2026-04-28 14:27:23,136 | INFO | market price loaded from cache
2026-04-28 14:27:23,136 | INFO | market price loaded from cache
2026-04-28 14:27:28,139 | INFO | account balance loaded from cache
2026-04-28 14:27:28,139 | INFO | market price loaded from cache
2026-04-28 14:27:28,139 | INFO | market price loaded from cache
2026-04-28 14:27:33,140 | INFO | account balance loaded from cache
2026-04-28 14:27:33,140 | INFO | market price loaded from cache
2026-04-28 14:27:33,141 | INFO | market price loaded from cache
2026-04-28 14:27:38,142 | INFO | account balance loaded from cache
2026-04-28 14:27:38,142 | INFO | market price loaded from cache
2026-04-28 14:27:38,142 | INFO | market price loaded from cache
2026-04-28 14:27:43,145 | INFO | account balance loaded from cache
2026-04-28 14:27:43,145 | INFO | market price loaded from cache
2026-04-28 14:27:43,146 | INFO | [HOLD] 001510 | 현재가 5,620원 | 보유 중이지만 익절 목표 5,783원과 손절 기준 5,584원 사이에 있어 유지합니다
2026-04-28 14:27:43,146 | INFO | market price loaded from cache
2026-04-28 14:27:43,146 | INFO | [HOLD] 047040 | 현재가 37,800원 | 보유 중이지만 익절 목표 38,760원과 손절 기준 37,430원 사이에 있어 유지합니다
2026-04-28 14:27:48,149 | INFO | account balance loaded from cache
2026-04-28 14:27:48,149 | INFO | market price loaded from cache
2026-04-28 14:27:48,149 | INFO | market price loaded from cache
2026-04-28 14:27:53,152 | INFO | account balance loaded from cache
2026-04-28 14:27:53,152 | INFO | market price loaded from cache
2026-04-28 14:27:53,152 | INFO | market price loaded from cache
2026-04-28 14:27:58,153 | INFO | account balance loaded from cache
2026-04-28 14:27:58,154 | INFO | market price loaded from cache
2026-04-28 14:27:58,154 | INFO | market price loaded from cache
2026-04-28 14:28:03,157 | INFO | account balance loaded from cache
2026-04-28 14:28:03,157 | INFO | market price loaded from cache
2026-04-28 14:28:03,157 | INFO | market price loaded from cache
2026-04-28 14:28:08,160 | INFO | account balance loaded from cache
2026-04-28 14:28:08,161 | INFO | market price loaded from cache
2026-04-28 14:28:08,161 | INFO | market price loaded from cache
2026-04-28 14:28:13,329 | INFO | account balance loaded from api
2026-04-28 14:28:13,329 | INFO | market price loaded from cache
2026-04-28 14:28:13,330 | INFO | [HOLD] 001510 | 현재가 5,620원 | 보유 중이지만 익절 목표 5,783원과 손절 기준 5,584원 사이에 있어 유지합니다
2026-04-28 14:28:13,330 | INFO | market price loaded from cache
2026-04-28 14:28:13,330 | INFO | [HOLD] 047040 | 현재가 37,800원 | 보유 중이지만 익절 목표 38,760원과 손절 기준 37,430원 사이에 있어 유지합니다
2026-04-28 14:28:18,333 | INFO | account balance loaded from cache
2026-04-28 14:28:18,333 | INFO | market price loaded from cache
2026-04-28 14:28:18,334 | INFO | market price loaded from cache
2026-04-28 14:28:23,336 | INFO | account balance loaded from cache
2026-04-28 14:28:23,336 | INFO | market price loaded from cache
2026-04-28 14:28:23,337 | INFO | market price loaded from cache
2026-04-28 14:28:28,339 | INFO | account balance loaded from cache
2026-04-28 14:28:28,339 | INFO | market price loaded from cache
2026-04-28 14:28:28,339 | INFO | market price loaded from cache
2026-04-28 14:28:33,340 | INFO | account balance loaded from cache
2026-04-28 14:28:33,340 | INFO | market price loaded from cache
2026-04-28 14:28:33,340 | INFO | market price loaded from cache
2026-04-28 14:28:38,341 | INFO | account balance loaded from cache
2026-04-28 14:28:38,342 | INFO | market price loaded from cache
2026-04-28 14:28:38,342 | INFO | market price loaded from cache
2026-04-28 14:28:43,345 | INFO | account balance loaded from cache
2026-04-28 14:28:43,346 | INFO | market price loaded from cache
2026-04-28 14:28:43,346 | INFO | [HOLD] 001510 | 현재가 5,620원 | 보유 중이지만 익절 목표 5,783원과 손절 기준 5,584원 사이에 있어 유지합니다
2026-04-28 14:28:43,346 | INFO | market price loaded from cache
2026-04-28 14:28:43,346 | INFO | [HOLD] 047040 | 현재가 37,800원 | 보유 중이지만 익절 목표 38,760원과 손절 기준 37,430원 사이에 있어 유지합니다
2026-04-28 14:28:48,349 | INFO | account balance loaded from cache
2026-04-28 14:28:48,349 | INFO | market price loaded from cache
2026-04-28 14:28:48,349 | INFO | market price loaded from cache
2026-04-28 14:28:53,350 | INFO | account balance loaded from cache
2026-04-28 14:28:53,351 | INFO | market price loaded from cache
2026-04-28 14:28:53,351 | INFO | market price loaded from cache
2026-04-28 14:28:58,354 | INFO | account balance loaded from cache
2026-04-28 14:28:58,354 | INFO | market price loaded from cache
2026-04-28 14:28:58,354 | INFO | market price loaded from cache
2026-04-28 14:29:03,357 | INFO | account balance loaded from cache
2026-04-28 14:29:03,357 | INFO | market price loaded from cache
2026-04-28 14:29:03,358 | INFO | market price loaded from cache
2026-04-28 14:29:08,360 | INFO | account balance loaded from cache
2026-04-28 14:29:08,361 | INFO | market price loaded from cache
2026-04-28 14:29:08,361 | INFO | market price loaded from cache
2026-04-28 14:29:13,364 | INFO | account balance loaded from cache
2026-04-28 14:29:13,364 | INFO | market price loaded from cache
2026-04-28 14:29:13,364 | INFO | [HOLD] 001510 | 현재가 5,620원 | 보유 중이지만 익절 목표 5,783원과 손절 기준 5,584원 사이에 있어 유지합니다
2026-04-28 14:29:13,364 | INFO | market price loaded from cache
2026-04-28 14:29:13,365 | INFO | [HOLD] 047040 | 현재가 37,800원 | 보유 중이지만 익절 목표 38,760원과 손절 기준 37,430원 사이에 있어 유지합니다
2026-04-28 14:29:18,367 | INFO | account balance loaded from cache
2026-04-28 14:29:18,368 | INFO | market price loaded from cache
2026-04-28 14:29:18,368 | INFO | market price loaded from cache
2026-04-28 14:29:23,371 | INFO | account balance loaded from cache
2026-04-28 14:29:23,371 | INFO | market price loaded from cache
2026-04-28 14:29:23,371 | INFO | market price loaded from cache
2026-04-28 14:29:28,374 | INFO | account balance loaded from cache
2026-04-28 14:29:28,375 | INFO | market price loaded from cache
2026-04-28 14:29:28,375 | INFO | market price loaded from cache
2026-04-28 14:29:33,378 | INFO | account balance loaded from cache
2026-04-28 14:29:33,378 | INFO | market price loaded from cache
2026-04-28 14:29:33,378 | INFO | market price loaded from cache
2026-04-28 14:29:38,381 | INFO | account balance loaded from cache
2026-04-28 14:29:38,381 | INFO | market price loaded from cache
2026-04-28 14:29:38,382 | INFO | market price loaded from cache
2026-04-28 14:29:43,384 | INFO | account balance loaded from cache
2026-04-28 14:29:43,385 | INFO | market price loaded from cache
2026-04-28 14:29:43,385 | INFO | [HOLD] 001510 | 현재가 5,620원 | 보유 중이지만 익절 목표 5,783원과 손절 기준 5,584원 사이에 있어 유지합니다
2026-04-28 14:29:43,385 | INFO | market price loaded from cache
2026-04-28 14:29:43,385 | INFO | [HOLD] 047040 | 현재가 37,800원 | 보유 중이지만 익절 목표 38,760원과 손절 기준 37,430원 사이에 있어 유지합니다
2026-04-28 14:29:48,388 | INFO | account balance loaded from cache
2026-04-28 14:29:48,388 | INFO | market price loaded from cache
2026-04-28 14:29:48,388 | INFO | market price loaded from cache
2026-04-28 14:29:53,390 | INFO | account balance loaded from cache
2026-04-28 14:29:53,390 | INFO | market price loaded from cache
2026-04-28 14:29:53,390 | INFO | market price loaded from cache
2026-04-28 14:29:58,391 | INFO | account balance loaded from cache
2026-04-28 14:29:58,391 | INFO | market price loaded from cache
2026-04-28 14:29:58,391 | INFO | market price loaded from cache
2026-04-28 14:30:03,392 | INFO | account balance loaded from cache
2026-04-28 14:30:03,392 | INFO | market price loaded from cache
2026-04-28 14:30:03,393 | INFO | market price loaded from cache
2026-04-28 14:30:08,393 | INFO | account balance loaded from cache
2026-04-28 14:30:08,393 | INFO | market price loaded from cache
2026-04-28 14:30:08,393 | INFO | market price loaded from cache
2026-04-28 14:30:13,395 | INFO | account balance loaded from cache
2026-04-28 14:30:13,395 | INFO | market price loaded from cache
2026-04-28 14:30:13,395 | INFO | [HOLD] 001510 | 현재가 5,620원 | 보유 중이지만 익절 목표 5,783원과 손절 기준 5,584원 사이에 있어 유지합니다
2026-04-28 14:30:13,396 | INFO | market price loaded from cache
2026-04-28 14:30:13,396 | INFO | [HOLD] 047040 | 현재가 37,800원 | 보유 중이지만 익절 목표 38,760원과 손절 기준 37,430원 사이에 있어 유지합니다
2026-04-28 14:30:18,399 | INFO | account balance loaded from cache
2026-04-28 14:30:18,399 | INFO | market price loaded from cache
2026-04-28 14:30:18,400 | INFO | market price loaded from cache
2026-04-28 14:30:23,403 | INFO | account balance loaded from cache
2026-04-28 14:30:23,403 | INFO | market price loaded from cache
2026-04-28 14:30:23,403 | INFO | market price loaded from cache
2026-04-28 14:30:28,404 | INFO | account balance loaded from cache
2026-04-28 14:30:28,404 | INFO | market price loaded from cache
2026-04-28 14:30:28,405 | INFO | market price loaded from cache
2026-04-28 14:30:33,407 | INFO | account balance loaded from cache
2026-04-28 14:30:33,408 | INFO | market price loaded from cache
2026-04-28 14:30:33,408 | INFO | market price loaded from cache
2026-04-28 14:30:38,410 | INFO | account balance loaded from cache
2026-04-28 14:30:38,411 | INFO | market price loaded from cache
2026-04-28 14:30:38,411 | INFO | market price loaded from cache
2026-04-28 14:30:43,414 | INFO | account balance loaded from cache
2026-04-28 14:30:43,414 | INFO | market price loaded from cache
2026-04-28 14:30:43,414 | INFO | [HOLD] 001510 | 현재가 5,620원 | 보유 중이지만 익절 목표 5,783원과 손절 기준 5,584원 사이에 있어 유지합니다
2026-04-28 14:30:43,414 | INFO | market price loaded from cache
2026-04-28 14:30:43,414 | INFO | [HOLD] 047040 | 현재가 37,800원 | 보유 중이지만 익절 목표 38,760원과 손절 기준 37,430원 사이에 있어 유지합니다
2026-04-28 14:30:48,416 | INFO | account balance loaded from cache
2026-04-28 14:30:48,417 | INFO | market price loaded from cache
2026-04-28 14:30:48,417 | INFO | market price loaded from cache
2026-04-28 14:30:53,420 | INFO | account balance loaded from cache
2026-04-28 14:30:53,420 | INFO | market price loaded from cache
2026-04-28 14:30:53,420 | INFO | market price loaded from cache
2026-04-28 14:30:58,423 | INFO | account balance loaded from cache
2026-04-28 14:30:58,423 | INFO | market price loaded from cache
2026-04-28 14:30:58,424 | INFO | market price loaded from cache
2026-04-28 14:31:03,426 | INFO | account balance loaded from cache
2026-04-28 14:31:03,427 | INFO | market price loaded from cache
2026-04-28 14:31:03,427 | INFO | market price loaded from cache
2026-04-28 14:31:08,429 | INFO | account balance loaded from cache
2026-04-28 14:31:08,430 | INFO | market price loaded from cache
2026-04-28 14:31:08,430 | INFO | market price loaded from cache
2026-04-28 14:31:13,522 | INFO | account balance loaded from api
2026-04-28 14:31:13,522 | INFO | market price loaded from cache
2026-04-28 14:31:13,522 | INFO | [HOLD] 001510 | 현재가 5,620원 | 보유 중이지만 익절 목표 5,783원과 손절 기준 5,584원 사이에 있어 유지합니다
2026-04-28 14:31:13,522 | INFO | market price loaded from cache
2026-04-28 14:31:13,522 | INFO | [HOLD] 047040 | 현재가 37,800원 | 보유 중이지만 익절 목표 38,760원과 손절 기준 37,430원 사이에 있어 유지합니다
2026-04-28 14:31:18,523 | INFO | account balance loaded from cache
2026-04-28 14:31:18,523 | INFO | market price loaded from cache
2026-04-28 14:31:18,523 | INFO | market price loaded from cache
2026-04-28 14:31:23,524 | INFO | account balance loaded from cache
2026-04-28 14:31:23,524 | INFO | market price loaded from cache
2026-04-28 14:31:23,524 | INFO | market price loaded from cache
2026-04-28 14:31:28,525 | INFO | account balance loaded from cache
2026-04-28 14:31:28,526 | INFO | market price loaded from cache
2026-04-28 14:31:28,526 | INFO | market price loaded from cache
2026-04-28 14:31:33,526 | INFO | account balance loaded from cache
2026-04-28 14:31:33,526 | INFO | market price loaded from cache
2026-04-28 14:31:33,527 | INFO | market price loaded from cache
2026-04-28 14:31:38,527 | INFO | account balance loaded from cache
2026-04-28 14:31:38,527 | INFO | market price loaded from cache
2026-04-28 14:31:38,527 | INFO | market price loaded from cache
2026-04-28 14:31:43,528 | INFO | account balance loaded from cache
2026-04-28 14:31:43,528 | INFO | market price loaded from cache
2026-04-28 14:31:43,528 | INFO | [HOLD] 001510 | 현재가 5,620원 | 보유 중이지만 익절 목표 5,783원과 손절 기준 5,584원 사이에 있어 유지합니다
2026-04-28 14:31:43,528 | INFO | market price loaded from cache
2026-04-28 14:31:43,528 | INFO | [HOLD] 047040 | 현재가 37,800원 | 보유 중이지만 익절 목표 38,760원과 손절 기준 37,430원 사이에 있어 유지합니다
2026-04-28 14:31:48,529 | INFO | account balance loaded from cache
2026-04-28 14:31:48,529 | INFO | market price loaded from cache
2026-04-28 14:31:48,529 | INFO | market price loaded from cache
2026-04-28 14:31:53,530 | INFO | account balance loaded from cache
2026-04-28 14:31:53,530 | INFO | market price loaded from cache
2026-04-28 14:31:53,530 | INFO | market price loaded from cache
2026-04-28 14:31:58,531 | INFO | account balance loaded from cache
2026-04-28 14:31:58,531 | INFO | market price loaded from cache
2026-04-28 14:31:58,531 | INFO | market price loaded from cache
2026-04-28 14:32:03,532 | INFO | account balance loaded from cache
2026-04-28 14:32:03,532 | INFO | market price loaded from cache
2026-04-28 14:32:03,532 | INFO | market price loaded from cache
2026-04-28 14:32:08,533 | INFO | account balance loaded from cache
2026-04-28 14:32:08,533 | INFO | market price loaded from cache
2026-04-28 14:32:08,534 | INFO | market price loaded from cache
2026-04-28 14:32:13,535 | INFO | account balance loaded from cache
2026-04-28 14:32:13,545 | INFO | market price loaded from api
2026-04-28 14:32:13,545 | INFO | [HOLD] 001510 | 현재가 5,590원 | 보유 중이지만 익절 목표 5,783원과 손절 기준 5,584원 사이에 있어 유지합니다
2026-04-28 14:32:13,554 | WARNING | [WARN ] 047040 | 현재가 재조회에 실패하여 직전 캐시값을 사용합니다. 사유: kiwoom request failed: api_id=ka10001, http=429, body={'return_msg': '허용된 요청 개수를 초과하였습니다[1700:허용된 요청 개수를 초과하였습니다. API ID=ka10001]', 'return_code': 5}
2026-04-28 14:32:13,554 | INFO | [HOLD] 047040 | 현재가 37,800원 | 보유 중이지만 익절 목표 38,760원과 손절 기준 37,430원 사이에 있어 유지합니다
2026-04-28 14:32:18,555 | INFO | account balance loaded from cache
2026-04-28 14:32:18,555 | INFO | market price loaded from cache
2026-04-28 14:32:18,564 | INFO | market price loaded from api
2026-04-28 14:32:23,565 | INFO | account balance loaded from cache
2026-04-28 14:32:23,565 | INFO | market price loaded from cache
2026-04-28 14:32:23,565 | INFO | market price loaded from cache
2026-04-28 14:32:28,566 | INFO | account balance loaded from cache
2026-04-28 14:32:28,566 | INFO | market price loaded from cache
2026-04-28 14:32:28,566 | INFO | market price loaded from cache
2026-04-28 14:32:33,567 | INFO | account balance loaded from cache
2026-04-28 14:32:33,568 | INFO | market price loaded from cache
2026-04-28 14:32:33,568 | INFO | market price loaded from cache
2026-04-28 14:32:38,572 | INFO | account balance loaded from cache
2026-04-28 14:32:38,572 | INFO | market price loaded from cache
2026-04-28 14:32:38,572 | INFO | market price loaded from cache
2026-04-28 14:32:43,573 | INFO | account balance loaded from cache
2026-04-28 14:32:43,573 | INFO | market price loaded from cache
2026-04-28 14:32:43,573 | INFO | [HOLD] 001510 | 현재가 5,590원 | 보유 중이지만 익절 목표 5,783원과 손절 기준 5,584원 사이에 있어 유지합니다
2026-04-28 14:32:43,573 | INFO | market price loaded from cache
2026-04-28 14:32:43,573 | INFO | [HOLD] 047040 | 현재가 37,750원 | 보유 중이지만 익절 목표 38,760원과 손절 기준 37,430원 사이에 있어 유지합니다
2026-04-28 14:32:48,574 | INFO | account balance loaded from cache
2026-04-28 14:32:48,574 | INFO | market price loaded from cache
2026-04-28 14:32:48,574 | INFO | market price loaded from cache
2026-04-28 14:32:53,575 | INFO | account balance loaded from cache
2026-04-28 14:32:53,575 | INFO | market price loaded from cache
2026-04-28 14:32:53,575 | INFO | market price loaded from cache
2026-04-28 14:32:58,576 | INFO | account balance loaded from cache
2026-04-28 14:32:58,576 | INFO | market price loaded from cache
2026-04-28 14:32:58,576 | INFO | market price loaded from cache
2026-04-28 14:33:03,578 | INFO | account balance loaded from cache
2026-04-28 14:33:03,578 | INFO | market price loaded from cache
2026-04-28 14:33:03,578 | INFO | market price loaded from cache
2026-04-28 14:33:08,581 | INFO | account balance loaded from cache
2026-04-28 14:33:08,581 | INFO | market price loaded from cache
2026-04-28 14:33:08,581 | INFO | market price loaded from cache
2026-04-28 14:33:13,583 | INFO | account balance loaded from cache
2026-04-28 14:33:13,583 | INFO | market price loaded from cache
2026-04-28 14:33:13,583 | INFO | [HOLD] 001510 | 현재가 5,590원 | 보유 중이지만 익절 목표 5,783원과 손절 기준 5,584원 사이에 있어 유지합니다
2026-04-28 14:33:13,583 | INFO | market price loaded from cache
2026-04-28 14:33:13,583 | INFO | [HOLD] 047040 | 현재가 37,750원 | 보유 중이지만 익절 목표 38,760원과 손절 기준 37,430원 사이에 있어 유지합니다
2026-04-28 14:33:18,585 | INFO | account balance loaded from cache
2026-04-28 14:33:18,585 | INFO | market price loaded from cache
2026-04-28 14:33:18,585 | INFO | market price loaded from cache
2026-04-28 14:33:23,586 | INFO | account balance loaded from cache
2026-04-28 14:33:23,586 | INFO | market price loaded from cache
2026-04-28 14:33:23,586 | INFO | market price loaded from cache
2026-04-28 14:33:28,587 | INFO | account balance loaded from cache
2026-04-28 14:33:28,587 | INFO | market price loaded from cache
2026-04-28 14:33:28,587 | INFO | market price loaded from cache
2026-04-28 14:33:33,588 | INFO | account balance loaded from cache
2026-04-28 14:33:33,588 | INFO | market price loaded from cache
2026-04-28 14:33:33,588 | INFO | market price loaded from cache
2026-04-28 14:33:38,590 | INFO | account balance loaded from cache
2026-04-28 14:33:38,590 | INFO | market price loaded from cache
2026-04-28 14:33:38,590 | INFO | market price loaded from cache
2026-04-28 14:33:43,591 | INFO | account balance loaded from cache
2026-04-28 14:33:43,591 | INFO | market price loaded from cache
2026-04-28 14:33:43,591 | INFO | [HOLD] 001510 | 현재가 5,590원 | 보유 중이지만 익절 목표 5,783원과 손절 기준 5,584원 사이에 있어 유지합니다
2026-04-28 14:33:43,592 | INFO | market price loaded from cache
2026-04-28 14:33:43,592 | INFO | [HOLD] 047040 | 현재가 37,750원 | 보유 중이지만 익절 목표 38,760원과 손절 기준 37,430원 사이에 있어 유지합니다
2026-04-28 14:33:48,593 | INFO | account balance loaded from cache
2026-04-28 14:33:48,593 | INFO | market price loaded from cache
2026-04-28 14:33:48,593 | INFO | market price loaded from cache
2026-04-28 14:33:53,594 | INFO | account balance loaded from cache
2026-04-28 14:33:53,594 | INFO | market price loaded from cache
2026-04-28 14:33:53,594 | INFO | market price loaded from cache
2026-04-28 14:33:58,595 | INFO | account balance loaded from cache
2026-04-28 14:33:58,595 | INFO | market price loaded from cache
2026-04-28 14:33:58,595 | INFO | market price loaded from cache
2026-04-28 14:34:03,596 | INFO | account balance loaded from cache
2026-04-28 14:34:03,597 | INFO | market price loaded from cache
2026-04-28 14:34:03,597 | INFO | market price loaded from cache
2026-04-28 14:34:08,600 | INFO | account balance loaded from cache
2026-04-28 14:34:08,600 | INFO | market price loaded from cache
2026-04-28 14:34:08,601 | INFO | market price loaded from cache
2026-04-28 14:34:13,674 | INFO | account balance loaded from api
2026-04-28 14:34:13,674 | INFO | market price loaded from cache
2026-04-28 14:34:13,674 | INFO | [HOLD] 001510 | 현재가 5,590원 | 보유 중이지만 익절 목표 5,783원과 손절 기준 5,584원 사이에 있어 유지합니다
2026-04-28 14:34:13,674 | INFO | market price loaded from cache
2026-04-28 14:34:13,674 | INFO | [HOLD] 047040 | 현재가 37,750원 | 보유 중이지만 익절 목표 38,760원과 손절 기준 37,430원 사이에 있어 유지합니다
2026-04-28 14:34:18,675 | INFO | account balance loaded from cache
2026-04-28 14:34:18,675 | INFO | market price loaded from cache
2026-04-28 14:34:18,675 | INFO | market price loaded from cache
2026-04-28 14:34:23,676 | INFO | account balance loaded from cache
2026-04-28 14:34:23,676 | INFO | market price loaded from cache
2026-04-28 14:34:23,676 | INFO | market price loaded from cache
2026-04-28 14:34:28,678 | INFO | account balance loaded from cache
2026-04-28 14:34:28,678 | INFO | market price loaded from cache
2026-04-28 14:34:28,678 | INFO | market price loaded from cache
2026-04-28 14:34:33,679 | INFO | account balance loaded from cache
2026-04-28 14:34:33,679 | INFO | market price loaded from cache
2026-04-28 14:34:33,679 | INFO | market price loaded from cache
2026-04-28 14:34:38,680 | INFO | account balance loaded from cache
2026-04-28 14:34:38,680 | INFO | market price loaded from cache
2026-04-28 14:34:38,680 | INFO | market price loaded from cache
2026-04-28 14:34:43,681 | INFO | account balance loaded from cache
2026-04-28 14:34:43,681 | INFO | market price loaded from cache
2026-04-28 14:34:43,681 | INFO | [HOLD] 001510 | 현재가 5,590원 | 보유 중이지만 익절 목표 5,783원과 손절 기준 5,584원 사이에 있어 유지합니다
2026-04-28 14:34:43,681 | INFO | market price loaded from cache
2026-04-28 14:34:43,681 | INFO | [HOLD] 047040 | 현재가 37,750원 | 보유 중이지만 익절 목표 38,760원과 손절 기준 37,430원 사이에 있어 유지합니다
2026-04-28 14:34:48,682 | INFO | account balance loaded from cache
2026-04-28 14:34:48,682 | INFO | market price loaded from cache
2026-04-28 14:34:48,683 | INFO | market price loaded from cache
2026-04-28 14:34:53,684 | INFO | account balance loaded from cache
2026-04-28 14:34:53,684 | INFO | market price loaded from cache
2026-04-28 14:34:53,684 | INFO | market price loaded from cache
2026-04-28 14:34:58,685 | INFO | account balance loaded from cache
2026-04-28 14:34:58,685 | INFO | market price loaded from cache
2026-04-28 14:34:58,685 | INFO | market price loaded from cache
2026-04-28 14:35:03,686 | INFO | account balance loaded from cache
2026-04-28 14:35:03,686 | INFO | market price loaded from cache
2026-04-28 14:35:03,686 | INFO | market price loaded from cache
2026-04-28 14:35:08,723 | INFO | account balance loaded from cache
2026-04-28 14:35:08,723 | INFO | market price loaded from cache
2026-04-28 14:35:08,723 | INFO | market price loaded from cache
2026-04-28 14:35:13,724 | INFO | account balance loaded from cache
2026-04-28 14:35:13,724 | INFO | market price loaded from cache
2026-04-28 14:35:13,724 | INFO | [HOLD] 001510 | 현재가 5,590원 | 보유 중이지만 익절 목표 5,783원과 손절 기준 5,584원 사이에 있어 유지합니다
2026-04-28 14:35:13,724 | INFO | market price loaded from cache
2026-04-28 14:35:13,724 | INFO | [HOLD] 047040 | 현재가 37,750원 | 보유 중이지만 익절 목표 38,760원과 손절 기준 37,430원 사이에 있어 유지합니다
2026-04-28 14:35:18,725 | INFO | account balance loaded from cache
2026-04-28 14:35:18,725 | INFO | market price loaded from cache
2026-04-28 14:35:18,725 | INFO | market price loaded from cache
2026-04-28 14:35:23,726 | INFO | account balance loaded from cache
2026-04-28 14:35:23,726 | INFO | market price loaded from cache
2026-04-28 14:35:23,726 | INFO | market price loaded from cache
2026-04-28 14:35:28,727 | INFO | account balance loaded from cache
2026-04-28 14:35:28,727 | INFO | market price loaded from cache
2026-04-28 14:35:28,727 | INFO | market price loaded from cache
2026-04-28 14:35:33,728 | INFO | account balance loaded from cache
2026-04-28 14:35:33,728 | INFO | market price loaded from cache
2026-04-28 14:35:33,729 | INFO | market price loaded from cache
2026-04-28 14:35:38,729 | INFO | account balance loaded from cache
2026-04-28 14:35:38,729 | INFO | market price loaded from cache
2026-04-28 14:35:38,730 | INFO | market price loaded from cache
2026-04-28 14:35:43,730 | INFO | account balance loaded from cache
2026-04-28 14:35:43,731 | INFO | market price loaded from cache
2026-04-28 14:35:43,731 | INFO | [HOLD] 001510 | 현재가 5,590원 | 보유 중이지만 익절 목표 5,783원과 손절 기준 5,584원 사이에 있어 유지합니다
2026-04-28 14:35:43,731 | INFO | market price loaded from cache
2026-04-28 14:35:43,731 | INFO | [HOLD] 047040 | 현재가 37,750원 | 보유 중이지만 익절 목표 38,760원과 손절 기준 37,430원 사이에 있어 유지합니다
2026-04-28 14:35:48,732 | INFO | account balance loaded from cache
2026-04-28 14:35:48,732 | INFO | market price loaded from cache
2026-04-28 14:35:48,733 | INFO | market price loaded from cache
2026-04-28 14:35:53,736 | INFO | account balance loaded from cache
2026-04-28 14:35:53,736 | INFO | market price loaded from cache
2026-04-28 14:35:53,736 | INFO | market price loaded from cache
2026-04-28 14:35:58,738 | INFO | account balance loaded from cache
2026-04-28 14:35:58,738 | INFO | market price loaded from cache
2026-04-28 14:35:58,738 | INFO | market price loaded from cache
2026-04-28 14:36:03,739 | INFO | account balance loaded from cache
2026-04-28 14:36:03,739 | INFO | market price loaded from cache
2026-04-28 14:36:03,739 | INFO | market price loaded from cache
2026-04-28 14:36:08,741 | INFO | account balance loaded from cache
2026-04-28 14:36:08,741 | INFO | market price loaded from cache
2026-04-28 14:36:08,741 | INFO | market price loaded from cache
2026-04-28 14:36:13,744 | INFO | account balance loaded from cache
2026-04-28 14:36:13,744 | INFO | market price loaded from cache
2026-04-28 14:36:13,744 | INFO | [HOLD] 001510 | 현재가 5,590원 | 보유 중이지만 익절 목표 5,783원과 손절 기준 5,584원 사이에 있어 유지합니다
2026-04-28 14:36:13,744 | INFO | market price loaded from cache
2026-04-28 14:36:13,744 | INFO | [HOLD] 047040 | 현재가 37,750원 | 보유 중이지만 익절 목표 38,760원과 손절 기준 37,430원 사이에 있어 유지합니다
2026-04-28 14:36:18,745 | INFO | account balance loaded from cache
2026-04-28 14:36:18,746 | INFO | market price loaded from cache
2026-04-28 14:36:18,746 | INFO | market price loaded from cache
2026-04-28 14:36:23,747 | INFO | account balance loaded from cache
2026-04-28 14:36:23,747 | INFO | market price loaded from cache
2026-04-28 14:36:23,748 | INFO | market price loaded from cache
2026-04-28 14:36:28,749 | INFO | account balance loaded from cache
2026-04-28 14:36:28,749 | INFO | market price loaded from cache
2026-04-28 14:36:28,750 | INFO | market price loaded from cache
2026-04-28 14:36:33,754 | INFO | account balance loaded from cache
2026-04-28 14:36:33,754 | INFO | market price loaded from cache
2026-04-28 14:36:33,754 | INFO | market price loaded from cache
2026-04-28 14:36:38,757 | INFO | account balance loaded from cache
2026-04-28 14:36:38,757 | INFO | market price loaded from cache
2026-04-28 14:36:38,758 | INFO | market price loaded from cache
2026-04-28 14:36:43,760 | INFO | account balance loaded from cache
2026-04-28 14:36:43,760 | INFO | market price loaded from cache
2026-04-28 14:36:43,760 | INFO | [HOLD] 001510 | 현재가 5,590원 | 보유 중이지만 익절 목표 5,783원과 손절 기준 5,584원 사이에 있어 유지합니다
2026-04-28 14:36:43,760 | INFO | market price loaded from cache
2026-04-28 14:36:43,761 | INFO | [HOLD] 047040 | 현재가 37,750원 | 보유 중이지만 익절 목표 38,760원과 손절 기준 37,430원 사이에 있어 유지합니다
2026-04-28 14:36:48,761 | INFO | account balance loaded from cache
2026-04-28 14:36:48,761 | INFO | market price loaded from cache
2026-04-28 14:36:48,761 | INFO | market price loaded from cache
2026-04-28 14:36:53,762 | INFO | account balance loaded from cache
2026-04-28 14:36:53,762 | INFO | market price loaded from cache
2026-04-28 14:36:53,762 | INFO | market price loaded from cache
2026-04-28 14:36:58,763 | INFO | account balance loaded from cache
2026-04-28 14:36:58,763 | INFO | market price loaded from cache
2026-04-28 14:36:58,763 | INFO | market price loaded from cache
2026-04-28 14:37:03,764 | INFO | account balance loaded from cache
2026-04-28 14:37:03,764 | INFO | market price loaded from cache
2026-04-28 14:37:03,764 | INFO | market price loaded from cache
2026-04-28 14:37:08,765 | INFO | account balance loaded from cache
2026-04-28 14:37:08,765 | INFO | market price loaded from cache
2026-04-28 14:37:08,765 | INFO | market price loaded from cache
2026-04-28 14:37:13,841 | INFO | account balance loaded from api
2026-04-28 14:37:13,851 | INFO | market price loaded from api
2026-04-28 14:37:13,851 | INFO | [SELL] 001510 | 현재가 5,490원 | 평균단가 5,670원 대비 손절 기준 5,584원 아래로 내려왔습니다
2026-04-28 14:37:13,864 | INFO | [ORDER] 001510 | 매도 주문 접수 완료 | 수량 35주 | 주문번호 0160937
2026-04-28 14:37:13,865 | INFO | market price loaded from cache
2026-04-28 14:37:13,865 | INFO | [HOLD] 047040 | 현재가 37,750원 | 보유 중이지만 익절 목표 38,760원과 손절 기준 37,430원 사이에 있어 유지합니다
2026-04-28 14:37:18,920 | INFO | account balance loaded from api
2026-04-28 14:37:18,920 | INFO | market price loaded from cache
2026-04-28 14:37:18,920 | INFO | [BUY ] 001510 | 현재가 5,490원 | 기준가 4,845원 대비 1.0% 돌파 조건을 충족했습니다
2026-04-28 14:37:18,939 | INFO | [ORDER] 001510 | 매수 주문 접수 완료 | 수량 36주 | 주문번호 0160967
2026-04-28 14:37:18,949 | INFO | market price loaded from api
2026-04-28 14:37:18,949 | INFO | [SELL] 047040 | 현재가 37,350원 | 평균단가 38,000원 대비 손절 기준 37,430원 아래로 내려왔습니다
2026-04-28 14:37:19,004 | INFO | [ORDER] 047040 | 매도 주문 접수 완료 | 수량 5주 | 주문번호 0160968
2026-04-28 14:37:24,242 | INFO | account balance loaded from api
2026-04-28 14:37:24,242 | INFO | market price loaded from cache
2026-04-28 14:37:24,242 | INFO | [HOLD] 001510 | 현재가 5,490원 | 보유 중이지만 익절 목표 5,599원과 손절 기준 5,407원 사이에 있어 유지합니다
2026-04-28 14:37:24,242 | INFO | market price loaded from cache
2026-04-28 14:37:24,242 | INFO | [BUY ] 047040 | 현재가 37,350원 | 기준가 33,200원 대비 1.0% 돌파 조건을 충족했습니다
2026-04-28 14:37:24,262 | INFO | [ORDER] 047040 | 매수 주문 접수 완료 | 수량 5주 | 주문번호 0160995
2026-04-28 14:37:29,343 | INFO | account balance loaded from api
2026-04-28 14:37:29,343 | INFO | market price loaded from cache
2026-04-28 14:37:29,343 | INFO | market price loaded from cache
2026-04-28 14:37:34,344 | INFO | account balance loaded from cache
2026-04-28 14:37:34,344 | INFO | market price loaded from cache
2026-04-28 14:37:34,344 | INFO | market price loaded from cache
2026-04-28 14:37:39,345 | INFO | account balance loaded from cache
2026-04-28 14:37:39,345 | INFO | market price loaded from cache
2026-04-28 14:37:39,345 | INFO | market price loaded from cache
2026-04-28 14:37:44,346 | INFO | account balance loaded from cache
2026-04-28 14:37:44,346 | INFO | market price loaded from cache
2026-04-28 14:37:44,346 | INFO | market price loaded from cache
2026-04-28 14:37:44,346 | INFO | [HOLD] 047040 | 현재가 37,350원 | 보유 중이지만 익절 목표 38,097원과 손절 기준 36,789원 사이에 있어 유지합니다
2026-04-28 14:37:49,349 | INFO | account balance loaded from cache
2026-04-28 14:37:49,349 | INFO | market price loaded from cache
2026-04-28 14:37:49,349 | INFO | market price loaded from cache
2026-04-28 14:37:54,350 | INFO | account balance loaded from cache
2026-04-28 14:37:54,351 | INFO | market price loaded from cache
2026-04-28 14:37:54,351 | INFO | [HOLD] 001510 | 현재가 5,490원 | 보유 중이지만 익절 목표 5,599원과 손절 기준 5,407원 사이에 있어 유지합니다
2026-04-28 14:37:54,351 | INFO | market price loaded from cache
2026-04-28 14:37:59,352 | INFO | account balance loaded from cache
2026-04-28 14:37:59,353 | INFO | market price loaded from cache
2026-04-28 14:37:59,353 | INFO | market price loaded from cache
2026-04-28 14:38:04,355 | INFO | account balance loaded from cache
2026-04-28 14:38:04,355 | INFO | market price loaded from cache
2026-04-28 14:38:04,355 | INFO | market price loaded from cache
2026-04-28 14:38:09,355 | INFO | account balance loaded from cache
2026-04-28 14:38:09,356 | INFO | market price loaded from cache
2026-04-28 14:38:09,356 | INFO | market price loaded from cache
2026-04-28 14:38:14,357 | INFO | account balance loaded from cache
2026-04-28 14:38:14,357 | INFO | market price loaded from cache
2026-04-28 14:38:14,357 | INFO | market price loaded from cache
2026-04-28 14:38:14,357 | INFO | [HOLD] 047040 | 현재가 37,350원 | 보유 중이지만 익절 목표 38,097원과 손절 기준 36,789원 사이에 있어 유지합니다
2026-04-28 14:38:19,358 | INFO | account balance loaded from cache
2026-04-28 14:38:19,358 | INFO | market price loaded from cache
2026-04-28 14:38:19,358 | INFO | market price loaded from cache
2026-04-28 14:38:24,359 | INFO | account balance loaded from cache
2026-04-28 14:38:24,359 | INFO | market price loaded from cache
2026-04-28 14:38:24,359 | INFO | [HOLD] 001510 | 현재가 5,490원 | 보유 중이지만 익절 목표 5,599원과 손절 기준 5,407원 사이에 있어 유지합니다
2026-04-28 14:38:24,359 | INFO | market price loaded from cache
2026-04-28 14:38:29,360 | INFO | account balance loaded from cache
2026-04-28 14:38:29,360 | INFO | market price loaded from cache
2026-04-28 14:38:29,360 | INFO | market price loaded from cache
2026-04-28 14:38:34,361 | INFO | account balance loaded from cache
2026-04-28 14:38:34,361 | INFO | market price loaded from cache
2026-04-28 14:38:34,361 | INFO | market price loaded from cache
2026-04-28 14:38:39,362 | INFO | account balance loaded from cache
2026-04-28 14:38:39,362 | INFO | market price loaded from cache
2026-04-28 14:38:39,362 | INFO | market price loaded from cache
2026-04-28 14:38:44,363 | INFO | account balance loaded from cache
2026-04-28 14:38:44,363 | INFO | market price loaded from cache
2026-04-28 14:38:44,363 | INFO | market price loaded from cache
2026-04-28 14:38:44,363 | INFO | [HOLD] 047040 | 현재가 37,350원 | 보유 중이지만 익절 목표 38,097원과 손절 기준 36,789원 사이에 있어 유지합니다
2026-04-28 14:38:49,364 | INFO | account balance loaded from cache
2026-04-28 14:38:49,364 | INFO | market price loaded from cache
2026-04-28 14:38:49,364 | INFO | market price loaded from cache
2026-04-28 14:38:54,365 | INFO | account balance loaded from cache
2026-04-28 14:38:54,365 | INFO | market price loaded from cache
2026-04-28 14:38:54,365 | INFO | [HOLD] 001510 | 현재가 5,490원 | 보유 중이지만 익절 목표 5,599원과 손절 기준 5,407원 사이에 있어 유지합니다
2026-04-28 14:38:54,365 | INFO | market price loaded from cache
2026-04-28 14:38:59,366 | INFO | account balance loaded from cache
2026-04-28 14:38:59,367 | INFO | market price loaded from cache
2026-04-28 14:38:59,367 | INFO | market price loaded from cache
2026-04-28 14:39:04,368 | INFO | account balance loaded from cache
2026-04-28 14:39:04,368 | INFO | market price loaded from cache
2026-04-28 14:39:04,368 | INFO | market price loaded from cache
2026-04-28 14:39:09,370 | INFO | account balance loaded from cache
2026-04-28 14:39:09,370 | INFO | market price loaded from cache
2026-04-28 14:39:09,370 | INFO | market price loaded from cache
2026-04-28 14:39:14,370 | INFO | account balance loaded from cache
2026-04-28 14:39:14,371 | INFO | market price loaded from cache
2026-04-28 14:39:14,371 | INFO | market price loaded from cache
2026-04-28 14:39:14,371 | INFO | [HOLD] 047040 | 현재가 37,350원 | 보유 중이지만 익절 목표 38,097원과 손절 기준 36,789원 사이에 있어 유지합니다
2026-04-28 14:39:19,372 | INFO | account balance loaded from cache
2026-04-28 14:39:19,372 | INFO | market price loaded from cache
2026-04-28 14:39:19,372 | INFO | market price loaded from cache
2026-04-28 14:39:24,373 | INFO | account balance loaded from cache
2026-04-28 14:39:24,373 | INFO | market price loaded from cache
2026-04-28 14:39:24,373 | INFO | [HOLD] 001510 | 현재가 5,490원 | 보유 중이지만 익절 목표 5,599원과 손절 기준 5,407원 사이에 있어 유지합니다
2026-04-28 14:39:24,373 | INFO | market price loaded from cache
2026-04-28 14:39:29,374 | INFO | account balance loaded from cache
2026-04-28 14:39:29,374 | INFO | market price loaded from cache
2026-04-28 14:39:29,374 | INFO | market price loaded from cache
2026-04-28 14:39:34,375 | INFO | account balance loaded from cache
2026-04-28 14:39:34,375 | INFO | market price loaded from cache
2026-04-28 14:39:34,375 | INFO | market price loaded from cache
2026-04-28 14:39:39,376 | INFO | account balance loaded from cache
2026-04-28 14:39:39,376 | INFO | market price loaded from cache
2026-04-28 14:39:39,376 | INFO | market price loaded from cache
2026-04-28 14:39:44,377 | INFO | account balance loaded from cache
2026-04-28 14:39:44,377 | INFO | market price loaded from cache
2026-04-28 14:39:44,377 | INFO | market price loaded from cache
2026-04-28 14:39:44,377 | INFO | [HOLD] 047040 | 현재가 37,350원 | 보유 중이지만 익절 목표 38,097원과 손절 기준 36,789원 사이에 있어 유지합니다
2026-04-28 14:39:49,379 | INFO | account balance loaded from cache
2026-04-28 14:39:49,379 | INFO | market price loaded from cache
2026-04-28 14:39:49,379 | INFO | market price loaded from cache
2026-04-28 14:39:54,380 | INFO | account balance loaded from cache
2026-04-28 14:39:54,381 | INFO | market price loaded from cache
2026-04-28 14:39:54,381 | INFO | [HOLD] 001510 | 현재가 5,490원 | 보유 중이지만 익절 목표 5,599원과 손절 기준 5,407원 사이에 있어 유지합니다
2026-04-28 14:39:54,381 | INFO | market price loaded from cache
2026-04-28 14:39:59,385 | INFO | account balance loaded from cache
2026-04-28 14:39:59,385 | INFO | market price loaded from cache
2026-04-28 14:39:59,385 | INFO | market price loaded from cache
2026-04-28 14:40:04,386 | INFO | account balance loaded from cache
2026-04-28 14:40:04,386 | INFO | market price loaded from cache
2026-04-28 14:40:04,386 | INFO | market price loaded from cache
2026-04-28 14:40:09,387 | INFO | account balance loaded from cache
2026-04-28 14:40:09,387 | INFO | market price loaded from cache
2026-04-28 14:40:09,387 | INFO | market price loaded from cache
2026-04-28 14:40:14,388 | INFO | account balance loaded from cache
2026-04-28 14:40:14,388 | INFO | market price loaded from cache
2026-04-28 14:40:14,388 | INFO | market price loaded from cache
2026-04-28 14:40:14,388 | INFO | [HOLD] 047040 | 현재가 37,350원 | 보유 중이지만 익절 목표 38,097원과 손절 기준 36,789원 사이에 있어 유지합니다
2026-04-28 14:40:19,389 | INFO | account balance loaded from cache
2026-04-28 14:40:19,389 | INFO | market price loaded from cache
2026-04-28 14:40:19,390 | INFO | market price loaded from cache
2026-04-28 14:40:24,391 | INFO | account balance loaded from cache
2026-04-28 14:40:24,391 | INFO | market price loaded from cache
2026-04-28 14:40:24,391 | INFO | [HOLD] 001510 | 현재가 5,490원 | 보유 중이지만 익절 목표 5,599원과 손절 기준 5,407원 사이에 있어 유지합니다
2026-04-28 14:40:24,391 | INFO | market price loaded from cache
2026-04-28 14:40:29,453 | INFO | account balance loaded from api
2026-04-28 14:40:29,453 | INFO | market price loaded from cache
2026-04-28 14:40:29,453 | INFO | market price loaded from cache
2026-04-28 14:40:34,454 | INFO | account balance loaded from cache
2026-04-28 14:40:34,454 | INFO | market price loaded from cache
2026-04-28 14:40:34,454 | INFO | market price loaded from cache
2026-04-28 14:40:39,455 | INFO | account balance loaded from cache
2026-04-28 14:40:39,456 | INFO | market price loaded from cache
2026-04-28 14:40:39,456 | INFO | market price loaded from cache
2026-04-28 14:40:44,459 | INFO | account balance loaded from cache
2026-04-28 14:40:44,459 | INFO | market price loaded from cache
2026-04-28 14:40:44,459 | INFO | market price loaded from cache
2026-04-28 14:40:44,459 | INFO | [HOLD] 047040 | 현재가 37,350원 | 보유 중이지만 익절 목표 38,097원과 손절 기준 36,789원 사이에 있어 유지합니다
2026-04-28 14:40:49,460 | INFO | account balance loaded from cache
2026-04-28 14:40:49,460 | INFO | market price loaded from cache
2026-04-28 14:40:49,460 | INFO | market price loaded from cache
2026-04-28 14:40:54,461 | INFO | account balance loaded from cache
2026-04-28 14:40:54,461 | INFO | market price loaded from cache
2026-04-28 14:40:54,461 | INFO | [HOLD] 001510 | 현재가 5,490원 | 보유 중이지만 익절 목표 5,599원과 손절 기준 5,407원 사이에 있어 유지합니다
2026-04-28 14:40:54,462 | INFO | market price loaded from cache
2026-04-28 14:40:59,463 | INFO | account balance loaded from cache
2026-04-28 14:40:59,463 | INFO | market price loaded from cache
2026-04-28 14:40:59,463 | INFO | market price loaded from cache
2026-04-28 14:41:04,464 | INFO | account balance loaded from cache
2026-04-28 14:41:04,464 | INFO | market price loaded from cache
2026-04-28 14:41:04,464 | INFO | market price loaded from cache
2026-04-28 14:41:09,465 | INFO | account balance loaded from cache
2026-04-28 14:41:09,465 | INFO | market price loaded from cache
2026-04-28 14:41:09,465 | INFO | market price loaded from cache
2026-04-28 14:41:14,466 | INFO | account balance loaded from cache
2026-04-28 14:41:14,466 | INFO | market price loaded from cache
2026-04-28 14:41:14,466 | INFO | market price loaded from cache
2026-04-28 14:41:14,466 | INFO | [HOLD] 047040 | 현재가 37,350원 | 보유 중이지만 익절 목표 38,097원과 손절 기준 36,789원 사이에 있어 유지합니다
2026-04-28 14:41:19,467 | INFO | account balance loaded from cache
2026-04-28 14:41:19,467 | INFO | market price loaded from cache
2026-04-28 14:41:19,467 | INFO | market price loaded from cache
2026-04-28 14:41:24,468 | INFO | account balance loaded from cache
2026-04-28 14:41:24,468 | INFO | market price loaded from cache
2026-04-28 14:41:24,468 | INFO | [HOLD] 001510 | 현재가 5,490원 | 보유 중이지만 익절 목표 5,599원과 손절 기준 5,407원 사이에 있어 유지합니다
2026-04-28 14:41:24,468 | INFO | market price loaded from cache
2026-04-28 14:41:29,469 | INFO | account balance loaded from cache
2026-04-28 14:41:29,469 | INFO | market price loaded from cache
2026-04-28 14:41:29,469 | INFO | market price loaded from cache
2026-04-28 14:41:34,470 | INFO | account balance loaded from cache
2026-04-28 14:41:34,470 | INFO | market price loaded from cache
2026-04-28 14:41:34,470 | INFO | market price loaded from cache
2026-04-28 14:41:39,471 | INFO | account balance loaded from cache
2026-04-28 14:41:39,471 | INFO | market price loaded from cache
2026-04-28 14:41:39,471 | INFO | market price loaded from cache
2026-04-28 14:41:44,472 | INFO | account balance loaded from cache
2026-04-28 14:41:44,472 | INFO | market price loaded from cache
2026-04-28 14:41:44,473 | INFO | market price loaded from cache
2026-04-28 14:41:44,473 | INFO | [HOLD] 047040 | 현재가 37,350원 | 보유 중이지만 익절 목표 38,097원과 손절 기준 36,789원 사이에 있어 유지합니다
2026-04-28 14:41:49,475 | INFO | account balance loaded from cache
2026-04-28 14:41:49,475 | INFO | market price loaded from cache
2026-04-28 14:41:49,476 | INFO | market price loaded from cache
2026-04-28 14:41:54,477 | INFO | account balance loaded from cache
2026-04-28 14:41:54,477 | INFO | market price loaded from cache
2026-04-28 14:41:54,477 | INFO | [HOLD] 001510 | 현재가 5,490원 | 보유 중이지만 익절 목표 5,599원과 손절 기준 5,407원 사이에 있어 유지합니다
2026-04-28 14:41:54,478 | INFO | market price loaded from cache
2026-04-28 14:41:59,480 | INFO | account balance loaded from cache
2026-04-28 14:41:59,480 | INFO | market price loaded from cache
2026-04-28 14:41:59,480 | INFO | market price loaded from cache
2026-04-28 14:42:04,481 | INFO | account balance loaded from cache
2026-04-28 14:42:04,482 | INFO | market price loaded from cache
2026-04-28 14:42:04,482 | INFO | market price loaded from cache
2026-04-28 14:42:09,482 | INFO | account balance loaded from cache
2026-04-28 14:42:09,483 | INFO | market price loaded from cache
2026-04-28 14:42:09,483 | INFO | market price loaded from cache
2026-04-28 14:42:14,484 | INFO | account balance loaded from cache
2026-04-28 14:42:14,532 | INFO | market price loaded from api
2026-04-28 14:42:14,532 | INFO | [SELL] 001510 | 현재가 5,350원 | 평균단가 5,490원 대비 손절 기준 5,407원 아래로 내려왔습니다
2026-04-28 14:42:14,556 | INFO | [ORDER] 001510 | 매도 주문 접수 완료 | 수량 36주 | 주문번호 0162483
2026-04-28 14:42:14,557 | INFO | market price loaded from cache
2026-04-28 14:42:14,557 | INFO | [HOLD] 047040 | 현재가 37,350원 | 보유 중이지만 익절 목표 38,097원과 손절 기준 36,789원 사이에 있어 유지합니다
2026-04-28 14:42:19,665 | INFO | account balance loaded from api
2026-04-28 14:42:19,665 | INFO | market price loaded from cache
2026-04-28 14:42:19,665 | INFO | [BUY ] 001510 | 현재가 5,350원 | 기준가 4,845원 대비 1.0% 돌파 조건을 충족했습니다
2026-04-28 14:42:19,678 | INFO | [ORDER] 001510 | 매수 주문 접수 완료 | 수량 37주 | 주문번호 0162506
2026-04-28 14:42:19,687 | INFO | market price loaded from api
2026-04-28 14:42:24,834 | INFO | account balance loaded from api
2026-04-28 14:42:24,834 | INFO | market price loaded from cache
2026-04-28 14:42:24,834 | INFO | [HOLD] 001510 | 현재가 5,350원 | 보유 중이지만 익절 목표 5,446원과 손절 기준 5,259원 사이에 있어 유지합니다
2026-04-28 14:42:24,834 | INFO | market price loaded from cache
2026-04-28 14:42:29,835 | INFO | account balance loaded from cache
2026-04-28 14:42:29,835 | INFO | market price loaded from cache
2026-04-28 14:42:29,836 | INFO | market price loaded from cache
2026-04-28 14:42:34,838 | INFO | account balance loaded from cache
2026-04-28 14:42:34,838 | INFO | market price loaded from cache
2026-04-28 14:42:34,838 | INFO | market price loaded from cache
2026-04-28 14:42:39,839 | INFO | account balance loaded from cache
2026-04-28 14:42:39,839 | INFO | market price loaded from cache
2026-04-28 14:42:39,839 | INFO | market price loaded from cache
2026-04-28 14:42:44,840 | INFO | account balance loaded from cache
2026-04-28 14:42:44,840 | INFO | market price loaded from cache
2026-04-28 14:42:44,840 | INFO | market price loaded from cache
2026-04-28 14:42:44,840 | INFO | [HOLD] 047040 | 현재가 37,450원 | 보유 중이지만 익절 목표 38,097원과 손절 기준 36,789원 사이에 있어 유지합니다
2026-04-28 14:42:49,841 | INFO | account balance loaded from cache
2026-04-28 14:42:49,842 | INFO | market price loaded from cache
2026-04-28 14:42:49,842 | INFO | market price loaded from cache
2026-04-28 14:42:54,843 | INFO | account balance loaded from cache
2026-04-28 14:42:54,843 | INFO | market price loaded from cache
2026-04-28 14:42:54,843 | INFO | [HOLD] 001510 | 현재가 5,350원 | 보유 중이지만 익절 목표 5,446원과 손절 기준 5,259원 사이에 있어 유지합니다
2026-04-28 14:42:54,843 | INFO | market price loaded from cache
2026-04-28 14:42:59,844 | INFO | account balance loaded from cache
2026-04-28 14:42:59,844 | INFO | market price loaded from cache
2026-04-28 14:42:59,844 | INFO | market price loaded from cache
2026-04-28 14:43:04,845 | INFO | account balance loaded from cache
2026-04-28 14:43:04,845 | INFO | market price loaded from cache
2026-04-28 14:43:04,845 | INFO | market price loaded from cache
2026-04-28 14:43:09,846 | INFO | account balance loaded from cache
2026-04-28 14:43:09,846 | INFO | market price loaded from cache
2026-04-28 14:43:09,846 | INFO | market price loaded from cache
2026-04-28 14:43:14,847 | INFO | account balance loaded from cache
2026-04-28 14:43:14,847 | INFO | market price loaded from cache
2026-04-28 14:43:14,847 | INFO | market price loaded from cache
2026-04-28 14:43:14,847 | INFO | [HOLD] 047040 | 현재가 37,450원 | 보유 중이지만 익절 목표 38,097원과 손절 기준 36,789원 사이에 있어 유지합니다
2026-04-28 14:43:19,848 | INFO | account balance loaded from cache
2026-04-28 14:43:19,848 | INFO | market price loaded from cache
2026-04-28 14:43:19,848 | INFO | market price loaded from cache
2026-04-28 14:43:24,850 | INFO | account balance loaded from cache
2026-04-28 14:43:24,850 | INFO | market price loaded from cache
2026-04-28 14:43:24,850 | INFO | [HOLD] 001510 | 현재가 5,350원 | 보유 중이지만 익절 목표 5,446원과 손절 기준 5,259원 사이에 있어 유지합니다
2026-04-28 14:43:24,850 | INFO | market price loaded from cache
2026-04-28 14:43:29,851 | INFO | account balance loaded from cache
2026-04-28 14:43:29,851 | INFO | market price loaded from cache
2026-04-28 14:43:29,851 | INFO | market price loaded from cache
2026-04-28 14:43:34,852 | INFO | account balance loaded from cache
2026-04-28 14:43:34,852 | INFO | market price loaded from cache
2026-04-28 14:43:34,852 | INFO | market price loaded from cache
2026-04-28 14:43:39,853 | INFO | account balance loaded from cache
2026-04-28 14:43:39,853 | INFO | market price loaded from cache
2026-04-28 14:43:39,854 | INFO | market price loaded from cache
2026-04-28 14:43:44,854 | INFO | account balance loaded from cache
2026-04-28 14:43:44,854 | INFO | market price loaded from cache
2026-04-28 14:43:44,854 | INFO | market price loaded from cache
2026-04-28 14:43:44,854 | INFO | [HOLD] 047040 | 현재가 37,450원 | 보유 중이지만 익절 목표 38,097원과 손절 기준 36,789원 사이에 있어 유지합니다
2026-04-28 14:43:49,856 | INFO | account balance loaded from cache
2026-04-28 14:43:49,856 | INFO | market price loaded from cache
2026-04-28 14:43:49,856 | INFO | market price loaded from cache
2026-04-28 14:43:54,857 | INFO | account balance loaded from cache
2026-04-28 14:43:54,857 | INFO | market price loaded from cache
2026-04-28 14:43:54,857 | INFO | [HOLD] 001510 | 현재가 5,350원 | 보유 중이지만 익절 목표 5,446원과 손절 기준 5,259원 사이에 있어 유지합니다
2026-04-28 14:43:54,857 | INFO | market price loaded from cache
2026-04-28 14:43:59,858 | INFO | account balance loaded from cache
2026-04-28 14:43:59,858 | INFO | market price loaded from cache
2026-04-28 14:43:59,858 | INFO | market price loaded from cache
2026-04-28 14:44:04,859 | INFO | account balance loaded from cache
2026-04-28 14:44:04,859 | INFO | market price loaded from cache
2026-04-28 14:44:04,859 | INFO | market price loaded from cache
2026-04-28 14:44:09,860 | INFO | account balance loaded from cache
2026-04-28 14:44:09,860 | INFO | market price loaded from cache
2026-04-28 14:44:09,860 | INFO | market price loaded from cache
2026-04-28 14:44:14,861 | INFO | account balance loaded from cache
2026-04-28 14:44:14,862 | INFO | market price loaded from cache
2026-04-28 14:44:14,862 | INFO | market price loaded from cache
2026-04-28 14:44:14,862 | INFO | [HOLD] 047040 | 현재가 37,450원 | 보유 중이지만 익절 목표 38,097원과 손절 기준 36,789원 사이에 있어 유지합니다
2026-04-28 14:44:19,863 | INFO | account balance loaded from cache
2026-04-28 14:44:19,863 | INFO | market price loaded from cache
2026-04-28 14:44:19,863 | INFO | market price loaded from cache
2026-04-28 14:44:24,864 | INFO | account balance loaded from cache
2026-04-28 14:44:24,865 | INFO | market price loaded from cache
2026-04-28 14:44:24,865 | INFO | [HOLD] 001510 | 현재가 5,350원 | 보유 중이지만 익절 목표 5,446원과 손절 기준 5,259원 사이에 있어 유지합니다
2026-04-28 14:44:24,865 | INFO | market price loaded from cache
2026-04-28 14:44:29,868 | INFO | account balance loaded from cache
2026-04-28 14:44:29,869 | INFO | market price loaded from cache
2026-04-28 14:44:29,869 | INFO | market price loaded from cache
2026-04-28 14:44:34,870 | INFO | account balance loaded from cache
2026-04-28 14:44:34,870 | INFO | market price loaded from cache
2026-04-28 14:44:34,870 | INFO | market price loaded from cache
2026-04-28 14:44:39,871 | INFO | account balance loaded from cache
2026-04-28 14:44:39,871 | INFO | market price loaded from cache
2026-04-28 14:44:39,871 | INFO | market price loaded from cache
2026-04-28 14:44:44,872 | INFO | account balance loaded from cache
2026-04-28 14:44:44,872 | INFO | market price loaded from cache
2026-04-28 14:44:44,872 | INFO | market price loaded from cache
2026-04-28 14:44:44,872 | INFO | [HOLD] 047040 | 현재가 37,450원 | 보유 중이지만 익절 목표 38,097원과 손절 기준 36,789원 사이에 있어 유지합니다
2026-04-28 14:44:49,873 | INFO | account balance loaded from cache
2026-04-28 14:44:49,873 | INFO | market price loaded from cache
2026-04-28 14:44:49,873 | INFO | market price loaded from cache
2026-04-28 14:44:54,874 | INFO | account balance loaded from cache
2026-04-28 14:44:54,874 | INFO | market price loaded from cache
2026-04-28 14:44:54,874 | INFO | [HOLD] 001510 | 현재가 5,350원 | 보유 중이지만 익절 목표 5,446원과 손절 기준 5,259원 사이에 있어 유지합니다
2026-04-28 14:44:54,874 | INFO | market price loaded from cache
2026-04-28 14:44:59,875 | INFO | account balance loaded from cache
2026-04-28 14:44:59,875 | INFO | market price loaded from cache
2026-04-28 14:44:59,875 | INFO | market price loaded from cache
2026-04-28 14:45:04,876 | INFO | account balance loaded from cache
2026-04-28 14:45:04,876 | INFO | market price loaded from cache
2026-04-28 14:45:04,876 | INFO | market price loaded from cache
2026-04-28 14:45:09,877 | INFO | account balance loaded from cache
2026-04-28 14:45:09,877 | INFO | market price loaded from cache
2026-04-28 14:45:09,877 | INFO | market price loaded from cache
2026-04-28 14:45:14,878 | INFO | account balance loaded from cache
2026-04-28 14:45:14,878 | INFO | market price loaded from cache
2026-04-28 14:45:14,878 | INFO | market price loaded from cache
2026-04-28 14:45:14,878 | INFO | [HOLD] 047040 | 현재가 37,450원 | 보유 중이지만 익절 목표 38,097원과 손절 기준 36,789원 사이에 있어 유지합니다
2026-04-28 14:45:19,880 | INFO | account balance loaded from cache
2026-04-28 14:45:19,880 | INFO | market price loaded from cache
2026-04-28 14:45:19,880 | INFO | market price loaded from cache
2026-04-28 14:45:24,983 | INFO | account balance loaded from api
2026-04-28 14:45:24,983 | INFO | market price loaded from cache
2026-04-28 14:45:24,983 | INFO | [HOLD] 001510 | 현재가 5,350원 | 보유 중이지만 익절 목표 5,446원과 손절 기준 5,259원 사이에 있어 유지합니다
2026-04-28 14:45:24,983 | INFO | market price loaded from cache
2026-04-28 14:45:29,984 | INFO | account balance loaded from cache
2026-04-28 14:45:29,985 | INFO | market price loaded from cache
2026-04-28 14:45:29,985 | INFO | market price loaded from cache
2026-04-28 14:45:34,985 | INFO | account balance loaded from cache
2026-04-28 14:45:34,986 | INFO | market price loaded from cache
2026-04-28 14:45:34,986 | INFO | market price loaded from cache
2026-04-28 14:45:39,986 | INFO | account balance loaded from cache
2026-04-28 14:45:39,986 | INFO | market price loaded from cache
2026-04-28 14:45:39,987 | INFO | market price loaded from cache
2026-04-28 14:45:44,988 | INFO | account balance loaded from cache
2026-04-28 14:45:44,988 | INFO | market price loaded from cache
2026-04-28 14:45:44,988 | INFO | market price loaded from cache
2026-04-28 14:45:44,988 | INFO | [HOLD] 047040 | 현재가 37,450원 | 보유 중이지만 익절 목표 38,097원과 손절 기준 36,789원 사이에 있어 유지합니다
2026-04-28 14:45:49,989 | INFO | account balance loaded from cache
2026-04-28 14:45:49,989 | INFO | market price loaded from cache
2026-04-28 14:45:49,989 | INFO | market price loaded from cache
2026-04-28 14:45:54,990 | INFO | account balance loaded from cache
2026-04-28 14:45:54,991 | INFO | market price loaded from cache
2026-04-28 14:45:54,991 | INFO | [HOLD] 001510 | 현재가 5,350원 | 보유 중이지만 익절 목표 5,446원과 손절 기준 5,259원 사이에 있어 유지합니다
2026-04-28 14:45:54,991 | INFO | market price loaded from cache
2026-04-28 14:45:59,992 | INFO | account balance loaded from cache
2026-04-28 14:45:59,992 | INFO | market price loaded from cache
2026-04-28 14:45:59,992 | INFO | market price loaded from cache
2026-04-28 14:46:04,993 | INFO | account balance loaded from cache
2026-04-28 14:46:04,993 | INFO | market price loaded from cache
2026-04-28 14:46:04,994 | INFO | market price loaded from cache
2026-04-28 14:46:09,994 | INFO | account balance loaded from cache
2026-04-28 14:46:09,995 | INFO | market price loaded from cache
2026-04-28 14:46:09,995 | INFO | market price loaded from cache
2026-04-28 14:46:14,996 | INFO | account balance loaded from cache
2026-04-28 14:46:14,996 | INFO | market price loaded from cache
2026-04-28 14:46:14,996 | INFO | market price loaded from cache
2026-04-28 14:46:14,996 | INFO | [HOLD] 047040 | 현재가 37,450원 | 보유 중이지만 익절 목표 38,097원과 손절 기준 36,789원 사이에 있어 유지합니다
2026-04-28 14:46:19,997 | INFO | account balance loaded from cache
2026-04-28 14:46:19,997 | INFO | market price loaded from cache
2026-04-28 14:46:19,997 | INFO | market price loaded from cache
2026-04-28 14:46:24,998 | INFO | account balance loaded from cache
2026-04-28 14:46:24,998 | INFO | market price loaded from cache
2026-04-28 14:46:24,999 | INFO | [HOLD] 001510 | 현재가 5,350원 | 보유 중이지만 익절 목표 5,446원과 손절 기준 5,259원 사이에 있어 유지합니다
2026-04-28 14:46:24,999 | INFO | market price loaded from cache
2026-04-28 14:46:30,002 | INFO | account balance loaded from cache
2026-04-28 14:46:30,002 | INFO | market price loaded from cache
2026-04-28 14:46:30,002 | INFO | market price loaded from cache
2026-04-28 14:46:35,003 | INFO | account balance loaded from cache
2026-04-28 14:46:35,003 | INFO | market price loaded from cache
2026-04-28 14:46:35,003 | INFO | market price loaded from cache
2026-04-28 14:46:40,004 | INFO | account balance loaded from cache
2026-04-28 14:46:40,004 | INFO | market price loaded from cache
2026-04-28 14:46:40,004 | INFO | market price loaded from cache
2026-04-28 14:46:45,006 | INFO | account balance loaded from cache
2026-04-28 14:46:45,006 | INFO | market price loaded from cache
2026-04-28 14:46:45,006 | INFO | market price loaded from cache
2026-04-28 14:46:45,006 | INFO | [HOLD] 047040 | 현재가 37,450원 | 보유 중이지만 익절 목표 38,097원과 손절 기준 36,789원 사이에 있어 유지합니다
2026-04-28 14:46:50,007 | INFO | account balance loaded from cache
2026-04-28 14:46:50,007 | INFO | market price loaded from cache
2026-04-28 14:46:50,007 | INFO | market price loaded from cache
2026-04-28 14:46:55,008 | INFO | account balance loaded from cache
2026-04-28 14:46:55,008 | INFO | market price loaded from cache
2026-04-28 14:46:55,008 | INFO | [HOLD] 001510 | 현재가 5,350원 | 보유 중이지만 익절 목표 5,446원과 손절 기준 5,259원 사이에 있어 유지합니다
2026-04-28 14:46:55,008 | INFO | market price loaded from cache
2026-04-28 14:47:00,009 | INFO | account balance loaded from cache
2026-04-28 14:47:00,010 | INFO | market price loaded from cache
2026-04-28 14:47:00,010 | INFO | market price loaded from cache
2026-04-28 14:47:05,010 | INFO | account balance loaded from cache
2026-04-28 14:47:05,011 | INFO | market price loaded from cache
2026-04-28 14:47:05,011 | INFO | market price loaded from cache
2026-04-28 14:47:10,011 | INFO | account balance loaded from cache
2026-04-28 14:47:10,012 | INFO | market price loaded from cache
2026-04-28 14:47:10,012 | INFO | market price loaded from cache
2026-04-28 14:47:15,012 | INFO | account balance loaded from cache
2026-04-28 14:47:15,055 | INFO | market price loaded from api
2026-04-28 14:47:15,055 | INFO | market price loaded from cache
2026-04-28 14:47:15,055 | INFO | [HOLD] 047040 | 현재가 37,450원 | 보유 중이지만 익절 목표 38,097원과 손절 기준 36,789원 사이에 있어 유지합니다
2026-04-28 14:47:20,056 | INFO | account balance loaded from cache
2026-04-28 14:47:20,056 | INFO | market price loaded from cache
2026-04-28 14:47:20,069 | INFO | market price loaded from api
2026-04-28 14:47:25,070 | INFO | account balance loaded from cache
2026-04-28 14:47:25,070 | INFO | market price loaded from cache
2026-04-28 14:47:25,070 | INFO | [HOLD] 001510 | 현재가 5,340원 | 보유 중이지만 익절 목표 5,446원과 손절 기준 5,259원 사이에 있어 유지합니다
2026-04-28 14:47:25,070 | INFO | market price loaded from cache
2026-04-28 14:47:30,071 | INFO | account balance loaded from cache
2026-04-28 14:47:30,071 | INFO | market price loaded from cache
2026-04-28 14:47:30,071 | INFO | market price loaded from cache
2026-04-28 14:47:35,072 | INFO | account balance loaded from cache
2026-04-28 14:47:35,072 | INFO | market price loaded from cache
2026-04-28 14:47:35,072 | INFO | market price loaded from cache
2026-04-28 14:47:40,073 | INFO | account balance loaded from cache
2026-04-28 14:47:40,074 | INFO | market price loaded from cache
2026-04-28 14:47:40,074 | INFO | market price loaded from cache
2026-04-28 14:47:45,077 | INFO | account balance loaded from cache
2026-04-28 14:47:45,077 | INFO | market price loaded from cache
2026-04-28 14:47:45,077 | INFO | market price loaded from cache
2026-04-28 14:47:45,077 | INFO | [HOLD] 047040 | 현재가 37,400원 | 보유 중이지만 익절 목표 38,097원과 손절 기준 36,789원 사이에 있어 유지합니다
2026-04-28 14:47:50,078 | INFO | account balance loaded from cache
2026-04-28 14:47:50,078 | INFO | market price loaded from cache
2026-04-28 14:47:50,078 | INFO | market price loaded from cache
2026-04-28 14:47:55,079 | INFO | account balance loaded from cache
2026-04-28 14:47:55,079 | INFO | market price loaded from cache
2026-04-28 14:47:55,079 | INFO | [HOLD] 001510 | 현재가 5,340원 | 보유 중이지만 익절 목표 5,446원과 손절 기준 5,259원 사이에 있어 유지합니다
2026-04-28 14:47:55,079 | INFO | market price loaded from cache
2026-04-28 14:48:00,080 | INFO | account balance loaded from cache
2026-04-28 14:48:00,081 | INFO | market price loaded from cache
2026-04-28 14:48:00,081 | INFO | market price loaded from cache
2026-04-28 14:48:05,084 | INFO | account balance loaded from cache
2026-04-28 14:48:05,084 | INFO | market price loaded from cache
2026-04-28 14:48:05,084 | INFO | market price loaded from cache
2026-04-28 14:48:10,085 | INFO | account balance loaded from cache
2026-04-28 14:48:10,085 | INFO | market price loaded from cache
2026-04-28 14:48:10,085 | INFO | market price loaded from cache
2026-04-28 14:48:15,086 | INFO | account balance loaded from cache
2026-04-28 14:48:15,086 | INFO | market price loaded from cache
2026-04-28 14:48:15,086 | INFO | market price loaded from cache
2026-04-28 14:48:15,086 | INFO | [HOLD] 047040 | 현재가 37,400원 | 보유 중이지만 익절 목표 38,097원과 손절 기준 36,789원 사이에 있어 유지합니다
2026-04-28 14:48:20,087 | INFO | account balance loaded from cache
2026-04-28 14:48:20,087 | INFO | market price loaded from cache
2026-04-28 14:48:20,088 | INFO | market price loaded from cache
2026-04-28 14:48:25,188 | INFO | account balance loaded from api
2026-04-28 14:48:25,188 | INFO | market price loaded from cache
2026-04-28 14:48:25,188 | INFO | [HOLD] 001510 | 현재가 5,340원 | 보유 중이지만 익절 목표 5,446원과 손절 기준 5,259원 사이에 있어 유지합니다
2026-04-28 14:48:25,188 | INFO | market price loaded from cache
2026-04-28 14:48:30,189 | INFO | account balance loaded from cache
2026-04-28 14:48:30,189 | INFO | market price loaded from cache
2026-04-28 14:48:30,189 | INFO | market price loaded from cache
2026-04-28 14:48:35,190 | INFO | account balance loaded from cache
2026-04-28 14:48:35,190 | INFO | market price loaded from cache
2026-04-28 14:48:35,190 | INFO | market price loaded from cache
2026-04-28 14:48:40,191 | INFO | account balance loaded from cache
2026-04-28 14:48:40,191 | INFO | market price loaded from cache
2026-04-28 14:48:40,191 | INFO | market price loaded from cache
2026-04-28 14:48:45,192 | INFO | account balance loaded from cache
2026-04-28 14:48:45,193 | INFO | market price loaded from cache
2026-04-28 14:48:45,193 | INFO | market price loaded from cache
2026-04-28 14:48:45,193 | INFO | [HOLD] 047040 | 현재가 37,400원 | 보유 중이지만 익절 목표 38,097원과 손절 기준 36,789원 사이에 있어 유지합니다
2026-04-28 14:48:50,194 | INFO | account balance loaded from cache
2026-04-28 14:48:50,194 | INFO | market price loaded from cache
2026-04-28 14:48:50,194 | INFO | market price loaded from cache
2026-04-28 14:48:55,195 | INFO | account balance loaded from cache
2026-04-28 14:48:55,196 | INFO | market price loaded from cache
2026-04-28 14:48:55,196 | INFO | [HOLD] 001510 | 현재가 5,340원 | 보유 중이지만 익절 목표 5,446원과 손절 기준 5,259원 사이에 있어 유지합니다
2026-04-28 14:48:55,196 | INFO | market price loaded from cache
2026-04-28 14:49:00,197 | INFO | account balance loaded from cache
2026-04-28 14:49:00,197 | INFO | market price loaded from cache
2026-04-28 14:49:00,197 | INFO | market price loaded from cache
2026-04-28 14:49:05,198 | INFO | account balance loaded from cache
2026-04-28 14:49:05,198 | INFO | market price loaded from cache
2026-04-28 14:49:05,198 | INFO | market price loaded from cache
2026-04-28 14:49:10,199 | INFO | account balance loaded from cache
2026-04-28 14:49:10,199 | INFO | market price loaded from cache
2026-04-28 14:49:10,199 | INFO | market price loaded from cache
2026-04-28 14:49:15,200 | INFO | account balance loaded from cache
2026-04-28 14:49:15,201 | INFO | market price loaded from cache
2026-04-28 14:49:15,201 | INFO | market price loaded from cache
2026-04-28 14:49:15,202 | INFO | [HOLD] 047040 | 현재가 37,400원 | 보유 중이지만 익절 목표 38,097원과 손절 기준 36,789원 사이에 있어 유지합니다
2026-04-28 14:49:20,205 | INFO | account balance loaded from cache
2026-04-28 14:49:20,205 | INFO | market price loaded from cache
2026-04-28 14:49:20,205 | INFO | market price loaded from cache
2026-04-28 14:49:25,206 | INFO | account balance loaded from cache
2026-04-28 14:49:25,206 | INFO | market price loaded from cache
2026-04-28 14:49:25,206 | INFO | [HOLD] 001510 | 현재가 5,340원 | 보유 중이지만 익절 목표 5,446원과 손절 기준 5,259원 사이에 있어 유지합니다
2026-04-28 14:49:25,206 | INFO | market price loaded from cache
2026-04-28 14:49:30,207 | INFO | account balance loaded from cache
2026-04-28 14:49:30,207 | INFO | market price loaded from cache
2026-04-28 14:49:30,208 | INFO | market price loaded from cache
2026-04-28 14:49:35,210 | INFO | account balance loaded from cache
2026-04-28 14:49:35,210 | INFO | market price loaded from cache
2026-04-28 14:49:35,210 | INFO | market price loaded from cache
2026-04-28 14:49:40,211 | INFO | account balance loaded from cache
2026-04-28 14:49:40,211 | INFO | market price loaded from cache
2026-04-28 14:49:40,211 | INFO | market price loaded from cache
2026-04-28 14:49:45,212 | INFO | account balance loaded from cache
2026-04-28 14:49:45,213 | INFO | market price loaded from cache
2026-04-28 14:49:45,213 | INFO | market price loaded from cache
2026-04-28 14:49:45,213 | INFO | [HOLD] 047040 | 현재가 37,400원 | 보유 중이지만 익절 목표 38,097원과 손절 기준 36,789원 사이에 있어 유지합니다
2026-04-28 14:49:50,216 | INFO | account balance loaded from cache
2026-04-28 14:49:50,216 | INFO | market price loaded from cache
2026-04-28 14:49:50,217 | INFO | market price loaded from cache
2026-04-28 14:49:55,220 | INFO | account balance loaded from cache
2026-04-28 14:49:55,220 | INFO | market price loaded from cache
2026-04-28 14:49:55,220 | INFO | [HOLD] 001510 | 현재가 5,340원 | 보유 중이지만 익절 목표 5,446원과 손절 기준 5,259원 사이에 있어 유지합니다
2026-04-28 14:49:55,221 | INFO | market price loaded from cache
2026-04-28 14:50:00,223 | INFO | account balance loaded from cache
2026-04-28 14:50:00,223 | INFO | market price loaded from cache
2026-04-28 14:50:00,223 | INFO | market price loaded from cache
2026-04-28 14:50:05,224 | INFO | account balance loaded from cache
2026-04-28 14:50:05,224 | INFO | market price loaded from cache
2026-04-28 14:50:05,224 | INFO | market price loaded from cache
2026-04-28 14:50:10,225 | INFO | account balance loaded from cache
2026-04-28 14:50:10,225 | INFO | market price loaded from cache
2026-04-28 14:50:10,225 | INFO | market price loaded from cache
2026-04-28 14:50:15,226 | INFO | account balance loaded from cache
2026-04-28 14:50:15,227 | INFO | market price loaded from cache
2026-04-28 14:50:15,227 | INFO | market price loaded from cache
2026-04-28 14:50:15,227 | INFO | [HOLD] 047040 | 현재가 37,400원 | 보유 중이지만 익절 목표 38,097원과 손절 기준 36,789원 사이에 있어 유지합니다
2026-04-28 14:50:20,227 | INFO | account balance loaded from cache
2026-04-28 14:50:20,228 | INFO | market price loaded from cache
2026-04-28 14:50:20,228 | INFO | market price loaded from cache
2026-04-28 14:50:25,229 | INFO | account balance loaded from cache
2026-04-28 14:50:25,229 | INFO | market price loaded from cache
2026-04-28 14:50:25,229 | INFO | [HOLD] 001510 | 현재가 5,340원 | 보유 중이지만 익절 목표 5,446원과 손절 기준 5,259원 사이에 있어 유지합니다
2026-04-28 14:50:25,229 | INFO | market price loaded from cache
2026-04-28 14:50:30,230 | INFO | account balance loaded from cache
2026-04-28 14:50:30,230 | INFO | market price loaded from cache
2026-04-28 14:50:30,230 | INFO | market price loaded from cache
2026-04-28 14:50:35,231 | INFO | account balance loaded from cache
2026-04-28 14:50:35,231 | INFO | market price loaded from cache
2026-04-28 14:50:35,231 | INFO | market price loaded from cache
2026-04-28 14:50:40,232 | INFO | account balance loaded from cache
2026-04-28 14:50:40,232 | INFO | market price loaded from cache
2026-04-28 14:50:40,232 | INFO | market price loaded from cache
2026-04-28 14:50:45,233 | INFO | account balance loaded from cache
2026-04-28 14:50:45,234 | INFO | market price loaded from cache
2026-04-28 14:50:45,234 | INFO | market price loaded from cache
2026-04-28 14:50:45,234 | INFO | [HOLD] 047040 | 현재가 37,400원 | 보유 중이지만 익절 목표 38,097원과 손절 기준 36,789원 사이에 있어 유지합니다
2026-04-28 14:50:50,235 | INFO | account balance loaded from cache
2026-04-28 14:50:50,236 | INFO | market price loaded from cache
2026-04-28 14:50:50,236 | INFO | market price loaded from cache
2026-04-28 14:50:55,239 | INFO | account balance loaded from cache
2026-04-28 14:50:55,239 | INFO | market price loaded from cache
2026-04-28 14:50:55,239 | INFO | [HOLD] 001510 | 현재가 5,340원 | 보유 중이지만 익절 목표 5,446원과 손절 기준 5,259원 사이에 있어 유지합니다
2026-04-28 14:50:55,239 | INFO | market price loaded from cache
2026-04-28 14:51:00,240 | INFO | account balance loaded from cache
2026-04-28 14:51:00,240 | INFO | market price loaded from cache
2026-04-28 14:51:00,240 | INFO | market price loaded from cache
2026-04-28 14:51:05,241 | INFO | account balance loaded from cache
2026-04-28 14:51:05,241 | INFO | market price loaded from cache
2026-04-28 14:51:05,241 | INFO | market price loaded from cache
2026-04-28 14:51:10,242 | INFO | account balance loaded from cache
2026-04-28 14:51:10,242 | INFO | market price loaded from cache
2026-04-28 14:51:10,242 | INFO | market price loaded from cache
2026-04-28 14:51:15,243 | INFO | account balance loaded from cache
2026-04-28 14:51:15,243 | INFO | market price loaded from cache
2026-04-28 14:51:15,244 | INFO | market price loaded from cache
2026-04-28 14:51:15,244 | INFO | [HOLD] 047040 | 현재가 37,400원 | 보유 중이지만 익절 목표 38,097원과 손절 기준 36,789원 사이에 있어 유지합니다
2026-04-28 14:51:20,244 | INFO | account balance loaded from cache
2026-04-28 14:51:20,245 | INFO | market price loaded from cache
2026-04-28 14:51:20,245 | INFO | market price loaded from cache
2026-04-28 14:51:25,305 | INFO | account balance loaded from api
2026-04-28 14:51:25,305 | INFO | market price loaded from cache
2026-04-28 14:51:25,305 | INFO | [HOLD] 001510 | 현재가 5,340원 | 보유 중이지만 익절 목표 5,446원과 손절 기준 5,259원 사이에 있어 유지합니다
2026-04-28 14:51:25,305 | INFO | market price loaded from cache
2026-04-28 14:51:30,306 | INFO | account balance loaded from cache
2026-04-28 14:51:30,306 | INFO | market price loaded from cache
2026-04-28 14:51:30,307 | INFO | market price loaded from cache
2026-04-28 14:51:35,310 | INFO | account balance loaded from cache
2026-04-28 14:51:35,310 | INFO | market price loaded from cache
2026-04-28 14:51:35,310 | INFO | market price loaded from cache
2026-04-28 14:51:40,311 | INFO | account balance loaded from cache
2026-04-28 14:51:40,311 | INFO | market price loaded from cache
2026-04-28 14:51:40,312 | INFO | market price loaded from cache
2026-04-28 14:51:45,313 | INFO | account balance loaded from cache
2026-04-28 14:51:45,313 | INFO | market price loaded from cache
2026-04-28 14:51:45,313 | INFO | market price loaded from cache
2026-04-28 14:51:45,313 | INFO | [HOLD] 047040 | 현재가 37,400원 | 보유 중이지만 익절 목표 38,097원과 손절 기준 36,789원 사이에 있어 유지합니다
2026-04-28 14:51:50,314 | INFO | account balance loaded from cache
2026-04-28 14:51:50,314 | INFO | market price loaded from cache
2026-04-28 14:51:50,314 | INFO | market price loaded from cache
2026-04-28 14:51:55,315 | INFO | account balance loaded from cache
2026-04-28 14:51:55,315 | INFO | market price loaded from cache
2026-04-28 14:51:55,316 | INFO | [HOLD] 001510 | 현재가 5,340원 | 보유 중이지만 익절 목표 5,446원과 손절 기준 5,259원 사이에 있어 유지합니다
2026-04-28 14:51:55,316 | INFO | market price loaded from cache
2026-04-28 14:52:00,319 | INFO | account balance loaded from cache
2026-04-28 14:52:00,319 | INFO | market price loaded from cache
2026-04-28 14:52:00,319 | INFO | market price loaded from cache
2026-04-28 14:52:05,321 | INFO | account balance loaded from cache
2026-04-28 14:52:05,321 | INFO | market price loaded from cache
2026-04-28 14:52:05,321 | INFO | market price loaded from cache
2026-04-28 14:52:10,321 | INFO | account balance loaded from cache
2026-04-28 14:52:10,322 | INFO | market price loaded from cache
2026-04-28 14:52:10,322 | INFO | market price loaded from cache
2026-04-28 14:52:15,325 | INFO | account balance loaded from cache
2026-04-28 14:52:15,339 | INFO | market price loaded from api
2026-04-28 14:52:15,340 | INFO | [SELL] 001510 | 현재가 5,450원 | 평균단가 5,340원 대비 익절 목표 5,446원에 도달했습니다
2026-04-28 14:52:15,370 | INFO | [ORDER] 001510 | 매도 주문 접수 완료 | 수량 37주 | 주문번호 0165473
2026-04-28 14:52:15,370 | INFO | market price loaded from cache
2026-04-28 14:52:15,371 | INFO | [HOLD] 047040 | 현재가 37,400원 | 보유 중이지만 익절 목표 38,097원과 손절 기준 36,789원 사이에 있어 유지합니다
2026-04-28 14:52:20,451 | INFO | account balance loaded from api
2026-04-28 14:52:20,451 | INFO | market price loaded from cache
2026-04-28 14:52:20,451 | INFO | [BUY ] 001510 | 현재가 5,450원 | 기준가 4,845원 대비 1.0% 돌파 조건을 충족했습니다
2026-04-28 14:52:20,467 | INFO | [ORDER] 001510 | 매수 주문 접수 완료 | 수량 36주 | 주문번호 0165493
2026-04-28 14:52:20,476 | INFO | market price loaded from api
2026-04-28 14:52:25,509 | INFO | account balance loaded from api
2026-04-28 14:52:25,509 | INFO | market price loaded from cache
2026-04-28 14:52:25,509 | INFO | [HOLD] 001510 | 현재가 5,450원 | 보유 중이지만 익절 목표 5,553원과 손절 기준 5,363원 사이에 있어 유지합니다
2026-04-28 14:52:25,509 | INFO | market price loaded from cache
2026-04-28 14:52:30,510 | INFO | account balance loaded from cache
2026-04-28 14:52:30,510 | INFO | market price loaded from cache
2026-04-28 14:52:30,510 | INFO | market price loaded from cache
2026-04-28 14:52:35,511 | INFO | account balance loaded from cache
2026-04-28 14:52:35,511 | INFO | market price loaded from cache
2026-04-28 14:52:35,512 | INFO | market price loaded from cache
2026-04-28 14:52:40,514 | INFO | account balance loaded from cache
2026-04-28 14:52:40,514 | INFO | market price loaded from cache
2026-04-28 14:52:40,514 | INFO | market price loaded from cache
2026-04-28 14:52:45,515 | INFO | account balance loaded from cache
2026-04-28 14:52:45,515 | INFO | market price loaded from cache
2026-04-28 14:52:45,515 | INFO | market price loaded from cache
2026-04-28 14:52:45,515 | INFO | [HOLD] 047040 | 현재가 37,550원 | 보유 중이지만 익절 목표 38,097원과 손절 기준 36,789원 사이에 있어 유지합니다
2026-04-28 14:52:50,517 | INFO | account balance loaded from cache
2026-04-28 14:52:50,517 | INFO | market price loaded from cache
2026-04-28 14:52:50,517 | INFO | market price loaded from cache
2026-04-28 14:52:55,518 | INFO | account balance loaded from cache
2026-04-28 14:52:55,518 | INFO | market price loaded from cache
2026-04-28 14:52:55,518 | INFO | [HOLD] 001510 | 현재가 5,450원 | 보유 중이지만 익절 목표 5,553원과 손절 기준 5,363원 사이에 있어 유지합니다
2026-04-28 14:52:55,518 | INFO | market price loaded from cache
2026-04-28 14:53:00,519 | INFO | account balance loaded from cache
2026-04-28 14:53:00,519 | INFO | market price loaded from cache
2026-04-28 14:53:00,519 | INFO | market price loaded from cache
2026-04-28 14:53:05,521 | INFO | account balance loaded from cache
2026-04-28 14:53:05,521 | INFO | market price loaded from cache
2026-04-28 14:53:05,521 | INFO | market price loaded from cache
2026-04-28 14:53:10,522 | INFO | account balance loaded from cache
2026-04-28 14:53:10,522 | INFO | market price loaded from cache
2026-04-28 14:53:10,522 | INFO | market price loaded from cache
2026-04-28 14:53:15,523 | INFO | account balance loaded from cache
2026-04-28 14:53:15,523 | INFO | market price loaded from cache
2026-04-28 14:53:15,523 | INFO | market price loaded from cache
2026-04-28 14:53:15,524 | INFO | [HOLD] 047040 | 현재가 37,550원 | 보유 중이지만 익절 목표 38,097원과 손절 기준 36,789원 사이에 있어 유지합니다
2026-04-28 14:53:20,526 | INFO | account balance loaded from cache
2026-04-28 14:53:20,526 | INFO | market price loaded from cache
2026-04-28 14:53:20,526 | INFO | market price loaded from cache
2026-04-28 14:53:25,527 | INFO | account balance loaded from cache
2026-04-28 14:53:25,527 | INFO | market price loaded from cache
2026-04-28 14:53:25,527 | INFO | [HOLD] 001510 | 현재가 5,450원 | 보유 중이지만 익절 목표 5,553원과 손절 기준 5,363원 사이에 있어 유지합니다
2026-04-28 14:53:25,528 | INFO | market price loaded from cache
2026-04-28 14:53:30,528 | INFO | account balance loaded from cache
2026-04-28 14:53:30,528 | INFO | market price loaded from cache
2026-04-28 14:53:30,529 | INFO | market price loaded from cache
2026-04-28 14:53:35,530 | INFO | account balance loaded from cache
2026-04-28 14:53:35,530 | INFO | market price loaded from cache
2026-04-28 14:53:35,530 | INFO | market price loaded from cache
2026-04-28 14:53:40,534 | INFO | account balance loaded from cache
2026-04-28 14:53:40,534 | INFO | market price loaded from cache
2026-04-28 14:53:40,534 | INFO | market price loaded from cache
2026-04-28 14:53:45,535 | INFO | account balance loaded from cache
2026-04-28 14:53:45,536 | INFO | market price loaded from cache
2026-04-28 14:53:45,536 | INFO | market price loaded from cache
2026-04-28 14:53:45,536 | INFO | [HOLD] 047040 | 현재가 37,550원 | 보유 중이지만 익절 목표 38,097원과 손절 기준 36,789원 사이에 있어 유지합니다
2026-04-28 14:53:50,537 | INFO | account balance loaded from cache
2026-04-28 14:53:50,537 | INFO | market price loaded from cache
2026-04-28 14:53:50,537 | INFO | market price loaded from cache
2026-04-28 14:53:55,538 | INFO | account balance loaded from cache
2026-04-28 14:53:55,538 | INFO | market price loaded from cache
2026-04-28 14:53:55,538 | INFO | [HOLD] 001510 | 현재가 5,450원 | 보유 중이지만 익절 목표 5,553원과 손절 기준 5,363원 사이에 있어 유지합니다
2026-04-28 14:53:55,538 | INFO | market price loaded from cache
2026-04-28 14:54:00,539 | INFO | account balance loaded from cache
2026-04-28 14:54:00,539 | INFO | market price loaded from cache
2026-04-28 14:54:00,539 | INFO | market price loaded from cache
2026-04-28 14:54:05,540 | INFO | account balance loaded from cache
2026-04-28 14:54:05,540 | INFO | market price loaded from cache
2026-04-28 14:54:05,540 | INFO | market price loaded from cache
2026-04-28 14:54:10,541 | INFO | account balance loaded from cache
2026-04-28 14:54:10,541 | INFO | market price loaded from cache
2026-04-28 14:54:10,541 | INFO | market price loaded from cache
2026-04-28 14:54:15,542 | INFO | account balance loaded from cache
2026-04-28 14:54:15,542 | INFO | market price loaded from cache
2026-04-28 14:54:15,543 | INFO | market price loaded from cache
2026-04-28 14:54:15,543 | INFO | [HOLD] 047040 | 현재가 37,550원 | 보유 중이지만 익절 목표 38,097원과 손절 기준 36,789원 사이에 있어 유지합니다
2026-04-28 14:54:20,544 | INFO | account balance loaded from cache
2026-04-28 14:54:20,544 | INFO | market price loaded from cache
2026-04-28 14:54:20,544 | INFO | market price loaded from cache
2026-04-28 14:54:25,544 | INFO | account balance loaded from cache
2026-04-28 14:54:25,545 | INFO | market price loaded from cache
2026-04-28 14:54:25,545 | INFO | [HOLD] 001510 | 현재가 5,450원 | 보유 중이지만 익절 목표 5,553원과 손절 기준 5,363원 사이에 있어 유지합니다
2026-04-28 14:54:25,545 | INFO | market price loaded from cache
2026-04-28 14:54:30,546 | INFO | account balance loaded from cache
2026-04-28 14:54:30,546 | INFO | market price loaded from cache
2026-04-28 14:54:30,546 | INFO | market price loaded from cache
2026-04-28 14:54:35,546 | INFO | account balance loaded from cache
2026-04-28 14:54:35,547 | INFO | market price loaded from cache
2026-04-28 14:54:35,547 | INFO | market price loaded from cache
2026-04-28 14:54:40,547 | INFO | account balance loaded from cache
2026-04-28 14:54:40,548 | INFO | market price loaded from cache
2026-04-28 14:54:40,548 | INFO | market price loaded from cache
2026-04-28 14:54:45,549 | INFO | account balance loaded from cache
2026-04-28 14:54:45,549 | INFO | market price loaded from cache
2026-04-28 14:54:45,549 | INFO | market price loaded from cache
2026-04-28 14:54:45,549 | INFO | [HOLD] 047040 | 현재가 37,550원 | 보유 중이지만 익절 목표 38,097원과 손절 기준 36,789원 사이에 있어 유지합니다
2026-04-28 14:54:50,550 | INFO | account balance loaded from cache
2026-04-28 14:54:50,550 | INFO | market price loaded from cache
2026-04-28 14:54:50,550 | INFO | market price loaded from cache
2026-04-28 14:54:55,551 | INFO | account balance loaded from cache
2026-04-28 14:54:55,551 | INFO | market price loaded from cache
2026-04-28 14:54:55,551 | INFO | [HOLD] 001510 | 현재가 5,450원 | 보유 중이지만 익절 목표 5,553원과 손절 기준 5,363원 사이에 있어 유지합니다
2026-04-28 14:54:55,551 | INFO | market price loaded from cache
2026-04-28 14:55:00,553 | INFO | account balance loaded from cache
2026-04-28 14:55:00,553 | INFO | market price loaded from cache
2026-04-28 14:55:00,553 | INFO | market price loaded from cache
2026-04-28 14:55:05,554 | INFO | account balance loaded from cache
2026-04-28 14:55:05,554 | INFO | market price loaded from cache
2026-04-28 14:55:05,554 | INFO | market price loaded from cache
2026-04-28 14:55:10,556 | INFO | account balance loaded from cache
2026-04-28 14:55:10,556 | INFO | market price loaded from cache
2026-04-28 14:55:10,556 | INFO | market price loaded from cache
2026-04-28 14:55:15,557 | INFO | account balance loaded from cache
2026-04-28 14:55:15,557 | INFO | market price loaded from cache
2026-04-28 14:55:15,557 | INFO | market price loaded from cache
2026-04-28 14:55:15,557 | INFO | [HOLD] 047040 | 현재가 37,550원 | 보유 중이지만 익절 목표 38,097원과 손절 기준 36,789원 사이에 있어 유지합니다
2026-04-28 14:55:20,558 | INFO | account balance loaded from cache
2026-04-28 14:55:20,558 | INFO | market price loaded from cache
2026-04-28 14:55:20,558 | INFO | market price loaded from cache
2026-04-28 14:55:25,634 | INFO | account balance loaded from api
2026-04-28 14:55:25,634 | INFO | market price loaded from cache
2026-04-28 14:55:25,634 | INFO | [HOLD] 001510 | 현재가 5,450원 | 보유 중이지만 익절 목표 5,553원과 손절 기준 5,363원 사이에 있어 유지합니다
2026-04-28 14:55:25,634 | INFO | market price loaded from cache
2026-04-28 14:55:30,635 | INFO | account balance loaded from cache
2026-04-28 14:55:30,636 | INFO | market price loaded from cache
2026-04-28 14:55:30,636 | INFO | market price loaded from cache
2026-04-28 14:55:35,636 | INFO | account balance loaded from cache
2026-04-28 14:55:35,637 | INFO | market price loaded from cache
2026-04-28 14:55:35,637 | INFO | market price loaded from cache
2026-04-28 14:55:40,637 | INFO | account balance loaded from cache
2026-04-28 14:55:40,638 | INFO | market price loaded from cache
2026-04-28 14:55:40,638 | INFO | market price loaded from cache
2026-04-28 14:55:45,639 | INFO | account balance loaded from cache
2026-04-28 14:55:45,639 | INFO | market price loaded from cache
2026-04-28 14:55:45,639 | INFO | market price loaded from cache
2026-04-28 14:55:45,639 | INFO | [HOLD] 047040 | 현재가 37,550원 | 보유 중이지만 익절 목표 38,097원과 손절 기준 36,789원 사이에 있어 유지합니다
2026-04-28 14:55:50,640 | INFO | account balance loaded from cache
2026-04-28 14:55:50,640 | INFO | market price loaded from cache
2026-04-28 14:55:50,640 | INFO | market price loaded from cache
2026-04-28 14:55:55,641 | INFO | account balance loaded from cache
2026-04-28 14:55:55,641 | INFO | market price loaded from cache
2026-04-28 14:55:55,641 | INFO | [HOLD] 001510 | 현재가 5,450원 | 보유 중이지만 익절 목표 5,553원과 손절 기준 5,363원 사이에 있어 유지합니다
2026-04-28 14:55:55,641 | INFO | market price loaded from cache
2026-04-28 14:56:00,642 | INFO | account balance loaded from cache
2026-04-28 14:56:00,642 | INFO | market price loaded from cache
2026-04-28 14:56:00,642 | INFO | market price loaded from cache
2026-04-28 14:56:05,644 | INFO | account balance loaded from cache
2026-04-28 14:56:05,644 | INFO | market price loaded from cache
2026-04-28 14:56:05,644 | INFO | market price loaded from cache
2026-04-28 14:56:10,644 | INFO | account balance loaded from cache
2026-04-28 14:56:10,645 | INFO | market price loaded from cache
2026-04-28 14:56:10,645 | INFO | market price loaded from cache
2026-04-28 14:56:15,645 | INFO | account balance loaded from cache
2026-04-28 14:56:15,645 | INFO | market price loaded from cache
2026-04-28 14:56:15,646 | INFO | market price loaded from cache
2026-04-28 14:56:15,646 | INFO | [HOLD] 047040 | 현재가 37,550원 | 보유 중이지만 익절 목표 38,097원과 손절 기준 36,789원 사이에 있어 유지합니다
2026-04-28 14:56:20,646 | INFO | account balance loaded from cache
2026-04-28 14:56:20,647 | INFO | market price loaded from cache
2026-04-28 14:56:20,647 | INFO | market price loaded from cache
2026-04-28 14:56:25,648 | INFO | account balance loaded from cache
2026-04-28 14:56:25,648 | INFO | market price loaded from cache
2026-04-28 14:56:25,648 | INFO | [HOLD] 001510 | 현재가 5,450원 | 보유 중이지만 익절 목표 5,553원과 손절 기준 5,363원 사이에 있어 유지합니다
2026-04-28 14:56:25,648 | INFO | market price loaded from cache
2026-04-28 14:56:30,649 | INFO | account balance loaded from cache
2026-04-28 14:56:30,649 | INFO | market price loaded from cache
2026-04-28 14:56:30,649 | INFO | market price loaded from cache
2026-04-28 14:56:35,650 | INFO | account balance loaded from cache
2026-04-28 14:56:35,650 | INFO | market price loaded from cache
2026-04-28 14:56:35,650 | INFO | market price loaded from cache
2026-04-28 14:56:40,651 | INFO | account balance loaded from cache
2026-04-28 14:56:40,651 | INFO | market price loaded from cache
2026-04-28 14:56:40,651 | INFO | market price loaded from cache
2026-04-28 14:56:45,652 | INFO | account balance loaded from cache
2026-04-28 14:56:45,653 | INFO | market price loaded from cache
2026-04-28 14:56:45,653 | INFO | market price loaded from cache
2026-04-28 14:56:45,653 | INFO | [HOLD] 047040 | 현재가 37,550원 | 보유 중이지만 익절 목표 38,097원과 손절 기준 36,789원 사이에 있어 유지합니다
2026-04-28 14:56:50,654 | INFO | account balance loaded from cache
2026-04-28 14:56:50,654 | INFO | market price loaded from cache
2026-04-28 14:56:50,654 | INFO | market price loaded from cache
2026-04-28 14:56:55,655 | INFO | account balance loaded from cache
2026-04-28 14:56:55,655 | INFO | market price loaded from cache
2026-04-28 14:56:55,655 | INFO | [HOLD] 001510 | 현재가 5,450원 | 보유 중이지만 익절 목표 5,553원과 손절 기준 5,363원 사이에 있어 유지합니다
2026-04-28 14:56:55,655 | INFO | market price loaded from cache
2026-04-28 14:57:00,656 | INFO | account balance loaded from cache
2026-04-28 14:57:00,657 | INFO | market price loaded from cache
2026-04-28 14:57:00,657 | INFO | market price loaded from cache
2026-04-28 14:57:05,660 | INFO | account balance loaded from cache
2026-04-28 14:57:05,660 | INFO | market price loaded from cache
2026-04-28 14:57:05,660 | INFO | market price loaded from cache
2026-04-28 14:57:10,661 | INFO | account balance loaded from cache
2026-04-28 14:57:10,661 | INFO | market price loaded from cache
2026-04-28 14:57:10,661 | INFO | market price loaded from cache
2026-04-28 14:57:15,662 | INFO | account balance loaded from cache
2026-04-28 14:57:15,712 | INFO | market price loaded from api
2026-04-28 14:57:15,712 | INFO | market price loaded from cache
2026-04-28 14:57:15,712 | INFO | [HOLD] 047040 | 현재가 37,550원 | 보유 중이지만 익절 목표 38,097원과 손절 기준 36,789원 사이에 있어 유지합니다
2026-04-28 14:57:20,713 | INFO | account balance loaded from cache
2026-04-28 14:57:20,713 | INFO | market price loaded from cache
2026-04-28 14:57:20,723 | INFO | market price loaded from api
2026-04-28 14:57:25,724 | INFO | account balance loaded from cache
2026-04-28 14:57:25,724 | INFO | market price loaded from cache
2026-04-28 14:57:25,724 | INFO | [HOLD] 001510 | 현재가 5,475원 | 보유 중이지만 익절 목표 5,553원과 손절 기준 5,363원 사이에 있어 유지합니다
2026-04-28 14:57:25,724 | INFO | market price loaded from cache
2026-04-28 14:57:30,725 | INFO | account balance loaded from cache
2026-04-28 14:57:30,725 | INFO | market price loaded from cache
2026-04-28 14:57:30,725 | INFO | market price loaded from cache
2026-04-28 14:57:35,726 | INFO | account balance loaded from cache
2026-04-28 14:57:35,727 | INFO | market price loaded from cache
2026-04-28 14:57:35,727 | INFO | market price loaded from cache
2026-04-28 14:57:40,730 | INFO | account balance loaded from cache
2026-04-28 14:57:40,730 | INFO | market price loaded from cache
2026-04-28 14:57:40,730 | INFO | market price loaded from cache
2026-04-28 14:57:45,733 | INFO | account balance loaded from cache
2026-04-28 14:57:45,733 | INFO | market price loaded from cache
2026-04-28 14:57:45,734 | INFO | market price loaded from cache
2026-04-28 14:57:45,734 | INFO | [HOLD] 047040 | 현재가 37,450원 | 보유 중이지만 익절 목표 38,097원과 손절 기준 36,789원 사이에 있어 유지합니다
2026-04-28 14:57:50,737 | INFO | account balance loaded from cache
2026-04-28 14:57:50,737 | INFO | market price loaded from cache
2026-04-28 14:57:50,737 | INFO | market price loaded from cache
2026-04-28 14:57:55,738 | INFO | account balance loaded from cache
2026-04-28 14:57:55,738 | INFO | market price loaded from cache
2026-04-28 14:57:55,738 | INFO | [HOLD] 001510 | 현재가 5,475원 | 보유 중이지만 익절 목표 5,553원과 손절 기준 5,363원 사이에 있어 유지합니다
2026-04-28 14:57:55,738 | INFO | market price loaded from cache
2026-04-28 14:58:00,739 | INFO | account balance loaded from cache
2026-04-28 14:58:00,739 | INFO | market price loaded from cache
2026-04-28 14:58:00,739 | INFO | market price loaded from cache
2026-04-28 14:58:05,740 | INFO | account balance loaded from cache
2026-04-28 14:58:05,741 | INFO | market price loaded from cache
2026-04-28 14:58:05,741 | INFO | market price loaded from cache
2026-04-28 14:58:10,744 | INFO | account balance loaded from cache
2026-04-28 14:58:10,744 | INFO | market price loaded from cache
2026-04-28 14:58:10,744 | INFO | market price loaded from cache
2026-04-28 14:58:15,744 | INFO | account balance loaded from cache
2026-04-28 14:58:15,745 | INFO | market price loaded from cache
2026-04-28 14:58:15,745 | INFO | market price loaded from cache
2026-04-28 14:58:15,745 | INFO | [HOLD] 047040 | 현재가 37,450원 | 보유 중이지만 익절 목표 38,097원과 손절 기준 36,789원 사이에 있어 유지합니다
2026-04-28 14:58:20,746 | INFO | account balance loaded from cache
2026-04-28 14:58:20,746 | INFO | market price loaded from cache
2026-04-28 14:58:20,746 | INFO | market price loaded from cache
2026-04-28 14:58:25,823 | INFO | account balance loaded from api
2026-04-28 14:58:25,823 | INFO | market price loaded from cache
2026-04-28 14:58:25,823 | INFO | [HOLD] 001510 | 현재가 5,475원 | 보유 중이지만 익절 목표 5,553원과 손절 기준 5,363원 사이에 있어 유지합니다
2026-04-28 14:58:25,823 | INFO | market price loaded from cache
2026-04-28 14:58:30,824 | INFO | account balance loaded from cache
2026-04-28 14:58:30,824 | INFO | market price loaded from cache
2026-04-28 14:58:30,824 | INFO | market price loaded from cache
2026-04-28 14:58:35,825 | INFO | account balance loaded from cache
2026-04-28 14:58:35,825 | INFO | market price loaded from cache
2026-04-28 14:58:35,826 | INFO | market price loaded from cache
2026-04-28 14:58:40,826 | INFO | account balance loaded from cache
2026-04-28 14:58:40,826 | INFO | market price loaded from cache
2026-04-28 14:58:40,826 | INFO | market price loaded from cache
2026-04-28 14:58:45,827 | INFO | account balance loaded from cache
2026-04-28 14:58:45,827 | INFO | market price loaded from cache
2026-04-28 14:58:45,828 | INFO | market price loaded from cache
2026-04-28 14:58:45,828 | INFO | [HOLD] 047040 | 현재가 37,450원 | 보유 중이지만 익절 목표 38,097원과 손절 기준 36,789원 사이에 있어 유지합니다
2026-04-28 14:58:50,829 | INFO | account balance loaded from cache
2026-04-28 14:58:50,829 | INFO | market price loaded from cache
2026-04-28 14:58:50,829 | INFO | market price loaded from cache
2026-04-28 14:58:55,831 | INFO | account balance loaded from cache
2026-04-28 14:58:55,832 | INFO | market price loaded from cache
2026-04-28 14:58:55,832 | INFO | [HOLD] 001510 | 현재가 5,475원 | 보유 중이지만 익절 목표 5,553원과 손절 기준 5,363원 사이에 있어 유지합니다
2026-04-28 14:58:55,832 | INFO | market price loaded from cache
2026-04-28 14:59:00,833 | INFO | account balance loaded from cache
2026-04-28 14:59:00,833 | INFO | market price loaded from cache
2026-04-28 14:59:00,833 | INFO | market price loaded from cache
2026-04-28 14:59:05,835 | INFO | account balance loaded from cache
2026-04-28 14:59:05,835 | INFO | market price loaded from cache
2026-04-28 14:59:05,835 | INFO | market price loaded from cache
2026-04-28 14:59:10,836 | INFO | account balance loaded from cache
2026-04-28 14:59:10,836 | INFO | market price loaded from cache
2026-04-28 14:59:10,836 | INFO | market price loaded from cache
2026-04-28 14:59:15,837 | INFO | account balance loaded from cache
2026-04-28 14:59:15,837 | INFO | market price loaded from cache
2026-04-28 14:59:15,837 | INFO | market price loaded from cache
2026-04-28 14:59:15,837 | INFO | [HOLD] 047040 | 현재가 37,450원 | 보유 중이지만 익절 목표 38,097원과 손절 기준 36,789원 사이에 있어 유지합니다
2026-04-28 14:59:20,838 | INFO | account balance loaded from cache
2026-04-28 14:59:20,838 | INFO | market price loaded from cache
2026-04-28 14:59:20,838 | INFO | market price loaded from cache
2026-04-28 14:59:25,839 | INFO | account balance loaded from cache
2026-04-28 14:59:25,839 | INFO | market price loaded from cache
2026-04-28 14:59:25,840 | INFO | [HOLD] 001510 | 현재가 5,475원 | 보유 중이지만 익절 목표 5,553원과 손절 기준 5,363원 사이에 있어 유지합니다
2026-04-28 14:59:25,840 | INFO | market price loaded from cache
2026-04-28 14:59:30,841 | INFO | account balance loaded from cache
2026-04-28 14:59:30,841 | INFO | market price loaded from cache
2026-04-28 14:59:30,841 | INFO | market price loaded from cache
2026-04-28 14:59:35,842 | INFO | account balance loaded from cache
2026-04-28 14:59:35,842 | INFO | market price loaded from cache
2026-04-28 14:59:35,842 | INFO | market price loaded from cache
2026-04-28 14:59:40,843 | INFO | account balance loaded from cache
2026-04-28 14:59:40,843 | INFO | market price loaded from cache
2026-04-28 14:59:40,843 | INFO | market price loaded from cache
2026-04-28 14:59:45,844 | INFO | account balance loaded from cache
2026-04-28 14:59:45,844 | INFO | market price loaded from cache
2026-04-28 14:59:45,844 | INFO | market price loaded from cache
2026-04-28 14:59:45,844 | INFO | [HOLD] 047040 | 현재가 37,450원 | 보유 중이지만 익절 목표 38,097원과 손절 기준 36,789원 사이에 있어 유지합니다
2026-04-28 14:59:50,845 | INFO | account balance loaded from cache
2026-04-28 14:59:50,845 | INFO | market price loaded from cache
2026-04-28 14:59:50,845 | INFO | market price loaded from cache
2026-04-28 14:59:55,846 | INFO | account balance loaded from cache
2026-04-28 14:59:55,846 | INFO | market price loaded from cache
2026-04-28 14:59:55,846 | INFO | [HOLD] 001510 | 현재가 5,475원 | 보유 중이지만 익절 목표 5,553원과 손절 기준 5,363원 사이에 있어 유지합니다
2026-04-28 14:59:55,846 | INFO | market price loaded from cache
2026-04-28 15:00:00,847 | INFO | account balance loaded from cache
2026-04-28 15:00:00,848 | INFO | market price loaded from cache
2026-04-28 15:00:00,848 | INFO | market price loaded from cache
2026-04-28 15:00:05,848 | INFO | account balance loaded from cache
2026-04-28 15:00:05,849 | INFO | market price loaded from cache
2026-04-28 15:00:05,849 | INFO | market price loaded from cache
2026-04-28 15:00:10,850 | INFO | account balance loaded from cache
2026-04-28 15:00:10,850 | INFO | market price loaded from cache
2026-04-28 15:00:10,851 | INFO | market price loaded from cache
2026-04-28 15:00:15,856 | INFO | account balance loaded from cache
2026-04-28 15:00:15,856 | INFO | market price loaded from cache
2026-04-28 15:00:15,856 | INFO | market price loaded from cache
2026-04-28 15:00:15,856 | INFO | [HOLD] 047040 | 현재가 37,450원 | 보유 중이지만 익절 목표 38,097원과 손절 기준 36,789원 사이에 있어 유지합니다
2026-04-28 15:00:20,857 | INFO | account balance loaded from cache
2026-04-28 15:00:20,857 | INFO | market price loaded from cache
2026-04-28 15:00:20,857 | INFO | market price loaded from cache
2026-04-28 15:00:25,858 | INFO | account balance loaded from cache
2026-04-28 15:00:25,858 | INFO | market price loaded from cache
2026-04-28 15:00:25,858 | INFO | [HOLD] 001510 | 현재가 5,475원 | 보유 중이지만 익절 목표 5,553원과 손절 기준 5,363원 사이에 있어 유지합니다
2026-04-28 15:00:25,858 | INFO | market price loaded from cache
2026-04-28 15:00:30,859 | INFO | account balance loaded from cache
2026-04-28 15:00:30,859 | INFO | market price loaded from cache
2026-04-28 15:00:30,859 | INFO | market price loaded from cache
2026-04-28 15:00:35,860 | INFO | account balance loaded from cache
2026-04-28 15:00:35,860 | INFO | market price loaded from cache
2026-04-28 15:00:35,860 | INFO | market price loaded from cache
2026-04-28 15:00:40,861 | INFO | account balance loaded from cache
2026-04-28 15:00:40,861 | INFO | market price loaded from cache
2026-04-28 15:00:40,861 | INFO | market price loaded from cache
2026-04-28 15:00:45,862 | INFO | account balance loaded from cache
2026-04-28 15:00:45,863 | INFO | market price loaded from cache
2026-04-28 15:00:45,863 | INFO | market price loaded from cache
2026-04-28 15:00:45,863 | INFO | [HOLD] 047040 | 현재가 37,450원 | 보유 중이지만 익절 목표 38,097원과 손절 기준 36,789원 사이에 있어 유지합니다
2026-04-28 15:00:50,864 | INFO | account balance loaded from cache
2026-04-28 15:00:50,864 | INFO | market price loaded from cache
2026-04-28 15:00:50,864 | INFO | market price loaded from cache
2026-04-28 15:00:55,865 | INFO | account balance loaded from cache
2026-04-28 15:00:55,865 | INFO | market price loaded from cache
2026-04-28 15:00:55,865 | INFO | [HOLD] 001510 | 현재가 5,475원 | 보유 중이지만 익절 목표 5,553원과 손절 기준 5,363원 사이에 있어 유지합니다
2026-04-28 15:00:55,865 | INFO | market price loaded from cache
2026-04-28 15:01:00,866 | INFO | account balance loaded from cache
2026-04-28 15:01:00,866 | INFO | market price loaded from cache
2026-04-28 15:01:00,866 | INFO | market price loaded from cache
2026-04-28 15:01:05,867 | INFO | account balance loaded from cache
2026-04-28 15:01:05,867 | INFO | market price loaded from cache
2026-04-28 15:01:05,867 | INFO | market price loaded from cache
2026-04-28 15:01:10,868 | INFO | account balance loaded from cache
2026-04-28 15:01:10,868 | INFO | market price loaded from cache
2026-04-28 15:01:10,869 | INFO | market price loaded from cache
2026-04-28 15:01:15,869 | INFO | account balance loaded from cache
2026-04-28 15:01:15,869 | INFO | market price loaded from cache
2026-04-28 15:01:15,869 | INFO | market price loaded from cache
2026-04-28 15:01:15,869 | INFO | [HOLD] 047040 | 현재가 37,450원 | 보유 중이지만 익절 목표 38,097원과 손절 기준 36,789원 사이에 있어 유지합니다
2026-04-28 15:01:20,870 | INFO | account balance loaded from cache
2026-04-28 15:01:20,870 | INFO | market price loaded from cache
2026-04-28 15:01:20,870 | INFO | market price loaded from cache
2026-04-28 15:01:25,931 | INFO | account balance loaded from api
2026-04-28 15:01:25,931 | INFO | market price loaded from cache
2026-04-28 15:01:25,931 | INFO | [HOLD] 001510 | 현재가 5,475원 | 보유 중이지만 익절 목표 5,553원과 손절 기준 5,363원 사이에 있어 유지합니다
2026-04-28 15:01:25,931 | INFO | market price loaded from cache
2026-04-28 15:01:30,932 | INFO | account balance loaded from cache
2026-04-28 15:01:30,932 | INFO | market price loaded from cache
2026-04-28 15:01:30,932 | INFO | market price loaded from cache
2026-04-28 15:01:35,933 | INFO | account balance loaded from cache
2026-04-28 15:01:35,934 | INFO | market price loaded from cache
2026-04-28 15:01:35,934 | INFO | market price loaded from cache
2026-04-28 15:01:40,935 | INFO | account balance loaded from cache
2026-04-28 15:01:40,935 | INFO | market price loaded from cache
2026-04-28 15:01:40,935 | INFO | market price loaded from cache
2026-04-28 15:01:45,943 | INFO | account balance loaded from cache
2026-04-28 15:01:45,944 | INFO | market price loaded from cache
2026-04-28 15:01:45,944 | INFO | market price loaded from cache
2026-04-28 15:01:45,945 | INFO | [HOLD] 047040 | 현재가 37,450원 | 보유 중이지만 익절 목표 38,097원과 손절 기준 36,789원 사이에 있어 유지합니다
2026-04-28 15:01:50,946 | INFO | account balance loaded from cache
2026-04-28 15:01:50,946 | INFO | market price loaded from cache
2026-04-28 15:01:50,947 | INFO | market price loaded from cache
2026-04-28 15:01:55,947 | INFO | account balance loaded from cache
2026-04-28 15:01:55,947 | INFO | market price loaded from cache
2026-04-28 15:01:55,948 | INFO | [HOLD] 001510 | 현재가 5,475원 | 보유 중이지만 익절 목표 5,553원과 손절 기준 5,363원 사이에 있어 유지합니다
2026-04-28 15:01:55,948 | INFO | market price loaded from cache
2026-04-28 15:02:00,948 | INFO | account balance loaded from cache
2026-04-28 15:02:00,949 | INFO | market price loaded from cache
2026-04-28 15:02:00,949 | INFO | market price loaded from cache
2026-04-28 15:02:05,962 | INFO | account balance loaded from cache
2026-04-28 15:02:05,962 | INFO | market price loaded from cache
2026-04-28 15:02:05,962 | INFO | market price loaded from cache
2026-04-28 15:02:10,963 | INFO | account balance loaded from cache
2026-04-28 15:02:10,963 | INFO | market price loaded from cache
2026-04-28 15:02:10,963 | INFO | market price loaded from cache
2026-04-28 15:02:15,964 | INFO | account balance loaded from cache
2026-04-28 15:02:15,974 | INFO | market price loaded from api
2026-04-28 15:02:15,974 | INFO | [SELL] 001510 | 현재가 5,610원 | 평균단가 5,445원 대비 익절 목표 5,553원에 도달했습니다
2026-04-28 15:02:15,991 | INFO | [ORDER] 001510 | 매도 주문 접수 완료 | 수량 36주 | 주문번호 0168629
2026-04-28 15:02:15,991 | INFO | market price loaded from cache
2026-04-28 15:02:15,991 | INFO | [HOLD] 047040 | 현재가 37,450원 | 보유 중이지만 익절 목표 38,097원과 손절 기준 36,789원 사이에 있어 유지합니다
2026-04-28 15:02:21,022 | INFO | account balance loaded from api
2026-04-28 15:02:21,022 | INFO | market price loaded from cache
2026-04-28 15:02:21,022 | INFO | [BUY ] 001510 | 현재가 5,610원 | 기준가 4,845원 대비 1.0% 돌파 조건을 충족했습니다
2026-04-28 15:02:21,038 | INFO | [ORDER] 001510 | 매수 주문 접수 완료 | 수량 35주 | 주문번호 0168676
2026-04-28 15:02:21,047 | INFO | market price loaded from api
2026-04-28 15:02:26,091 | INFO | account balance loaded from api
2026-04-28 15:02:26,091 | INFO | market price loaded from cache
2026-04-28 15:02:26,091 | INFO | [HOLD] 001510 | 현재가 5,610원 | 보유 중이지만 익절 목표 5,722원과 손절 기준 5,525원 사이에 있어 유지합니다
2026-04-28 15:02:26,091 | INFO | market price loaded from cache
2026-04-28 15:02:31,093 | INFO | account balance loaded from cache
2026-04-28 15:02:31,093 | INFO | market price loaded from cache
2026-04-28 15:02:31,093 | INFO | market price loaded from cache
2026-04-28 15:02:36,094 | INFO | account balance loaded from cache
2026-04-28 15:02:36,094 | INFO | market price loaded from cache
2026-04-28 15:02:36,094 | INFO | market price loaded from cache
2026-04-28 15:02:41,094 | INFO | account balance loaded from cache
2026-04-28 15:02:41,095 | INFO | market price loaded from cache
2026-04-28 15:02:41,095 | INFO | market price loaded from cache
2026-04-28 15:02:46,096 | INFO | account balance loaded from cache
2026-04-28 15:02:46,096 | INFO | market price loaded from cache
2026-04-28 15:02:46,096 | INFO | market price loaded from cache
2026-04-28 15:02:46,096 | INFO | [HOLD] 047040 | 현재가 37,100원 | 보유 중이지만 익절 목표 38,097원과 손절 기준 36,789원 사이에 있어 유지합니다
2026-04-28 15:02:51,097 | INFO | account balance loaded from cache
2026-04-28 15:02:51,097 | INFO | market price loaded from cache
2026-04-28 15:02:51,097 | INFO | market price loaded from cache
2026-04-28 15:02:56,099 | INFO | account balance loaded from cache
2026-04-28 15:02:56,099 | INFO | market price loaded from cache
2026-04-28 15:02:56,099 | INFO | [HOLD] 001510 | 현재가 5,610원 | 보유 중이지만 익절 목표 5,722원과 손절 기준 5,525원 사이에 있어 유지합니다
2026-04-28 15:02:56,099 | INFO | market price loaded from cache
2026-04-28 15:03:01,101 | INFO | account balance loaded from cache
2026-04-28 15:03:01,101 | INFO | market price loaded from cache
2026-04-28 15:03:01,102 | INFO | market price loaded from cache
2026-04-28 15:03:06,103 | INFO | account balance loaded from cache
2026-04-28 15:03:06,103 | INFO | market price loaded from cache
2026-04-28 15:03:06,103 | INFO | market price loaded from cache
2026-04-28 15:03:11,104 | INFO | account balance loaded from cache
2026-04-28 15:03:11,104 | INFO | market price loaded from cache
2026-04-28 15:03:11,104 | INFO | market price loaded from cache
2026-04-28 15:03:16,105 | INFO | account balance loaded from cache
2026-04-28 15:03:16,105 | INFO | market price loaded from cache
2026-04-28 15:03:16,105 | INFO | market price loaded from cache
2026-04-28 15:03:16,105 | INFO | [HOLD] 047040 | 현재가 37,100원 | 보유 중이지만 익절 목표 38,097원과 손절 기준 36,789원 사이에 있어 유지합니다
2026-04-28 15:03:21,106 | INFO | account balance loaded from cache
2026-04-28 15:03:21,106 | INFO | market price loaded from cache
2026-04-28 15:03:21,107 | INFO | market price loaded from cache
2026-04-28 15:03:26,117 | INFO | account balance loaded from cache
2026-04-28 15:03:26,117 | INFO | market price loaded from cache
2026-04-28 15:03:26,117 | INFO | [HOLD] 001510 | 현재가 5,610원 | 보유 중이지만 익절 목표 5,722원과 손절 기준 5,525원 사이에 있어 유지합니다
2026-04-28 15:03:26,117 | INFO | market price loaded from cache
2026-04-28 15:03:31,118 | INFO | account balance loaded from cache
2026-04-28 15:03:31,118 | INFO | market price loaded from cache
2026-04-28 15:03:31,119 | INFO | market price loaded from cache
2026-04-28 15:03:36,120 | INFO | account balance loaded from cache
2026-04-28 15:03:36,120 | INFO | market price loaded from cache
2026-04-28 15:03:36,120 | INFO | market price loaded from cache
2026-04-28 15:03:41,123 | INFO | account balance loaded from cache
2026-04-28 15:03:41,123 | INFO | market price loaded from cache
2026-04-28 15:03:41,123 | INFO | market price loaded from cache
2026-04-28 15:03:46,124 | INFO | account balance loaded from cache
2026-04-28 15:03:46,124 | INFO | market price loaded from cache
2026-04-28 15:03:46,124 | INFO | market price loaded from cache
2026-04-28 15:03:46,124 | INFO | [HOLD] 047040 | 현재가 37,100원 | 보유 중이지만 익절 목표 38,097원과 손절 기준 36,789원 사이에 있어 유지합니다
2026-04-28 15:03:51,125 | INFO | account balance loaded from cache
2026-04-28 15:03:51,125 | INFO | market price loaded from cache
2026-04-28 15:03:51,125 | INFO | market price loaded from cache
2026-04-28 15:03:56,126 | INFO | account balance loaded from cache
2026-04-28 15:03:56,126 | INFO | market price loaded from cache
2026-04-28 15:03:56,126 | INFO | [HOLD] 001510 | 현재가 5,610원 | 보유 중이지만 익절 목표 5,722원과 손절 기준 5,525원 사이에 있어 유지합니다
2026-04-28 15:03:56,126 | INFO | market price loaded from cache
2026-04-28 15:04:01,127 | INFO | account balance loaded from cache
2026-04-28 15:04:01,127 | INFO | market price loaded from cache
2026-04-28 15:04:01,127 | INFO | market price loaded from cache
2026-04-28 15:04:06,128 | INFO | account balance loaded from cache
2026-04-28 15:04:06,128 | INFO | market price loaded from cache
2026-04-28 15:04:06,128 | INFO | market price loaded from cache
2026-04-28 15:04:11,129 | INFO | account balance loaded from cache
2026-04-28 15:04:11,129 | INFO | market price loaded from cache
2026-04-28 15:04:11,129 | INFO | market price loaded from cache
2026-04-28 15:04:16,131 | INFO | account balance loaded from cache
2026-04-28 15:04:16,131 | INFO | market price loaded from cache
2026-04-28 15:04:16,131 | INFO | market price loaded from cache
2026-04-28 15:04:16,131 | INFO | [HOLD] 047040 | 현재가 37,100원 | 보유 중이지만 익절 목표 38,097원과 손절 기준 36,789원 사이에 있어 유지합니다
2026-04-28 15:04:21,133 | INFO | account balance loaded from cache
2026-04-28 15:04:21,133 | INFO | market price loaded from cache
2026-04-28 15:04:21,133 | INFO | market price loaded from cache
2026-04-28 15:04:26,134 | INFO | account balance loaded from cache
2026-04-28 15:04:26,134 | INFO | market price loaded from cache
2026-04-28 15:04:26,135 | INFO | [HOLD] 001510 | 현재가 5,610원 | 보유 중이지만 익절 목표 5,722원과 손절 기준 5,525원 사이에 있어 유지합니다
2026-04-28 15:04:26,135 | INFO | market price loaded from cache
2026-04-28 15:04:31,138 | INFO | account balance loaded from cache
2026-04-28 15:04:31,138 | INFO | market price loaded from cache
2026-04-28 15:04:31,138 | INFO | market price loaded from cache
2026-04-28 15:04:36,139 | INFO | account balance loaded from cache
2026-04-28 15:04:36,139 | INFO | market price loaded from cache
2026-04-28 15:04:36,139 | INFO | market price loaded from cache
2026-04-28 15:04:41,140 | INFO | account balance loaded from cache
2026-04-28 15:04:41,140 | INFO | market price loaded from cache
2026-04-28 15:04:41,140 | INFO | market price loaded from cache
2026-04-28 15:04:46,144 | INFO | account balance loaded from cache
2026-04-28 15:04:46,145 | INFO | market price loaded from cache
2026-04-28 15:04:46,147 | INFO | market price loaded from cache
2026-04-28 15:04:46,148 | INFO | [HOLD] 047040 | 현재가 37,100원 | 보유 중이지만 익절 목표 38,097원과 손절 기준 36,789원 사이에 있어 유지합니다
2026-04-28 15:04:51,151 | INFO | account balance loaded from cache
2026-04-28 15:04:51,151 | INFO | market price loaded from cache
2026-04-28 15:04:51,151 | INFO | market price loaded from cache
2026-04-28 15:04:56,152 | INFO | account balance loaded from cache
2026-04-28 15:04:56,152 | INFO | market price loaded from cache
2026-04-28 15:04:56,152 | INFO | [HOLD] 001510 | 현재가 5,610원 | 보유 중이지만 익절 목표 5,722원과 손절 기준 5,525원 사이에 있어 유지합니다
2026-04-28 15:04:56,152 | INFO | market price loaded from cache
2026-04-28 15:05:01,153 | INFO | account balance loaded from cache
2026-04-28 15:05:01,153 | INFO | market price loaded from cache
2026-04-28 15:05:01,153 | INFO | market price loaded from cache
2026-04-28 15:05:06,154 | INFO | account balance loaded from cache
2026-04-28 15:05:06,154 | INFO | market price loaded from cache
2026-04-28 15:05:06,154 | INFO | market price loaded from cache
2026-04-28 15:05:11,155 | INFO | account balance loaded from cache
2026-04-28 15:05:11,155 | INFO | market price loaded from cache
2026-04-28 15:05:11,156 | INFO | market price loaded from cache
2026-04-28 15:05:16,156 | INFO | account balance loaded from cache
2026-04-28 15:05:16,157 | INFO | market price loaded from cache
2026-04-28 15:05:16,157 | INFO | market price loaded from cache
2026-04-28 15:05:16,157 | INFO | [HOLD] 047040 | 현재가 37,100원 | 보유 중이지만 익절 목표 38,097원과 손절 기준 36,789원 사이에 있어 유지합니다
2026-04-28 15:05:21,157 | INFO | account balance loaded from cache
2026-04-28 15:05:21,157 | INFO | market price loaded from cache
2026-04-28 15:05:21,158 | INFO | market price loaded from cache
2026-04-28 15:05:26,233 | INFO | account balance loaded from api
2026-04-28 15:05:26,233 | INFO | market price loaded from cache
2026-04-28 15:05:26,233 | INFO | [HOLD] 001510 | 현재가 5,610원 | 보유 중이지만 익절 목표 5,722원과 손절 기준 5,525원 사이에 있어 유지합니다
2026-04-28 15:05:26,233 | INFO | market price loaded from cache
2026-04-28 15:05:31,235 | INFO | account balance loaded from cache
2026-04-28 15:05:31,235 | INFO | market price loaded from cache
2026-04-28 15:05:31,235 | INFO | market price loaded from cache
2026-04-28 15:05:36,236 | INFO | account balance loaded from cache
2026-04-28 15:05:36,236 | INFO | market price loaded from cache
2026-04-28 15:05:36,236 | INFO | market price loaded from cache
2026-04-28 15:05:41,237 | INFO | account balance loaded from cache
2026-04-28 15:05:41,237 | INFO | market price loaded from cache
2026-04-28 15:05:41,237 | INFO | market price loaded from cache
2026-04-28 15:05:46,240 | INFO | account balance loaded from cache
2026-04-28 15:05:46,240 | INFO | market price loaded from cache
2026-04-28 15:05:46,240 | INFO | market price loaded from cache
2026-04-28 15:05:46,240 | INFO | [HOLD] 047040 | 현재가 37,100원 | 보유 중이지만 익절 목표 38,097원과 손절 기준 36,789원 사이에 있어 유지합니다
2026-04-28 15:05:51,241 | INFO | account balance loaded from cache
2026-04-28 15:05:51,241 | INFO | market price loaded from cache
2026-04-28 15:05:51,241 | INFO | market price loaded from cache
2026-04-28 15:05:56,242 | INFO | account balance loaded from cache
2026-04-28 15:05:56,242 | INFO | market price loaded from cache
2026-04-28 15:05:56,242 | INFO | [HOLD] 001510 | 현재가 5,610원 | 보유 중이지만 익절 목표 5,722원과 손절 기준 5,525원 사이에 있어 유지합니다
2026-04-28 15:05:56,242 | INFO | market price loaded from cache
2026-04-28 15:06:01,243 | INFO | account balance loaded from cache
2026-04-28 15:06:01,244 | INFO | market price loaded from cache
2026-04-28 15:06:01,244 | INFO | market price loaded from cache
2026-04-28 15:06:06,245 | INFO | account balance loaded from cache
2026-04-28 15:06:06,245 | INFO | market price loaded from cache
2026-04-28 15:06:06,245 | INFO | market price loaded from cache
2026-04-28 15:06:11,246 | INFO | account balance loaded from cache
2026-04-28 15:06:11,246 | INFO | market price loaded from cache
2026-04-28 15:06:11,246 | INFO | market price loaded from cache
2026-04-28 15:06:16,247 | INFO | account balance loaded from cache
2026-04-28 15:06:16,247 | INFO | market price loaded from cache
2026-04-28 15:06:16,247 | INFO | market price loaded from cache
2026-04-28 15:06:16,247 | INFO | [HOLD] 047040 | 현재가 37,100원 | 보유 중이지만 익절 목표 38,097원과 손절 기준 36,789원 사이에 있어 유지합니다
2026-04-28 15:06:21,248 | INFO | account balance loaded from cache
2026-04-28 15:06:21,248 | INFO | market price loaded from cache
2026-04-28 15:06:21,248 | INFO | market price loaded from cache
2026-04-28 15:06:26,249 | INFO | account balance loaded from cache
2026-04-28 15:06:26,249 | INFO | market price loaded from cache
2026-04-28 15:06:26,250 | INFO | [HOLD] 001510 | 현재가 5,610원 | 보유 중이지만 익절 목표 5,722원과 손절 기준 5,525원 사이에 있어 유지합니다
2026-04-28 15:06:26,250 | INFO | market price loaded from cache
2026-04-28 15:06:31,251 | INFO | account balance loaded from cache
2026-04-28 15:06:31,251 | INFO | market price loaded from cache
2026-04-28 15:06:31,251 | INFO | market price loaded from cache
2026-04-28 15:06:36,252 | INFO | account balance loaded from cache
2026-04-28 15:06:36,252 | INFO | market price loaded from cache
2026-04-28 15:06:36,252 | INFO | market price loaded from cache
2026-04-28 15:06:41,253 | INFO | account balance loaded from cache
2026-04-28 15:06:41,253 | INFO | market price loaded from cache
2026-04-28 15:06:41,254 | INFO | market price loaded from cache
2026-04-28 15:06:46,256 | INFO | account balance loaded from cache
2026-04-28 15:06:46,256 | INFO | market price loaded from cache
2026-04-28 15:06:46,257 | INFO | market price loaded from cache
2026-04-28 15:06:46,257 | INFO | [HOLD] 047040 | 현재가 37,100원 | 보유 중이지만 익절 목표 38,097원과 손절 기준 36,789원 사이에 있어 유지합니다
2026-04-28 15:06:51,257 | INFO | account balance loaded from cache
2026-04-28 15:06:51,257 | INFO | market price loaded from cache
2026-04-28 15:06:51,257 | INFO | market price loaded from cache
2026-04-28 15:06:56,258 | INFO | account balance loaded from cache
2026-04-28 15:06:56,258 | INFO | market price loaded from cache
2026-04-28 15:06:56,258 | INFO | [HOLD] 001510 | 현재가 5,610원 | 보유 중이지만 익절 목표 5,722원과 손절 기준 5,525원 사이에 있어 유지합니다
2026-04-28 15:06:56,258 | INFO | market price loaded from cache
2026-04-28 15:07:01,260 | INFO | account balance loaded from cache
2026-04-28 15:07:01,260 | INFO | market price loaded from cache
2026-04-28 15:07:01,260 | INFO | market price loaded from cache
2026-04-28 15:07:06,261 | INFO | account balance loaded from cache
2026-04-28 15:07:06,261 | INFO | market price loaded from cache
2026-04-28 15:07:06,261 | INFO | market price loaded from cache
2026-04-28 15:07:11,262 | INFO | account balance loaded from cache
2026-04-28 15:07:11,262 | INFO | market price loaded from cache
2026-04-28 15:07:11,263 | INFO | market price loaded from cache
2026-04-28 15:07:16,266 | INFO | account balance loaded from cache
2026-04-28 15:07:16,321 | INFO | market price loaded from api
2026-04-28 15:07:16,322 | INFO | market price loaded from cache
2026-04-28 15:07:16,322 | INFO | [HOLD] 047040 | 현재가 37,100원 | 보유 중이지만 익절 목표 38,097원과 손절 기준 36,789원 사이에 있어 유지합니다
2026-04-28 15:07:21,323 | INFO | account balance loaded from cache
2026-04-28 15:07:21,323 | INFO | market price loaded from cache
2026-04-28 15:07:21,332 | INFO | market price loaded from api
2026-04-28 15:07:26,333 | INFO | account balance loaded from cache
2026-04-28 15:07:26,333 | INFO | market price loaded from cache
2026-04-28 15:07:26,333 | INFO | [HOLD] 001510 | 현재가 5,620원 | 보유 중이지만 익절 목표 5,722원과 손절 기준 5,525원 사이에 있어 유지합니다
2026-04-28 15:07:26,333 | INFO | market price loaded from cache
2026-04-28 15:07:31,334 | INFO | account balance loaded from cache
2026-04-28 15:07:31,335 | INFO | market price loaded from cache
2026-04-28 15:07:31,335 | INFO | market price loaded from cache
2026-04-28 15:07:36,336 | INFO | account balance loaded from cache
2026-04-28 15:07:36,336 | INFO | market price loaded from cache
2026-04-28 15:07:36,337 | INFO | market price loaded from cache
2026-04-28 15:07:41,338 | INFO | account balance loaded from cache
2026-04-28 15:07:41,338 | INFO | market price loaded from cache
2026-04-28 15:07:41,338 | INFO | market price loaded from cache
2026-04-28 15:07:46,339 | INFO | account balance loaded from cache
2026-04-28 15:07:46,339 | INFO | market price loaded from cache
2026-04-28 15:07:46,339 | INFO | market price loaded from cache
2026-04-28 15:07:46,339 | INFO | [HOLD] 047040 | 현재가 37,050원 | 보유 중이지만 익절 목표 38,097원과 손절 기준 36,789원 사이에 있어 유지합니다
2026-04-28 15:07:51,341 | INFO | account balance loaded from cache
2026-04-28 15:07:51,341 | INFO | market price loaded from cache
2026-04-28 15:07:51,341 | INFO | market price loaded from cache
2026-04-28 15:07:56,342 | INFO | account balance loaded from cache
2026-04-28 15:07:56,342 | INFO | market price loaded from cache
2026-04-28 15:07:56,342 | INFO | [HOLD] 001510 | 현재가 5,620원 | 보유 중이지만 익절 목표 5,722원과 손절 기준 5,525원 사이에 있어 유지합니다
2026-04-28 15:07:56,342 | INFO | market price loaded from cache
2026-04-28 15:08:01,343 | INFO | account balance loaded from cache
2026-04-28 15:08:01,343 | INFO | market price loaded from cache
2026-04-28 15:08:01,343 | INFO | market price loaded from cache
2026-04-28 15:08:06,344 | INFO | account balance loaded from cache
2026-04-28 15:08:06,344 | INFO | market price loaded from cache
2026-04-28 15:08:06,344 | INFO | market price loaded from cache
2026-04-28 15:08:11,345 | INFO | account balance loaded from cache
2026-04-28 15:08:11,346 | INFO | market price loaded from cache
2026-04-28 15:08:11,346 | INFO | market price loaded from cache
2026-04-28 15:08:16,349 | INFO | account balance loaded from cache
2026-04-28 15:08:16,349 | INFO | market price loaded from cache
2026-04-28 15:08:16,349 | INFO | market price loaded from cache
2026-04-28 15:08:16,349 | INFO | [HOLD] 047040 | 현재가 37,050원 | 보유 중이지만 익절 목표 38,097원과 손절 기준 36,789원 사이에 있어 유지합니다
2026-04-28 15:08:21,352 | INFO | account balance loaded from cache
2026-04-28 15:08:21,352 | INFO | market price loaded from cache
2026-04-28 15:08:21,353 | INFO | market price loaded from cache
2026-04-28 15:08:26,499 | INFO | account balance loaded from api
2026-04-28 15:08:26,499 | INFO | market price loaded from cache
2026-04-28 15:08:26,499 | INFO | [HOLD] 001510 | 현재가 5,620원 | 보유 중이지만 익절 목표 5,722원과 손절 기준 5,525원 사이에 있어 유지합니다
2026-04-28 15:08:26,499 | INFO | market price loaded from cache
2026-04-28 15:08:31,501 | INFO | account balance loaded from cache
2026-04-28 15:08:31,502 | INFO | market price loaded from cache
2026-04-28 15:08:31,502 | INFO | market price loaded from cache
2026-04-28 15:08:36,504 | INFO | account balance loaded from cache
2026-04-28 15:08:36,505 | INFO | market price loaded from cache
2026-04-28 15:08:36,505 | INFO | market price loaded from cache
2026-04-28 15:08:41,506 | INFO | account balance loaded from cache
2026-04-28 15:08:41,506 | INFO | market price loaded from cache
2026-04-28 15:08:41,506 | INFO | market price loaded from cache
2026-04-28 15:08:46,507 | INFO | account balance loaded from cache
2026-04-28 15:08:46,507 | INFO | market price loaded from cache
2026-04-28 15:08:46,507 | INFO | market price loaded from cache
2026-04-28 15:08:46,507 | INFO | [HOLD] 047040 | 현재가 37,050원 | 보유 중이지만 익절 목표 38,097원과 손절 기준 36,789원 사이에 있어 유지합니다
2026-04-28 15:08:51,508 | INFO | account balance loaded from cache
2026-04-28 15:08:51,508 | INFO | market price loaded from cache
2026-04-28 15:08:51,508 | INFO | market price loaded from cache
2026-04-28 15:08:56,511 | INFO | account balance loaded from cache
2026-04-28 15:08:56,512 | INFO | market price loaded from cache
2026-04-28 15:08:56,512 | INFO | [HOLD] 001510 | 현재가 5,620원 | 보유 중이지만 익절 목표 5,722원과 손절 기준 5,525원 사이에 있어 유지합니다
2026-04-28 15:08:56,512 | INFO | market price loaded from cache
2026-04-28 15:09:01,512 | INFO | account balance loaded from cache
2026-04-28 15:09:01,512 | INFO | market price loaded from cache
2026-04-28 15:09:01,513 | INFO | market price loaded from cache
2026-04-28 15:09:06,514 | INFO | account balance loaded from cache
2026-04-28 15:09:06,514 | INFO | market price loaded from cache
2026-04-28 15:09:06,514 | INFO | market price loaded from cache
2026-04-28 15:09:11,515 | INFO | account balance loaded from cache
2026-04-28 15:09:11,515 | INFO | market price loaded from cache
2026-04-28 15:09:11,515 | INFO | market price loaded from cache
2026-04-28 15:09:16,516 | INFO | account balance loaded from cache
2026-04-28 15:09:16,516 | INFO | market price loaded from cache
2026-04-28 15:09:16,516 | INFO | market price loaded from cache
2026-04-28 15:09:16,516 | INFO | [HOLD] 047040 | 현재가 37,050원 | 보유 중이지만 익절 목표 38,097원과 손절 기준 36,789원 사이에 있어 유지합니다
2026-04-28 15:09:21,517 | INFO | account balance loaded from cache
2026-04-28 15:09:21,517 | INFO | market price loaded from cache
2026-04-28 15:09:21,517 | INFO | market price loaded from cache
2026-04-28 15:09:26,518 | INFO | account balance loaded from cache
2026-04-28 15:09:26,519 | INFO | market price loaded from cache
2026-04-28 15:09:26,519 | INFO | [HOLD] 001510 | 현재가 5,620원 | 보유 중이지만 익절 목표 5,722원과 손절 기준 5,525원 사이에 있어 유지합니다
2026-04-28 15:09:26,519 | INFO | market price loaded from cache
2026-04-28 15:09:31,520 | INFO | account balance loaded from cache
2026-04-28 15:09:31,520 | INFO | market price loaded from cache
2026-04-28 15:09:31,520 | INFO | market price loaded from cache
2026-04-28 15:09:36,521 | INFO | account balance loaded from cache
2026-04-28 15:09:36,521 | INFO | market price loaded from cache
2026-04-28 15:09:36,521 | INFO | market price loaded from cache
2026-04-28 15:09:41,522 | INFO | account balance loaded from cache
2026-04-28 15:09:41,522 | INFO | market price loaded from cache
2026-04-28 15:09:41,522 | INFO | market price loaded from cache
2026-04-28 15:09:46,523 | INFO | account balance loaded from cache
2026-04-28 15:09:46,523 | INFO | market price loaded from cache
2026-04-28 15:09:46,523 | INFO | market price loaded from cache
2026-04-28 15:09:46,523 | INFO | [HOLD] 047040 | 현재가 37,050원 | 보유 중이지만 익절 목표 38,097원과 손절 기준 36,789원 사이에 있어 유지합니다
2026-04-28 15:09:51,524 | INFO | account balance loaded from cache
2026-04-28 15:09:51,524 | INFO | market price loaded from cache
2026-04-28 15:09:51,525 | INFO | market price loaded from cache
2026-04-28 15:09:56,526 | INFO | account balance loaded from cache
2026-04-28 15:09:56,526 | INFO | market price loaded from cache
2026-04-28 15:09:56,526 | INFO | [HOLD] 001510 | 현재가 5,620원 | 보유 중이지만 익절 목표 5,722원과 손절 기준 5,525원 사이에 있어 유지합니다
2026-04-28 15:09:56,526 | INFO | market price loaded from cache
2026-04-28 15:10:01,527 | INFO | account balance loaded from cache
2026-04-28 15:10:01,527 | INFO | market price loaded from cache
2026-04-28 15:10:01,527 | INFO | market price loaded from cache
2026-04-28 15:10:06,528 | INFO | account balance loaded from cache
2026-04-28 15:10:06,528 | INFO | market price loaded from cache
2026-04-28 15:10:06,528 | INFO | market price loaded from cache
2026-04-28 15:10:11,528 | INFO | account balance loaded from cache
2026-04-28 15:10:11,529 | INFO | market price loaded from cache
2026-04-28 15:10:11,529 | INFO | market price loaded from cache
2026-04-28 15:10:16,530 | INFO | account balance loaded from cache
2026-04-28 15:10:16,530 | INFO | market price loaded from cache
2026-04-28 15:10:16,530 | INFO | market price loaded from cache
2026-04-28 15:10:16,530 | INFO | [HOLD] 047040 | 현재가 37,050원 | 보유 중이지만 익절 목표 38,097원과 손절 기준 36,789원 사이에 있어 유지합니다
2026-04-28 15:10:21,531 | INFO | account balance loaded from cache
2026-04-28 15:10:21,531 | INFO | market price loaded from cache
2026-04-28 15:10:21,531 | INFO | market price loaded from cache
2026-04-28 15:10:26,532 | INFO | account balance loaded from cache
2026-04-28 15:10:26,532 | INFO | market price loaded from cache
2026-04-28 15:10:26,532 | INFO | [HOLD] 001510 | 현재가 5,620원 | 보유 중이지만 익절 목표 5,722원과 손절 기준 5,525원 사이에 있어 유지합니다
2026-04-28 15:10:26,532 | INFO | market price loaded from cache
2026-04-28 15:10:31,534 | INFO | account balance loaded from cache
2026-04-28 15:10:31,534 | INFO | market price loaded from cache
2026-04-28 15:10:31,534 | INFO | market price loaded from cache
2026-04-28 15:10:36,535 | INFO | account balance loaded from cache
2026-04-28 15:10:36,535 | INFO | market price loaded from cache
2026-04-28 15:10:36,535 | INFO | market price loaded from cache
2026-04-28 15:10:41,537 | INFO | account balance loaded from cache
2026-04-28 15:10:41,537 | INFO | market price loaded from cache
2026-04-28 15:10:41,537 | INFO | market price loaded from cache
2026-04-28 15:10:46,537 | INFO | account balance loaded from cache
2026-04-28 15:10:46,538 | INFO | market price loaded from cache
2026-04-28 15:10:46,538 | INFO | market price loaded from cache
2026-04-28 15:10:46,538 | INFO | [HOLD] 047040 | 현재가 37,050원 | 보유 중이지만 익절 목표 38,097원과 손절 기준 36,789원 사이에 있어 유지합니다
2026-04-28 15:10:51,538 | INFO | account balance loaded from cache
2026-04-28 15:10:51,538 | INFO | market price loaded from cache
2026-04-28 15:10:51,539 | INFO | market price loaded from cache
2026-04-28 15:10:56,540 | INFO | account balance loaded from cache
2026-04-28 15:10:56,540 | INFO | market price loaded from cache
2026-04-28 15:10:56,540 | INFO | [HOLD] 001510 | 현재가 5,620원 | 보유 중이지만 익절 목표 5,722원과 손절 기준 5,525원 사이에 있어 유지합니다
2026-04-28 15:10:56,540 | INFO | market price loaded from cache
2026-04-28 15:11:01,541 | INFO | account balance loaded from cache
2026-04-28 15:11:01,541 | INFO | market price loaded from cache
2026-04-28 15:11:01,541 | INFO | market price loaded from cache
2026-04-28 15:11:06,542 | INFO | account balance loaded from cache
2026-04-28 15:11:06,542 | INFO | market price loaded from cache
2026-04-28 15:11:06,542 | INFO | market price loaded from cache
2026-04-28 15:11:11,544 | INFO | account balance loaded from cache
2026-04-28 15:11:11,544 | INFO | market price loaded from cache
2026-04-28 15:11:11,544 | INFO | market price loaded from cache
2026-04-28 15:11:16,545 | INFO | account balance loaded from cache
2026-04-28 15:11:16,545 | INFO | market price loaded from cache
2026-04-28 15:11:16,545 | INFO | market price loaded from cache
2026-04-28 15:11:16,546 | INFO | [HOLD] 047040 | 현재가 37,050원 | 보유 중이지만 익절 목표 38,097원과 손절 기준 36,789원 사이에 있어 유지합니다
2026-04-28 15:11:21,548 | INFO | account balance loaded from cache
2026-04-28 15:11:21,549 | INFO | market price loaded from cache
2026-04-28 15:11:21,549 | INFO | market price loaded from cache
2026-04-28 15:11:26,653 | INFO | account balance loaded from api
2026-04-28 15:11:26,653 | INFO | market price loaded from cache
2026-04-28 15:11:26,653 | INFO | [HOLD] 001510 | 현재가 5,620원 | 보유 중이지만 익절 목표 5,722원과 손절 기준 5,525원 사이에 있어 유지합니다
2026-04-28 15:11:26,653 | INFO | market price loaded from cache
2026-04-28 15:11:31,654 | INFO | account balance loaded from cache
2026-04-28 15:11:31,654 | INFO | market price loaded from cache
2026-04-28 15:11:31,654 | INFO | market price loaded from cache
2026-04-28 15:11:36,655 | INFO | account balance loaded from cache
2026-04-28 15:11:36,655 | INFO | market price loaded from cache
2026-04-28 15:11:36,656 | INFO | market price loaded from cache
2026-04-28 15:11:41,656 | INFO | account balance loaded from cache
2026-04-28 15:11:41,656 | INFO | market price loaded from cache
2026-04-28 15:11:41,657 | INFO | market price loaded from cache
2026-04-28 15:11:46,657 | INFO | account balance loaded from cache
2026-04-28 15:11:46,658 | INFO | market price loaded from cache
2026-04-28 15:11:46,658 | INFO | market price loaded from cache
2026-04-28 15:11:46,658 | INFO | [HOLD] 047040 | 현재가 37,050원 | 보유 중이지만 익절 목표 38,097원과 손절 기준 36,789원 사이에 있어 유지합니다
2026-04-28 15:11:51,660 | INFO | account balance loaded from cache
2026-04-28 15:11:51,660 | INFO | market price loaded from cache
2026-04-28 15:11:51,660 | INFO | market price loaded from cache
2026-04-28 15:11:56,661 | INFO | account balance loaded from cache
2026-04-28 15:11:56,662 | INFO | market price loaded from cache
2026-04-28 15:11:56,662 | INFO | [HOLD] 001510 | 현재가 5,620원 | 보유 중이지만 익절 목표 5,722원과 손절 기준 5,525원 사이에 있어 유지합니다
2026-04-28 15:11:56,662 | INFO | market price loaded from cache
2026-04-28 15:12:01,663 | INFO | account balance loaded from cache
2026-04-28 15:12:01,664 | INFO | market price loaded from cache
2026-04-28 15:12:01,664 | INFO | market price loaded from cache
2026-04-28 15:12:06,664 | INFO | account balance loaded from cache
2026-04-28 15:12:06,665 | INFO | market price loaded from cache
2026-04-28 15:12:06,665 | INFO | market price loaded from cache
2026-04-28 15:12:11,665 | INFO | account balance loaded from cache
2026-04-28 15:12:11,665 | INFO | market price loaded from cache
2026-04-28 15:12:11,665 | INFO | market price loaded from cache
2026-04-28 15:12:16,666 | INFO | account balance loaded from cache
2026-04-28 15:12:16,675 | INFO | market price loaded from api
2026-04-28 15:12:16,675 | INFO | market price loaded from cache
2026-04-28 15:12:16,675 | INFO | [HOLD] 047040 | 현재가 37,050원 | 보유 중이지만 익절 목표 38,097원과 손절 기준 36,789원 사이에 있어 유지합니다
2026-04-28 15:12:21,676 | INFO | account balance loaded from cache
2026-04-28 15:12:21,676 | INFO | market price loaded from cache
2026-04-28 15:12:21,687 | INFO | market price loaded from api
2026-04-28 15:12:26,689 | INFO | account balance loaded from cache
2026-04-28 15:12:26,689 | INFO | market price loaded from cache
2026-04-28 15:12:26,689 | INFO | [HOLD] 001510 | 현재가 5,560원 | 보유 중이지만 익절 목표 5,722원과 손절 기준 5,525원 사이에 있어 유지합니다
2026-04-28 15:12:26,689 | INFO | market price loaded from cache
2026-04-28 15:12:31,690 | INFO | account balance loaded from cache
2026-04-28 15:12:31,690 | INFO | market price loaded from cache
2026-04-28 15:12:31,690 | INFO | market price loaded from cache
2026-04-28 15:12:36,691 | INFO | account balance loaded from cache
2026-04-28 15:12:36,691 | INFO | market price loaded from cache
2026-04-28 15:12:36,691 | INFO | market price loaded from cache
2026-04-28 15:12:41,692 | INFO | account balance loaded from cache
2026-04-28 15:12:41,692 | INFO | market price loaded from cache
2026-04-28 15:12:41,692 | INFO | market price loaded from cache
2026-04-28 15:12:46,693 | INFO | account balance loaded from cache
2026-04-28 15:12:46,693 | INFO | market price loaded from cache
2026-04-28 15:12:46,693 | INFO | market price loaded from cache
2026-04-28 15:12:46,693 | INFO | [HOLD] 047040 | 현재가 36,950원 | 보유 중이지만 익절 목표 38,097원과 손절 기준 36,789원 사이에 있어 유지합니다
2026-04-28 15:12:51,694 | INFO | account balance loaded from cache
2026-04-28 15:12:51,694 | INFO | market price loaded from cache
2026-04-28 15:12:51,694 | INFO | market price loaded from cache
2026-04-28 15:12:56,695 | INFO | account balance loaded from cache
2026-04-28 15:12:56,695 | INFO | market price loaded from cache
2026-04-28 15:12:56,695 | INFO | [HOLD] 001510 | 현재가 5,560원 | 보유 중이지만 익절 목표 5,722원과 손절 기준 5,525원 사이에 있어 유지합니다
2026-04-28 15:12:56,695 | INFO | market price loaded from cache
2026-04-28 15:13:01,696 | INFO | account balance loaded from cache
2026-04-28 15:13:01,696 | INFO | market price loaded from cache
2026-04-28 15:13:01,696 | INFO | market price loaded from cache
2026-04-28 15:13:06,697 | INFO | account balance loaded from cache
2026-04-28 15:13:06,697 | INFO | market price loaded from cache
2026-04-28 15:13:06,697 | INFO | market price loaded from cache
2026-04-28 15:13:11,698 | INFO | account balance loaded from cache
2026-04-28 15:13:11,698 | INFO | market price loaded from cache
2026-04-28 15:13:11,698 | INFO | market price loaded from cache
2026-04-28 15:13:16,699 | INFO | account balance loaded from cache
2026-04-28 15:13:16,700 | INFO | market price loaded from cache
2026-04-28 15:13:16,700 | INFO | market price loaded from cache
2026-04-28 15:13:16,700 | INFO | [HOLD] 047040 | 현재가 36,950원 | 보유 중이지만 익절 목표 38,097원과 손절 기준 36,789원 사이에 있어 유지합니다
2026-04-28 15:13:21,701 | INFO | account balance loaded from cache
2026-04-28 15:13:21,701 | INFO | market price loaded from cache
2026-04-28 15:13:21,701 | INFO | market price loaded from cache
2026-04-28 15:13:26,702 | INFO | account balance loaded from cache
2026-04-28 15:13:26,703 | INFO | market price loaded from cache
2026-04-28 15:13:26,703 | INFO | [HOLD] 001510 | 현재가 5,560원 | 보유 중이지만 익절 목표 5,722원과 손절 기준 5,525원 사이에 있어 유지합니다
2026-04-28 15:13:26,703 | INFO | market price loaded from cache
2026-04-28 15:13:31,705 | INFO | account balance loaded from cache
2026-04-28 15:13:31,705 | INFO | market price loaded from cache
2026-04-28 15:13:31,705 | INFO | market price loaded from cache
2026-04-28 15:13:36,706 | INFO | account balance loaded from cache
2026-04-28 15:13:36,706 | INFO | market price loaded from cache
2026-04-28 15:13:36,706 | INFO | market price loaded from cache
2026-04-28 15:13:41,707 | INFO | account balance loaded from cache
2026-04-28 15:13:41,707 | INFO | market price loaded from cache
2026-04-28 15:13:41,707 | INFO | market price loaded from cache
2026-04-28 15:13:46,709 | INFO | account balance loaded from cache
2026-04-28 15:13:46,709 | INFO | market price loaded from cache
2026-04-28 15:13:46,710 | INFO | market price loaded from cache
2026-04-28 15:13:46,710 | INFO | [HOLD] 047040 | 현재가 36,950원 | 보유 중이지만 익절 목표 38,097원과 손절 기준 36,789원 사이에 있어 유지합니다
2026-04-28 15:13:51,712 | INFO | account balance loaded from cache
2026-04-28 15:13:51,712 | INFO | market price loaded from cache
2026-04-28 15:13:51,712 | INFO | market price loaded from cache
2026-04-28 15:13:56,713 | INFO | account balance loaded from cache
2026-04-28 15:13:56,713 | INFO | market price loaded from cache
2026-04-28 15:13:56,713 | INFO | [HOLD] 001510 | 현재가 5,560원 | 보유 중이지만 익절 목표 5,722원과 손절 기준 5,525원 사이에 있어 유지합니다
2026-04-28 15:13:56,713 | INFO | market price loaded from cache
2026-04-28 15:14:01,714 | INFO | account balance loaded from cache
2026-04-28 15:14:01,714 | INFO | market price loaded from cache
2026-04-28 15:14:01,714 | INFO | market price loaded from cache
2026-04-28 15:14:06,715 | INFO | account balance loaded from cache
2026-04-28 15:14:06,715 | INFO | market price loaded from cache
2026-04-28 15:14:06,715 | INFO | market price loaded from cache
2026-04-28 15:14:11,716 | INFO | account balance loaded from cache
2026-04-28 15:14:11,716 | INFO | market price loaded from cache
2026-04-28 15:14:11,716 | INFO | market price loaded from cache
2026-04-28 15:14:16,717 | INFO | account balance loaded from cache
2026-04-28 15:14:16,717 | INFO | market price loaded from cache
2026-04-28 15:14:16,718 | INFO | market price loaded from cache
2026-04-28 15:14:16,718 | INFO | [HOLD] 047040 | 현재가 36,950원 | 보유 중이지만 익절 목표 38,097원과 손절 기준 36,789원 사이에 있어 유지합니다
2026-04-28 15:14:21,720 | INFO | account balance loaded from cache
2026-04-28 15:14:21,720 | INFO | market price loaded from cache
2026-04-28 15:14:21,720 | INFO | market price loaded from cache
2026-04-28 15:14:26,801 | INFO | account balance loaded from api
2026-04-28 15:14:26,801 | INFO | market price loaded from cache
2026-04-28 15:14:26,801 | INFO | [HOLD] 001510 | 현재가 5,560원 | 보유 중이지만 익절 목표 5,722원과 손절 기준 5,525원 사이에 있어 유지합니다
2026-04-28 15:14:26,801 | INFO | market price loaded from cache
2026-04-28 15:14:31,802 | INFO | account balance loaded from cache
2026-04-28 15:14:31,802 | INFO | market price loaded from cache
2026-04-28 15:14:31,802 | INFO | market price loaded from cache
2026-04-28 15:14:36,804 | INFO | account balance loaded from cache
2026-04-28 15:14:36,804 | INFO | market price loaded from cache
2026-04-28 15:14:36,804 | INFO | market price loaded from cache
2026-04-28 15:14:41,805 | INFO | account balance loaded from cache
2026-04-28 15:14:41,805 | INFO | market price loaded from cache
2026-04-28 15:14:41,805 | INFO | market price loaded from cache
2026-04-28 15:14:46,806 | INFO | account balance loaded from cache
2026-04-28 15:14:46,806 | INFO | market price loaded from cache
2026-04-28 15:14:46,806 | INFO | market price loaded from cache
2026-04-28 15:14:46,806 | INFO | [HOLD] 047040 | 현재가 36,950원 | 보유 중이지만 익절 목표 38,097원과 손절 기준 36,789원 사이에 있어 유지합니다
2026-04-28 15:14:51,806 | INFO | account balance loaded from cache
2026-04-28 15:14:51,807 | INFO | market price loaded from cache
2026-04-28 15:14:51,807 | INFO | market price loaded from cache
2026-04-28 15:14:56,808 | INFO | account balance loaded from cache
2026-04-28 15:14:56,808 | INFO | market price loaded from cache
2026-04-28 15:14:56,808 | INFO | [HOLD] 001510 | 현재가 5,560원 | 보유 중이지만 익절 목표 5,722원과 손절 기준 5,525원 사이에 있어 유지합니다
2026-04-28 15:14:56,808 | INFO | market price loaded from cache
2026-04-28 15:15:01,809 | INFO | account balance loaded from cache
2026-04-28 15:15:01,809 | INFO | market price loaded from cache
2026-04-28 15:15:01,809 | INFO | market price loaded from cache
2026-04-28 15:15:06,810 | INFO | account balance loaded from cache
2026-04-28 15:15:06,810 | INFO | market price loaded from cache
2026-04-28 15:15:06,810 | INFO | market price loaded from cache
2026-04-28 15:15:11,811 | INFO | account balance loaded from cache
2026-04-28 15:15:11,811 | INFO | market price loaded from cache
2026-04-28 15:15:11,811 | INFO | market price loaded from cache
2026-04-28 15:15:16,812 | INFO | account balance loaded from cache
2026-04-28 15:15:16,812 | INFO | market price loaded from cache
2026-04-28 15:15:16,812 | INFO | market price loaded from cache
2026-04-28 15:15:16,812 | INFO | [HOLD] 047040 | 현재가 36,950원 | 보유 중이지만 익절 목표 38,097원과 손절 기준 36,789원 사이에 있어 유지합니다
2026-04-28 15:15:21,813 | INFO | account balance loaded from cache
2026-04-28 15:15:21,813 | INFO | market price loaded from cache
2026-04-28 15:15:21,813 | INFO | market price loaded from cache
2026-04-28 15:15:26,816 | INFO | account balance loaded from cache
2026-04-28 15:15:26,816 | INFO | market price loaded from cache
2026-04-28 15:15:26,816 | INFO | [HOLD] 001510 | 현재가 5,560원 | 보유 중이지만 익절 목표 5,722원과 손절 기준 5,525원 사이에 있어 유지합니다
2026-04-28 15:15:26,816 | INFO | market price loaded from cache
2026-04-28 15:15:31,817 | INFO | account balance loaded from cache
2026-04-28 15:15:31,817 | INFO | market price loaded from cache
2026-04-28 15:15:31,817 | INFO | market price loaded from cache
2026-04-28 15:15:36,818 | INFO | account balance loaded from cache
2026-04-28 15:15:36,818 | INFO | market price loaded from cache
2026-04-28 15:15:36,819 | INFO | market price loaded from cache
2026-04-28 15:15:41,820 | INFO | account balance loaded from cache
2026-04-28 15:15:41,820 | INFO | market price loaded from cache
2026-04-28 15:15:41,820 | INFO | market price loaded from cache
2026-04-28 15:15:46,821 | INFO | account balance loaded from cache
2026-04-28 15:15:46,821 | INFO | market price loaded from cache
2026-04-28 15:15:46,821 | INFO | market price loaded from cache
2026-04-28 15:15:46,821 | INFO | [HOLD] 047040 | 현재가 36,950원 | 보유 중이지만 익절 목표 38,097원과 손절 기준 36,789원 사이에 있어 유지합니다
2026-04-28 15:15:51,822 | INFO | account balance loaded from cache
2026-04-28 15:15:51,822 | INFO | market price loaded from cache
2026-04-28 15:15:51,822 | INFO | market price loaded from cache
2026-04-28 15:15:56,823 | INFO | account balance loaded from cache
2026-04-28 15:15:56,823 | INFO | market price loaded from cache
2026-04-28 15:15:56,823 | INFO | [HOLD] 001510 | 현재가 5,560원 | 보유 중이지만 익절 목표 5,722원과 손절 기준 5,525원 사이에 있어 유지합니다
2026-04-28 15:15:56,823 | INFO | market price loaded from cache
2026-04-28 15:16:01,824 | INFO | account balance loaded from cache
2026-04-28 15:16:01,824 | INFO | market price loaded from cache
2026-04-28 15:16:01,824 | INFO | market price loaded from cache
2026-04-28 15:16:06,825 | INFO | account balance loaded from cache
2026-04-28 15:16:06,825 | INFO | market price loaded from cache
2026-04-28 15:16:06,825 | INFO | market price loaded from cache
2026-04-28 15:16:11,826 | INFO | account balance loaded from cache
2026-04-28 15:16:11,826 | INFO | market price loaded from cache
2026-04-28 15:16:11,826 | INFO | market price loaded from cache
2026-04-28 15:16:16,828 | INFO | account balance loaded from cache
2026-04-28 15:16:16,828 | INFO | market price loaded from cache
2026-04-28 15:16:16,828 | INFO | market price loaded from cache
2026-04-28 15:16:16,828 | INFO | [HOLD] 047040 | 현재가 36,950원 | 보유 중이지만 익절 목표 38,097원과 손절 기준 36,789원 사이에 있어 유지합니다
2026-04-28 15:16:21,831 | INFO | account balance loaded from cache
2026-04-28 15:16:21,831 | INFO | market price loaded from cache
2026-04-28 15:16:21,832 | INFO | market price loaded from cache
2026-04-28 15:16:26,833 | INFO | account balance loaded from cache
2026-04-28 15:16:26,833 | INFO | market price loaded from cache
2026-04-28 15:16:26,833 | INFO | [HOLD] 001510 | 현재가 5,560원 | 보유 중이지만 익절 목표 5,722원과 손절 기준 5,525원 사이에 있어 유지합니다
2026-04-28 15:16:26,833 | INFO | market price loaded from cache
2026-04-28 15:16:31,834 | INFO | account balance loaded from cache
2026-04-28 15:16:31,834 | INFO | market price loaded from cache
2026-04-28 15:16:31,834 | INFO | market price loaded from cache
2026-04-28 15:16:36,835 | INFO | account balance loaded from cache
2026-04-28 15:16:36,836 | INFO | market price loaded from cache
2026-04-28 15:16:36,836 | INFO | market price loaded from cache
2026-04-28 15:16:41,837 | INFO | account balance loaded from cache
2026-04-28 15:16:41,837 | INFO | market price loaded from cache
2026-04-28 15:16:41,837 | INFO | market price loaded from cache
2026-04-28 15:16:46,840 | INFO | account balance loaded from cache
2026-04-28 15:16:46,840 | INFO | market price loaded from cache
2026-04-28 15:16:46,841 | INFO | market price loaded from cache
2026-04-28 15:16:46,841 | INFO | [HOLD] 047040 | 현재가 36,950원 | 보유 중이지만 익절 목표 38,097원과 손절 기준 36,789원 사이에 있어 유지합니다
2026-04-28 15:16:51,844 | INFO | account balance loaded from cache
2026-04-28 15:16:51,844 | INFO | market price loaded from cache
2026-04-28 15:16:51,844 | INFO | market price loaded from cache
2026-04-28 15:16:56,844 | INFO | account balance loaded from cache
2026-04-28 15:16:56,845 | INFO | market price loaded from cache
2026-04-28 15:16:56,845 | INFO | [HOLD] 001510 | 현재가 5,560원 | 보유 중이지만 익절 목표 5,722원과 손절 기준 5,525원 사이에 있어 유지합니다
2026-04-28 15:16:56,845 | INFO | market price loaded from cache
2026-04-28 15:17:01,846 | INFO | account balance loaded from cache
2026-04-28 15:17:01,846 | INFO | market price loaded from cache
2026-04-28 15:17:01,846 | INFO | market price loaded from cache
2026-04-28 15:17:06,849 | INFO | account balance loaded from cache
2026-04-28 15:17:06,849 | INFO | market price loaded from cache
2026-04-28 15:17:06,849 | INFO | market price loaded from cache
2026-04-28 15:17:11,850 | INFO | account balance loaded from cache
2026-04-28 15:17:11,850 | INFO | market price loaded from cache
2026-04-28 15:17:11,850 | INFO | market price loaded from cache
2026-04-28 15:17:16,851 | INFO | account balance loaded from cache
2026-04-28 15:17:16,898 | INFO | market price loaded from api
2026-04-28 15:17:16,898 | INFO | market price loaded from cache
2026-04-28 15:17:16,899 | INFO | [HOLD] 047040 | 현재가 36,950원 | 보유 중이지만 익절 목표 38,097원과 손절 기준 36,789원 사이에 있어 유지합니다
2026-04-28 15:17:21,899 | INFO | account balance loaded from cache
2026-04-28 15:17:21,900 | INFO | market price loaded from cache
2026-04-28 15:17:21,919 | INFO | market price loaded from api
2026-04-28 15:17:26,977 | INFO | account balance loaded from api
2026-04-28 15:17:26,977 | INFO | market price loaded from cache
2026-04-28 15:17:26,977 | INFO | [HOLD] 001510 | 현재가 5,550원 | 보유 중이지만 익절 목표 5,722원과 손절 기준 5,525원 사이에 있어 유지합니다
2026-04-28 15:17:26,977 | INFO | market price loaded from cache
2026-04-28 15:17:31,978 | INFO | account balance loaded from cache
2026-04-28 15:17:31,978 | INFO | market price loaded from cache
2026-04-28 15:17:31,978 | INFO | market price loaded from cache
2026-04-28 15:17:36,979 | INFO | account balance loaded from cache
2026-04-28 15:17:36,979 | INFO | market price loaded from cache
2026-04-28 15:17:36,980 | INFO | market price loaded from cache
2026-04-28 15:17:41,981 | INFO | account balance loaded from cache
2026-04-28 15:17:41,981 | INFO | market price loaded from cache
2026-04-28 15:17:41,981 | INFO | market price loaded from cache
2026-04-28 15:17:46,982 | INFO | account balance loaded from cache
2026-04-28 15:17:46,982 | INFO | market price loaded from cache
2026-04-28 15:17:46,982 | INFO | market price loaded from cache
2026-04-28 15:17:46,982 | INFO | [HOLD] 047040 | 현재가 37,050원 | 보유 중이지만 익절 목표 38,097원과 손절 기준 36,789원 사이에 있어 유지합니다
2026-04-28 15:17:51,983 | INFO | account balance loaded from cache
2026-04-28 15:17:51,984 | INFO | market price loaded from cache
2026-04-28 15:17:51,984 | INFO | market price loaded from cache
2026-04-28 15:17:56,985 | INFO | account balance loaded from cache
2026-04-28 15:17:56,985 | INFO | market price loaded from cache
2026-04-28 15:17:56,985 | INFO | [HOLD] 001510 | 현재가 5,550원 | 보유 중이지만 익절 목표 5,722원과 손절 기준 5,525원 사이에 있어 유지합니다
2026-04-28 15:17:56,985 | INFO | market price loaded from cache
2026-04-28 15:18:01,986 | INFO | account balance loaded from cache
2026-04-28 15:18:01,986 | INFO | market price loaded from cache
2026-04-28 15:18:01,987 | INFO | market price loaded from cache
2026-04-28 15:18:06,988 | INFO | account balance loaded from cache
2026-04-28 15:18:06,988 | INFO | market price loaded from cache
2026-04-28 15:18:06,988 | INFO | market price loaded from cache
2026-04-28 15:18:11,989 | INFO | account balance loaded from cache
2026-04-28 15:18:11,989 | INFO | market price loaded from cache
2026-04-28 15:18:11,989 | INFO | market price loaded from cache
2026-04-28 15:18:16,990 | INFO | account balance loaded from cache
2026-04-28 15:18:16,990 | INFO | market price loaded from cache
2026-04-28 15:18:16,990 | INFO | market price loaded from cache
2026-04-28 15:18:16,991 | INFO | [HOLD] 047040 | 현재가 37,050원 | 보유 중이지만 익절 목표 38,097원과 손절 기준 36,789원 사이에 있어 유지합니다
2026-04-28 15:18:21,994 | INFO | account balance loaded from cache
2026-04-28 15:18:21,994 | INFO | market price loaded from cache
2026-04-28 15:18:21,994 | INFO | market price loaded from cache
2026-04-28 15:18:26,995 | INFO | account balance loaded from cache
2026-04-28 15:18:26,995 | INFO | market price loaded from cache
2026-04-28 15:18:26,995 | INFO | [HOLD] 001510 | 현재가 5,550원 | 보유 중이지만 익절 목표 5,722원과 손절 기준 5,525원 사이에 있어 유지합니다
2026-04-28 15:18:26,995 | INFO | market price loaded from cache
2026-04-28 15:18:31,996 | INFO | account balance loaded from cache
2026-04-28 15:18:31,996 | INFO | market price loaded from cache
2026-04-28 15:18:31,996 | INFO | market price loaded from cache
2026-04-28 15:18:36,997 | INFO | account balance loaded from cache
2026-04-28 15:18:36,997 | INFO | market price loaded from cache
2026-04-28 15:18:36,997 | INFO | market price loaded from cache
2026-04-28 15:18:41,998 | INFO | account balance loaded from cache
2026-04-28 15:18:41,998 | INFO | market price loaded from cache
2026-04-28 15:18:41,998 | INFO | market price loaded from cache
2026-04-28 15:18:46,999 | INFO | account balance loaded from cache
2026-04-28 15:18:46,999 | INFO | market price loaded from cache
2026-04-28 15:18:46,999 | INFO | market price loaded from cache
2026-04-28 15:18:46,999 | INFO | [HOLD] 047040 | 현재가 37,050원 | 보유 중이지만 익절 목표 38,097원과 손절 기준 36,789원 사이에 있어 유지합니다
2026-04-28 15:18:52,000 | INFO | account balance loaded from cache
2026-04-28 15:18:52,000 | INFO | market price loaded from cache
2026-04-28 15:18:52,000 | INFO | market price loaded from cache
2026-04-28 15:18:57,002 | INFO | account balance loaded from cache
2026-04-28 15:18:57,002 | INFO | market price loaded from cache
2026-04-28 15:18:57,002 | INFO | [HOLD] 001510 | 현재가 5,550원 | 보유 중이지만 익절 목표 5,722원과 손절 기준 5,525원 사이에 있어 유지합니다
2026-04-28 15:18:57,002 | INFO | market price loaded from cache
2026-04-28 15:19:02,003 | INFO | account balance loaded from cache
2026-04-28 15:19:02,003 | INFO | market price loaded from cache
2026-04-28 15:19:02,003 | INFO | market price loaded from cache
2026-04-28 15:19:07,004 | INFO | account balance loaded from cache
2026-04-28 15:19:07,004 | INFO | market price loaded from cache
2026-04-28 15:19:07,004 | INFO | market price loaded from cache
2026-04-28 15:19:12,005 | INFO | account balance loaded from cache
2026-04-28 15:19:12,005 | INFO | market price loaded from cache
2026-04-28 15:19:12,006 | INFO | market price loaded from cache
2026-04-28 15:19:17,007 | INFO | account balance loaded from cache
2026-04-28 15:19:17,007 | INFO | market price loaded from cache
2026-04-28 15:19:17,007 | INFO | market price loaded from cache
2026-04-28 15:19:17,007 | INFO | [HOLD] 047040 | 현재가 37,050원 | 보유 중이지만 익절 목표 38,097원과 손절 기준 36,789원 사이에 있어 유지합니다
2026-04-28 15:19:22,008 | INFO | account balance loaded from cache
2026-04-28 15:19:22,008 | INFO | market price loaded from cache
2026-04-28 15:19:22,008 | INFO | market price loaded from cache
2026-04-28 15:19:27,009 | INFO | account balance loaded from cache
2026-04-28 15:19:27,009 | INFO | market price loaded from cache
2026-04-28 15:19:27,009 | INFO | [HOLD] 001510 | 현재가 5,550원 | 보유 중이지만 익절 목표 5,722원과 손절 기준 5,525원 사이에 있어 유지합니다
2026-04-28 15:19:27,009 | INFO | market price loaded from cache
2026-04-28 15:19:32,010 | INFO | account balance loaded from cache
2026-04-28 15:19:32,010 | INFO | market price loaded from cache
2026-04-28 15:19:32,010 | INFO | market price loaded from cache
2026-04-28 15:19:37,011 | INFO | account balance loaded from cache
2026-04-28 15:19:37,011 | INFO | market price loaded from cache
2026-04-28 15:19:37,012 | INFO | market price loaded from cache
2026-04-28 15:19:42,014 | INFO | account balance loaded from cache
2026-04-28 15:19:42,014 | INFO | market price loaded from cache
2026-04-28 15:19:42,014 | INFO | market price loaded from cache
2026-04-28 15:19:47,015 | INFO | account balance loaded from cache
2026-04-28 15:19:47,016 | INFO | market price loaded from cache
2026-04-28 15:19:47,016 | INFO | market price loaded from cache
2026-04-28 15:19:47,016 | INFO | [HOLD] 047040 | 현재가 37,050원 | 보유 중이지만 익절 목표 38,097원과 손절 기준 36,789원 사이에 있어 유지합니다
2026-04-28 15:19:52,016 | INFO | account balance loaded from cache
2026-04-28 15:19:52,017 | INFO | market price loaded from cache
2026-04-28 15:19:52,017 | INFO | market price loaded from cache
2026-04-28 15:19:57,017 | INFO | account balance loaded from cache
2026-04-28 15:19:57,018 | INFO | market price loaded from cache
2026-04-28 15:19:57,018 | INFO | [HOLD] 001510 | 현재가 5,550원 | 보유 중이지만 익절 목표 5,722원과 손절 기준 5,525원 사이에 있어 유지합니다
2026-04-28 15:19:57,018 | INFO | market price loaded from cache
2026-04-28 15:20:02,019 | INFO | account balance loaded from cache
2026-04-28 15:20:02,019 | INFO | market price loaded from cache
2026-04-28 15:20:02,019 | INFO | market price loaded from cache
2026-04-28 15:20:02,019 | INFO | near market close: force exit started
2026-04-28 15:20:02,114 | INFO | [ORDER] 001510 | 매도 주문 접수 완료 | 수량 35주 | 주문번호 0175623
2026-04-28 15:20:02,123 | ERROR | unexpected error: kiwoom request failed: api_id=kt10001, http=429, body={'return_msg': '허용된 요청 개수를 초과하였습니다[1700:허용된 요청 개수를 초과하였습니다. API ID=kt10001]', 'return_code': 5}
Traceback (most recent call last):
  File "C:\Users\winn\Desktop\kiwoom-auto-trader-ver1\app\main.py", line 109, in main
    trading_service.run_once()
    ~~~~~~~~~~~~~~~~~~~~~~~~^^
  File "C:\Users\winn\Desktop\kiwoom-auto-trader-ver1\domain\service\trading_service.py", line 213, in run_once
    self._try_sell(position.symbol, position.quantity)
    ~~~~~~~~~~~~~~^^^^^^^^^^^^^^^^^^^^^^^^^^^^^^^^^^^^
  File "C:\Users\winn\Desktop\kiwoom-auto-trader-ver1\domain\service\trading_service.py", line 265, in _try_sell
    result = self.broker.place_order(order)
  File "C:\Users\winn\Desktop\kiwoom-auto-trader-ver1\infra\broker\kiwoom_broker.py", line 233, in place_order
    response = self._post(
        endpoint="/api/dostk/ordr",
    ...<4 lines>...
        raise_on_business_error=False,
    )
  File "C:\Users\winn\Desktop\kiwoom-auto-trader-ver1\infra\broker\kiwoom_broker.py", line 287, in _post
    raise RuntimeError(
        f"kiwoom request failed: api_id={api_id}, http={api_response.status_code}, body={api_response.body}"
    )
RuntimeError: kiwoom request failed: api_id=kt10001, http=429, body={'return_msg': '허용된 요청 개수를 초과하였습니다[1700:허용된 요청 개수를 초과하였습니다. API ID=kt10001]', 'return_code': 5}
2026-04-28 15:20:02,145 | WARNING | rate limit detected, backing off for 180 seconds
2026-04-28 15:23:02,223 | INFO | account balance loaded from api
2026-04-28 15:23:02,238 | INFO | market price loaded from api
2026-04-28 15:23:02,238 | INFO | [BUY ] 001510 | 현재가 5,520원 | 기준가 4,845원 대비 1.0% 돌파 조건을 충족했습니다
2026-04-28 15:23:02,254 | INFO | [ORDER] 001510 | 매수 주문 접수 완료 | 수량 36주 | 주문번호 0176686
2026-04-28 15:23:02,263 | INFO | market price loaded from api
2026-04-28 15:23:02,263 | INFO | [HOLD] 047040 | 현재가 37,150원 | 보유 중이지만 익절 목표 38,097원과 손절 기준 36,789원 사이에 있어 유지합니다
2026-04-28 15:23:02,263 | INFO | near market close: force exit started
2026-04-28 15:23:02,271 | ERROR | unexpected error: kiwoom request failed: api_id=kt00001, http=429, body={'return_msg': '허용된 요청 개수를 초과하였습니다[1700:허용된 요청 개수를 초과하였습니다. API ID=kt00001]', 'return_code': 5}
Traceback (most recent call last):
  File "C:\Users\winn\Desktop\kiwoom-auto-trader-ver1\app\main.py", line 109, in main
    trading_service.run_once()
    ~~~~~~~~~~~~~~~~~~~~~~~~^^
  File "C:\Users\winn\Desktop\kiwoom-auto-trader-ver1\domain\service\trading_service.py", line 208, in run_once
    latest_balance = self.broker.get_account_balance()
  File "C:\Users\winn\Desktop\kiwoom-auto-trader-ver1\infra\broker\kiwoom_broker.py", line 164, in get_account_balance
    deposit_response = self._post(
        endpoint="/api/dostk/acnt",
    ...<3 lines>...
        next_key="",
    )
  File "C:\Users\winn\Desktop\kiwoom-auto-trader-ver1\infra\broker\kiwoom_broker.py", line 287, in _post
    raise RuntimeError(
        f"kiwoom request failed: api_id={api_id}, http={api_response.status_code}, body={api_response.body}"
    )
RuntimeError: kiwoom request failed: api_id=kt00001, http=429, body={'return_msg': '허용된 요청 개수를 초과하였습니다[1700:허용된 요청 개수를 초과하였습니다. API ID=kt00001]', 'return_code': 5}
2026-04-28 15:23:02,272 | WARNING | rate limit detected, backing off for 180 seconds
2026-04-28 15:26:02,358 | INFO | account balance loaded from api
2026-04-28 15:26:02,358 | INFO | market price loaded from cache
2026-04-28 15:26:02,358 | INFO | [BUY ] 001510 | 현재가 5,520원 | 기준가 4,845원 대비 1.0% 돌파 조건을 충족했습니다
2026-04-28 15:26:02,370 | INFO | [ORDER] 001510 | 매수 주문 접수 완료 | 수량 36주 | 주문번호 0177206
2026-04-28 15:26:02,370 | INFO | market price loaded from cache
2026-04-28 15:26:02,370 | INFO | [HOLD] 047040 | 현재가 37,150원 | 보유 중이지만 익절 목표 38,097원과 손절 기준 36,789원 사이에 있어 유지합니다
2026-04-28 15:26:02,371 | INFO | near market close: force exit started
2026-04-28 15:26:02,395 | ERROR | unexpected error: kiwoom request failed: api_id=kt00018, http=429, body={'return_msg': '허용된 요청 개수를 초과하였습니다[1700:허용된 요청 개수를 초과하였습니다. API ID=kt00018]', 'return_code': 5}
Traceback (most recent call last):
  File "C:\Users\winn\Desktop\kiwoom-auto-trader-ver1\app\main.py", line 109, in main
    trading_service.run_once()
    ~~~~~~~~~~~~~~~~~~~~~~~~^^
  File "C:\Users\winn\Desktop\kiwoom-auto-trader-ver1\domain\service\trading_service.py", line 208, in run_once
    latest_balance = self.broker.get_account_balance()
  File "C:\Users\winn\Desktop\kiwoom-auto-trader-ver1\infra\broker\kiwoom_broker.py", line 172, in get_account_balance
    holdings_response = self._post(
        endpoint="/api/dostk/acnt",
    ...<3 lines>...
        next_key="",
    )
  File "C:\Users\winn\Desktop\kiwoom-auto-trader-ver1\infra\broker\kiwoom_broker.py", line 287, in _post
    raise RuntimeError(
        f"kiwoom request failed: api_id={api_id}, http={api_response.status_code}, body={api_response.body}"
    )
RuntimeError: kiwoom request failed: api_id=kt00018, http=429, body={'return_msg': '허용된 요청 개수를 초과하였습니다[1700:허용된 요청 개수를 초과하였습니다. API ID=kt00018]', 'return_code': 5}
2026-04-28 15:26:02,396 | WARNING | rate limit detected, backing off for 180 seconds
2026-04-28 15:29:02,659 | INFO | account balance loaded from api
2026-04-28 15:29:02,686 | INFO | market price loaded from api
2026-04-28 15:29:02,686 | INFO | [BUY ] 001510 | 현재가 5,520원 | 기준가 4,845원 대비 1.0% 돌파 조건을 충족했습니다
2026-04-28 15:29:02,717 | INFO | [ORDER] 001510 | 매수 주문 접수 완료 | 수량 36주 | 주문번호 0177443
2026-04-28 15:29:02,750 | WARNING | [WARN ] 047040 | 현재가 재조회에 실패하여 직전 캐시값을 사용합니다. 사유: kiwoom request failed: api_id=ka10001, http=429, body={'return_msg': '허용된 요청 개수를 초과하였습니다[1700:허용된 요청 개수를 초과하였습니다. API ID=ka10001]', 'return_code': 5}
2026-04-28 15:29:02,750 | INFO | [HOLD] 047040 | 현재가 37,150원 | 보유 중이지만 익절 목표 38,097원과 손절 기준 36,789원 사이에 있어 유지합니다
2026-04-28 15:29:02,750 | INFO | near market close: force exit started
2026-04-28 15:29:02,767 | ERROR | unexpected error: kiwoom request failed: api_id=kt00001, http=429, body={'return_msg': '허용된 요청 개수를 초과하였습니다[1700:허용된 요청 개수를 초과하였습니다. API ID=kt00001]', 'return_code': 5}
Traceback (most recent call last):
  File "C:\Users\winn\Desktop\kiwoom-auto-trader-ver1\app\main.py", line 109, in main
    trading_service.run_once()
    ~~~~~~~~~~~~~~~~~~~~~~~~^^
  File "C:\Users\winn\Desktop\kiwoom-auto-trader-ver1\domain\service\trading_service.py", line 208, in run_once
    latest_balance = self.broker.get_account_balance()
  File "C:\Users\winn\Desktop\kiwoom-auto-trader-ver1\infra\broker\kiwoom_broker.py", line 164, in get_account_balance
    deposit_response = self._post(
        endpoint="/api/dostk/acnt",
    ...<3 lines>...
        next_key="",
    )
  File "C:\Users\winn\Desktop\kiwoom-auto-trader-ver1\infra\broker\kiwoom_broker.py", line 287, in _post
    raise RuntimeError(
        f"kiwoom request failed: api_id={api_id}, http={api_response.status_code}, body={api_response.body}"
    )
RuntimeError: kiwoom request failed: api_id=kt00001, http=429, body={'return_msg': '허용된 요청 개수를 초과하였습니다[1700:허용된 요청 개수를 초과하였습니다. API ID=kt00001]', 'return_code': 5}
2026-04-28 15:29:02,768 | WARNING | rate limit detected, backing off for 180 seconds
2026-04-28 15:32:37,513 | INFO | application stopped by user
